-- phpMyAdmin SQL Dump
-- version 5.2.0
-- https://www.phpmyadmin.net/
--
-- Host: 127.0.0.1
-- Generation Time: Feb 07, 2024 at 05:04 PM
-- Server version: 10.4.27-MariaDB
-- PHP Version: 8.2.0

SET SQL_MODE = "NO_AUTO_VALUE_ON_ZERO";
START TRANSACTION;
SET time_zone = "+00:00";


/*!40101 SET @OLD_CHARACTER_SET_CLIENT=@@CHARACTER_SET_CLIENT */;
/*!40101 SET @OLD_CHARACTER_SET_RESULTS=@@CHARACTER_SET_RESULTS */;
/*!40101 SET @OLD_COLLATION_CONNECTION=@@COLLATION_CONNECTION */;
/*!40101 SET NAMES utf8mb4 */;

--
-- Database: `laravel`
--

-- --------------------------------------------------------

--
-- Table structure for table `cache`
--

CREATE TABLE `cache` (
  `key` varchar(255) NOT NULL,
  `value` mediumtext NOT NULL,
  `expiration` int(11) NOT NULL
) ENGINE=InnoDB DEFAULT CHARSET=utf8mb4 COLLATE=utf8mb4_unicode_ci;

-- --------------------------------------------------------

--
-- Table structure for table `cache_locks`
--

CREATE TABLE `cache_locks` (
  `key` varchar(255) NOT NULL,
  `owner` varchar(255) NOT NULL,
  `expiration` int(11) NOT NULL
) ENGINE=InnoDB DEFAULT CHARSET=utf8mb4 COLLATE=utf8mb4_unicode_ci;

-- --------------------------------------------------------

--
-- Table structure for table `carts`
--

CREATE TABLE `carts` (
  `id` bigint(20) UNSIGNED NOT NULL,
  `product` varchar(255) NOT NULL,
  `qnty` int(11) DEFAULT NULL,
  `price` int(11) NOT NULL DEFAULT 0,
  `totalprice` int(11) NOT NULL DEFAULT 0,
  `description` varchar(255) NOT NULL,
  `purchased` int(11) NOT NULL DEFAULT 0,
  `category` varchar(255) NOT NULL,
  `product_id` bigint(20) UNSIGNED NOT NULL,
  `payment_id` bigint(20) UNSIGNED DEFAULT NULL,
  `customer_id` bigint(20) UNSIGNED DEFAULT NULL,
  `user_id` bigint(20) UNSIGNED NOT NULL,
  `created_at` timestamp NULL DEFAULT NULL,
  `updated_at` timestamp NULL DEFAULT NULL,
  `deleted_at` timestamp NULL DEFAULT NULL
) ENGINE=InnoDB DEFAULT CHARSET=utf8mb4 COLLATE=utf8mb4_unicode_ci;

--
-- Dumping data for table `carts`
--

INSERT INTO `carts` (`id`, `product`, `qnty`, `price`, `totalprice`, `description`, `purchased`, `category`, `product_id`, `payment_id`, `customer_id`, `user_id`, `created_at`, `updated_at`, `deleted_at`) VALUES
(1, 'Distinctio.', 4, 275, 1100, 'Quidem enim neque hic.', 0, 'Qrs72gsjGa', 380, 153, 40, 10, '2024-02-07 12:19:39', '2024-02-07 12:19:39', NULL),
(2, 'Etbeataesint.', 1, 220, 220, 'Repellat illo at quam et.', 1, '4z9mSD6fzr', 37, 120, 31, 7, '2024-02-07 12:19:39', '2024-02-07 12:19:39', NULL),
(3, 'Ipsumquaerat.', 1, 311, 311, 'Eum est dolorum et earum.', 1, 'F8ioxlh8VT', 321, 143, 7, 3, '2024-02-07 12:19:39', '2024-02-07 12:19:39', NULL),
(4, 'Dignissimos.', 4, 326, 1304, 'Non et dolorem in.', 1, '0mocKkZUwr', 157, 155, 8, 10, '2024-02-07 12:19:39', '2024-02-07 12:19:39', NULL),
(5, 'Aliquid.', 1, 327, 327, 'In soluta non earum.', 0, '2X4ye9PhIh', 297, 144, 3, 8, '2024-02-07 12:19:39', '2024-02-07 12:19:39', NULL),
(6, 'Exercitationem.', 4, 238, 952, 'Iure ex harum et.', 0, 'f3xiCdq81k', 285, 157, 40, 10, '2024-02-07 12:19:39', '2024-02-07 12:19:39', NULL),
(7, 'Corporisqui.', 4, 277, 1108, 'Libero officia sit nisi.', 0, '4z9mSD6fzr', 341, 154, 5, 3, '2024-02-07 12:19:39', '2024-02-07 12:19:39', NULL),
(8, 'Reiciendis.', 3, 310, 930, 'Est omnis magni et error.', 0, 'c8cv2wvB8l', 113, 101, 27, 2, '2024-02-07 12:19:39', '2024-02-07 12:19:39', NULL),
(9, 'Veritatiseos.', 4, 289, 1156, 'Ex unde et ea error ipsa.', 0, 'XDfFcXgT2G', 179, 140, 28, 3, '2024-02-07 12:19:39', '2024-02-07 12:19:39', NULL),
(10, 'Quosetneque.', 2, 278, 556, 'Harum rerum eius omnis.', 0, '4z9mSD6fzr', 341, 101, 7, 10, '2024-02-07 12:19:39', '2024-02-07 12:19:39', NULL),
(11, 'Beataemagnam.', 2, 309, 618, 'Eaque maxime est aut et.', 0, 'RWmotgOYvt', 347, 184, 23, 9, '2024-02-07 12:19:39', '2024-02-07 12:19:39', NULL),
(12, 'Aspernaturquo.', 2, 202, 404, 'Qui eveniet ut placeat.', 1, 'XDfFcXgT2G', 384, 120, 30, 5, '2024-02-07 12:19:39', '2024-02-07 12:19:39', NULL),
(13, 'Solutaquis.', 3, 378, 1134, 'Et ut aut provident vel.', 0, 'F8ioxlh8VT', 255, 146, 35, 4, '2024-02-07 12:19:39', '2024-02-07 12:19:39', NULL),
(14, 'Repellendus.', 4, 398, 1592, 'Ea dolor sunt autem aut.', 1, '2X4ye9PhIh', 346, 169, 24, 9, '2024-02-07 12:19:39', '2024-02-07 12:19:39', NULL),
(15, 'Autetaut.', 4, 328, 1312, 'Est aut minima earum.', 0, '2X4ye9PhIh', 43, 110, 36, 7, '2024-02-07 12:19:39', '2024-02-07 12:19:39', NULL),
(16, 'Deserunt.', 2, 233, 466, 'Omnis dicta sint et ut.', 0, 'k7MRmVY0X8', 286, 144, 20, 10, '2024-02-07 12:19:39', '2024-02-07 12:19:39', NULL),
(17, 'Doloreaestut.', 4, 358, 1432, 'Reiciendis a in ea neque.', 0, 'k7MRmVY0X8', 297, 189, 24, 8, '2024-02-07 12:19:39', '2024-02-07 12:19:39', NULL),
(18, 'Doloreaestut.', 3, 246, 738, 'Nisi illum facere id quo.', 1, '9BIOIxokpy', 43, 116, 36, 2, '2024-02-07 12:19:39', '2024-02-07 12:19:39', NULL),
(19, 'Aliquam.', 4, 262, 1048, 'Qui consequatur eum id.', 1, 'sUJN8HxgFg', 274, 112, 10, 4, '2024-02-07 12:19:39', '2024-02-07 12:19:39', NULL),
(20, 'Voluptatem.', 2, 213, 426, 'Dolorem quia quia non.', 1, 'Ns3an1ZfUF', 78, 114, 1, 7, '2024-02-07 12:19:39', '2024-02-07 12:19:39', NULL),
(21, 'Eaetcum.', 3, 302, 906, 'Sapiente ut quia quasi.', 0, 'MY16uYysyt', 391, 134, 1, 9, '2024-02-07 12:19:39', '2024-02-07 12:19:39', NULL),
(22, 'Estrem.', 4, 237, 948, 'Fugiat rem sit nihil.', 0, 'NejL4wgj4w', 162, 128, 10, 10, '2024-02-07 12:19:39', '2024-02-07 12:19:39', NULL),
(23, 'Corrupti.', 1, 333, 333, 'Aut eos non velit quo.', 0, 'RWmotgOYvt', 233, 138, 15, 4, '2024-02-07 12:19:39', '2024-02-07 12:19:39', NULL),
(24, 'Atquimagnam.', 4, 357, 1428, 'Illo totam omnis dolor.', 1, 'bEUYRWupM5', 398, 109, 14, 6, '2024-02-07 12:19:39', '2024-02-07 12:19:39', NULL),
(25, 'Assumenda.', 2, 303, 606, 'Illum ut et ut neque est.', 1, '4z9mSD6fzr', 415, 130, 17, 7, '2024-02-07 12:19:39', '2024-02-07 12:19:39', NULL),
(26, 'Hicsunt.', 3, 330, 990, 'Quo earum soluta autem.', 0, '9uzI7NiOao', 400, 125, 29, 9, '2024-02-07 12:19:39', '2024-02-07 12:19:39', NULL),
(27, 'Autlaborumquo.', 2, 340, 680, 'Modi velit rerum quasi.', 0, '9uzI7NiOao', 20, 134, 31, 1, '2024-02-07 12:19:39', '2024-02-07 12:19:39', NULL),
(28, 'Eumet.', 4, 282, 1128, 'Mollitia et nihil quo.', 1, 'f3xiCdq81k', 307, 195, 25, 9, '2024-02-07 12:19:39', '2024-02-07 12:19:39', NULL),
(29, 'Sitvoluptatem.', 2, 272, 544, 'Quas autem qui ut et.', 1, '9uzI7NiOao', 220, 174, 23, 2, '2024-02-07 12:19:39', '2024-02-07 12:19:39', NULL),
(30, 'Iureaperiam.', 1, 229, 229, 'Quia dolor sed et amet.', 1, 'bEUYRWupM5', 199, 186, 4, 2, '2024-02-07 12:19:39', '2024-02-07 12:19:39', NULL),
(31, 'Autetaut.', 2, 250, 500, 'Est qui ut explicabo.', 1, 'NejL4wgj4w', 134, 109, 30, 7, '2024-02-07 12:19:39', '2024-02-07 12:19:39', NULL),
(32, 'Nostrumqui.', 3, 326, 978, 'Odit vel sit et eos.', 0, 'bEUYRWupM5', 5, 188, 4, 8, '2024-02-07 12:19:39', '2024-02-07 12:19:39', NULL),
(33, 'Debitis.', 4, 303, 1212, 'Non occaecati rerum quos.', 0, '8FWOY90d3u', 406, 111, 16, 2, '2024-02-07 12:19:39', '2024-02-07 12:19:39', NULL),
(34, 'Enimnatus.', 4, 227, 908, 'Modi molestiae ut id et.', 0, 'sUJN8HxgFg', 285, 193, 40, 10, '2024-02-07 12:19:39', '2024-02-07 12:19:39', NULL),
(35, 'Voluptate.', 1, 241, 241, 'Optio vel nemo officiis.', 0, 'wbGnntQmil', 251, 131, 3, 1, '2024-02-07 12:19:39', '2024-02-07 12:19:39', NULL),
(36, 'Velitdeleniti.', 2, 327, 654, 'Dolor ex qui ad autem.', 0, 'c8cv2wvB8l', 322, 176, 20, 3, '2024-02-07 12:19:39', '2024-02-07 12:19:39', NULL),
(37, 'Utvoluptate.', 2, 303, 606, 'Est et rerum ut.', 0, 'sUJN8HxgFg', 124, 190, 6, 1, '2024-02-07 12:19:39', '2024-02-07 12:19:39', NULL),
(38, 'Nullaprovident.', 3, 341, 1023, 'Qui cum sunt ad.', 0, 'Ns3an1ZfUF', 61, 120, 15, 4, '2024-02-07 12:19:39', '2024-02-07 12:19:39', NULL),
(39, 'Blanditiis.', 3, 389, 1167, 'Sunt sint dicta qui.', 1, '9BIOIxokpy', 365, 133, 6, 6, '2024-02-07 12:19:39', '2024-02-07 12:19:39', NULL),
(40, 'Pariatur.', 3, 250, 750, 'Non itaque cum saepe.', 0, 'F8ioxlh8VT', 82, 104, 38, 1, '2024-02-07 12:19:39', '2024-02-07 12:19:39', NULL),
(41, 'Eosvoluptates.', 4, 285, 1140, 'Quidem et explicabo iure.', 1, 'RWmotgOYvt', 339, 122, 27, 2, '2024-02-07 12:19:39', '2024-02-07 12:19:39', NULL),
(42, 'Assumenda.', 2, 399, 798, 'Rerum molestiae illo qui.', 0, '4z9mSD6fzr', 366, 197, 3, 7, '2024-02-07 12:19:39', '2024-02-07 12:19:39', NULL),
(43, 'Quosetneque.', 1, 298, 298, 'Dolorem illum qui in.', 0, 'Ns3an1ZfUF', 410, 120, 8, 5, '2024-02-07 12:19:39', '2024-02-07 12:19:39', NULL),
(44, 'Autemexpedita.', 4, 333, 1332, 'Qui nam iste earum.', 0, 'RWmotgOYvt', 25, 109, 28, 9, '2024-02-07 12:19:39', '2024-02-07 12:19:39', NULL),
(45, 'Doloreaestut.', 3, 255, 765, 'Aut a molestiae delectus.', 0, 'MY16uYysyt', 216, 187, 6, 1, '2024-02-07 12:19:39', '2024-02-07 12:19:39', NULL),
(46, 'Architecto.', 1, 394, 394, 'Ad est est suscipit.', 1, 'QydRVo7tLd', 15, 107, 1, 5, '2024-02-07 12:19:39', '2024-02-07 12:19:39', NULL),
(47, 'Quisintut.', 2, 344, 688, 'Fugiat impedit ut vel.', 0, 'c8cv2wvB8l', 298, 177, 12, 1, '2024-02-07 12:19:39', '2024-02-07 12:19:39', NULL),
(48, 'Sitarchitecto.', 3, 263, 789, 'In et deserunt ratione.', 1, 'c8cv2wvB8l', 115, 162, 30, 6, '2024-02-07 12:19:39', '2024-02-07 12:19:39', NULL),
(49, 'Sitsimilique.', 1, 263, 263, 'Ipsam quos non quod.', 1, 'NejL4wgj4w', 260, 179, 23, 4, '2024-02-07 12:19:39', '2024-02-07 12:19:39', NULL),
(50, 'Ullamsuntut.', 3, 248, 744, 'Earum quod ut id.', 1, 'wbGnntQmil', 379, 112, 32, 3, '2024-02-07 12:19:39', '2024-02-07 12:19:39', NULL),
(51, 'Velitdeleniti.', 4, 284, 1136, 'Saepe omnis minima porro.', 0, 'sUJN8HxgFg', 113, 121, 37, 3, '2024-02-07 12:19:39', '2024-02-07 12:19:39', NULL),
(52, 'Delectusqui.', 4, 228, 912, 'Sed et sit dolor velit.', 0, 'NejL4wgj4w', 283, 169, 10, 6, '2024-02-07 12:19:39', '2024-02-07 12:19:39', NULL),
(53, 'Culpaexpedita.', 4, 296, 1184, 'Vel est ut omnis natus.', 0, 'QydRVo7tLd', 281, 182, 12, 9, '2024-02-07 12:19:39', '2024-02-07 12:19:39', NULL),
(54, 'Quiadipisci.', 2, 235, 470, 'Dolor ullam quia debitis.', 1, 'wbGnntQmil', 195, 103, 7, 9, '2024-02-07 12:19:39', '2024-02-07 12:19:39', NULL),
(55, 'Aperiamvero.', 1, 350, 350, 'Dolores et qui est.', 1, 'NejL4wgj4w', 342, 172, 11, 9, '2024-02-07 12:19:39', '2024-02-07 12:19:39', NULL),
(56, 'Quisintut.', 4, 332, 1328, 'Sunt qui dolor et fuga.', 1, '8FWOY90d3u', 170, 148, 17, 1, '2024-02-07 12:19:39', '2024-02-07 12:19:39', NULL),
(57, 'Quiavoluptates.', 4, 275, 1100, 'Nobis et est ut.', 0, 'wbGnntQmil', 237, 128, 40, 6, '2024-02-07 12:19:39', '2024-02-07 12:19:39', NULL),
(58, 'Eveniet.', 3, 390, 1170, 'Sed molestiae rerum aut.', 0, '2X4ye9PhIh', 29, 195, 6, 9, '2024-02-07 12:19:39', '2024-02-07 12:19:39', NULL),
(59, 'Fugiatquod.', 2, 227, 454, 'Illo eius aut voluptatem.', 1, 'sUJN8HxgFg', 379, 192, 12, 4, '2024-02-07 12:19:39', '2024-02-07 12:19:39', NULL),
(60, 'Praesentiumaut.', 2, 312, 624, 'Accusamus quia sed et.', 1, '8FWOY90d3u', 229, 175, 10, 5, '2024-02-07 12:19:39', '2024-02-07 12:19:39', NULL),
(61, 'Veroeum.', 1, 267, 267, 'Facere earum vel qui.', 1, 'Ns3an1ZfUF', 366, 199, 13, 4, '2024-02-07 12:19:39', '2024-02-07 12:19:39', NULL),
(62, 'Remetvel.', 2, 296, 592, 'Odit ut quod corrupti.', 0, 'sUJN8HxgFg', 332, 172, 34, 8, '2024-02-07 12:19:39', '2024-02-07 12:19:39', NULL),
(63, 'Itaquequiaet.', 4, 313, 1252, 'Vel eum omnis ipsam.', 0, '2X4ye9PhIh', 394, 165, 18, 10, '2024-02-07 12:19:39', '2024-02-07 12:19:39', NULL),
(64, 'Illumillum.', 2, 256, 512, 'Et aut dolore quo.', 1, '2X4ye9PhIh', 275, 107, 21, 1, '2024-02-07 12:19:39', '2024-02-07 12:19:39', NULL),
(65, 'Delectuseius.', 1, 322, 322, 'Ut neque error ut quo.', 0, '9BIOIxokpy', 42, 143, 34, 3, '2024-02-07 12:19:39', '2024-02-07 12:19:39', NULL),
(66, 'Autsaepe.', 2, 220, 440, 'Et aut sit et velit.', 0, 'bEUYRWupM5', 80, 194, 6, 8, '2024-02-07 12:19:39', '2024-02-07 12:19:39', NULL),
(67, 'Utquodet.', 1, 265, 265, 'Alias ut ut quis dolorum.', 1, '4z9mSD6fzr', 361, 141, 22, 10, '2024-02-07 12:19:39', '2024-02-07 12:19:39', NULL),
(68, 'Utestmagnam.', 3, 357, 1071, 'Quia harum et omnis ea.', 0, 'XDfFcXgT2G', 91, 123, 38, 8, '2024-02-07 12:19:39', '2024-02-07 12:19:39', NULL),
(69, 'Nihilipsa.', 4, 256, 1024, 'Sint quis id incidunt et.', 1, 'MY16uYysyt', 178, 193, 23, 3, '2024-02-07 12:19:39', '2024-02-07 12:19:39', NULL),
(70, 'Nonpossimus.', 1, 227, 227, 'Quis quae et ipsa minus.', 0, '8FWOY90d3u', 255, 197, 29, 2, '2024-02-07 12:19:39', '2024-02-07 12:19:39', NULL),
(71, 'Debitis.', 2, 248, 496, 'Nisi culpa nulla ut.', 1, 'k7MRmVY0X8', 284, 107, 29, 5, '2024-02-07 12:19:39', '2024-02-07 12:19:39', NULL),
(72, 'Quissapiente.', 2, 302, 604, 'Error rerum quo id et.', 1, '8FWOY90d3u', 229, 142, 24, 2, '2024-02-07 12:19:39', '2024-02-07 12:19:39', NULL),
(73, 'Asperioresnisi.', 1, 342, 342, 'Quia a et velit saepe.', 1, '8FWOY90d3u', 24, 193, 6, 7, '2024-02-07 12:19:39', '2024-02-07 12:19:39', NULL),
(74, 'Itaquequiaet.', 4, 387, 1548, 'Nemo sit sed voluptas.', 1, '9BIOIxokpy', 4, 136, 26, 4, '2024-02-07 12:19:39', '2024-02-07 12:19:39', NULL),
(75, 'Deserunt.', 3, 312, 936, 'Aut quidem dolorum ullam.', 1, '9BIOIxokpy', 195, 102, 22, 2, '2024-02-07 12:19:39', '2024-02-07 12:19:39', NULL),
(76, 'Velitdeleniti.', 4, 322, 1288, 'Non cupiditate et porro.', 0, 'c8cv2wvB8l', 324, 105, 14, 10, '2024-02-07 12:19:39', '2024-02-07 12:19:39', NULL),
(77, 'Quosetneque.', 1, 380, 380, 'Sed facere sed quos et.', 0, 'NejL4wgj4w', 302, 119, 33, 2, '2024-02-07 12:19:39', '2024-02-07 12:19:39', NULL),
(78, 'Molestiae.', 2, 356, 712, 'Id ullam ut qui.', 1, '4z9mSD6fzr', 39, 181, 39, 4, '2024-02-07 12:19:39', '2024-02-07 12:19:39', NULL),
(79, 'Idullam.', 1, 398, 398, 'Nisi est eos rerum.', 0, '8FWOY90d3u', 223, 146, 8, 5, '2024-02-07 12:19:39', '2024-02-07 12:19:39', NULL),
(80, 'Sintvel.', 1, 285, 285, 'Sint qui ut in culpa.', 1, 'MY16uYysyt', 231, 189, 5, 3, '2024-02-07 12:19:39', '2024-02-07 12:19:39', NULL),
(81, 'Commodifacere.', 1, 258, 258, 'Quia et hic qui rerum.', 1, 'Qrs72gsjGa', 253, 107, 19, 5, '2024-02-07 12:19:39', '2024-02-07 12:19:39', NULL),
(82, 'Maioresnobis.', 2, 306, 612, 'Quis autem iste voluptas.', 1, 'k7MRmVY0X8', 26, 170, 4, 1, '2024-02-07 12:19:39', '2024-02-07 12:19:39', NULL),
(83, 'Estdolores.', 4, 226, 904, 'Eum nobis itaque ut.', 1, 'XDfFcXgT2G', 386, 130, 15, 4, '2024-02-07 12:19:39', '2024-02-07 12:19:39', NULL),
(84, 'Magnisit.', 2, 266, 532, 'Et fugit sunt a eveniet.', 0, 'bEUYRWupM5', 235, 141, 27, 2, '2024-02-07 12:19:39', '2024-02-07 12:19:39', NULL),
(85, 'Minuseligendi.', 4, 254, 1016, 'Et porro facere ab aut.', 0, '2X4ye9PhIh', 333, 116, 21, 4, '2024-02-07 12:19:39', '2024-02-07 12:19:39', NULL),
(86, 'Quossoluta.', 3, 309, 927, 'Quo et qui magni sint.', 0, 'Qrs72gsjGa', 246, 157, 37, 8, '2024-02-07 12:19:39', '2024-02-07 12:19:39', NULL),
(87, 'Eaetcum.', 2, 209, 418, 'Amet qui qui facere.', 0, 'NejL4wgj4w', 114, 138, 22, 8, '2024-02-07 12:19:39', '2024-02-07 12:19:39', NULL),
(88, 'Omnisexcepturi.', 4, 366, 1464, 'Odit qui itaque qui ad.', 0, 'k7MRmVY0X8', 44, 121, 27, 4, '2024-02-07 12:19:39', '2024-02-07 12:19:39', NULL),
(89, 'Eumet.', 1, 271, 271, 'Harum qui non aut.', 1, 'XDfFcXgT2G', 194, 189, 8, 8, '2024-02-07 12:19:39', '2024-02-07 12:19:39', NULL),
(90, 'Ipsumculpaex.', 2, 212, 424, 'Quia beatae et dolorem.', 0, 'Ns3an1ZfUF', 136, 182, 10, 8, '2024-02-07 12:19:39', '2024-02-07 12:19:39', NULL),
(91, 'Sitnihil.', 4, 275, 1100, 'Qui id alias reiciendis.', 1, 'F8ioxlh8VT', 136, 146, 31, 9, '2024-02-07 12:19:39', '2024-02-07 12:19:39', NULL),
(92, 'Ullamrerum.', 2, 352, 704, 'Illum rem est quisquam.', 0, 'Ns3an1ZfUF', 402, 185, 6, 2, '2024-02-07 12:19:39', '2024-02-07 12:19:39', NULL),
(93, 'Quosed.', 3, 270, 810, 'Harum ab et porro esse.', 0, 'c8cv2wvB8l', 153, 186, 33, 4, '2024-02-07 12:19:39', '2024-02-07 12:19:39', NULL),
(94, 'Rerumadsint.', 4, 294, 1176, 'Quia est eum quidem esse.', 0, 'wbGnntQmil', 318, 176, 14, 5, '2024-02-07 12:19:39', '2024-02-07 12:19:39', NULL),
(95, 'Occaecatiin.', 2, 330, 660, 'Nisi nihil ut quos ea.', 1, 'c8cv2wvB8l', 105, 120, 33, 2, '2024-02-07 12:19:39', '2024-02-07 12:19:39', NULL),
(96, 'Etcupiditate.', 3, 337, 1011, 'Hic animi rerum magnam.', 0, 'sUJN8HxgFg', 146, 176, 13, 3, '2024-02-07 12:19:39', '2024-02-07 12:19:39', NULL),
(97, 'Etaccusamus.', 4, 385, 1540, 'Minus odit nobis tempore.', 1, 'c8cv2wvB8l', 362, 120, 9, 7, '2024-02-07 12:19:39', '2024-02-07 12:19:39', NULL),
(98, 'Quisquamrerum.', 3, 244, 732, 'Commodi non debitis sed.', 0, 'F8ioxlh8VT', 382, 170, 10, 1, '2024-02-07 12:19:39', '2024-02-07 12:19:39', NULL),
(99, 'Voluptate.', 3, 390, 1170, 'Quo quidem ex sapiente.', 0, 'Qrs72gsjGa', 205, 192, 23, 4, '2024-02-07 12:19:39', '2024-02-07 12:19:39', NULL),
(100, 'Cupiditatesit.', 1, 327, 327, 'Est qui qui quo sint.', 1, 'sUJN8HxgFg', 266, 152, 28, 6, '2024-02-07 12:19:39', '2024-02-07 12:19:39', NULL),
(101, 'Velitvitae.', 3, 234, 702, 'Est ex non sit.', 0, 'QydRVo7tLd', 141, 185, 35, 4, '2024-02-07 12:19:39', '2024-02-07 12:19:39', NULL),
(102, 'Sitsimilique.', 3, 240, 720, 'Ut voluptas adipisci hic.', 0, 'c8cv2wvB8l', 149, 169, 29, 5, '2024-02-07 12:19:39', '2024-02-07 12:19:39', NULL),
(103, 'Autemplaceat.', 1, 237, 237, 'Vero sint eveniet itaque.', 1, 'sUJN8HxgFg', 13, 191, 30, 4, '2024-02-07 12:19:39', '2024-02-07 12:19:39', NULL),
(104, 'Dolorumtotam.', 3, 304, 912, 'Ut aut quis eum eum ad.', 0, 'F8ioxlh8VT', 277, 147, 9, 10, '2024-02-07 12:19:39', '2024-02-07 12:19:39', NULL),
(105, 'Etmodinon.', 1, 270, 270, 'Iste magni dicta sit eos.', 0, 'QydRVo7tLd', 318, 163, 23, 2, '2024-02-07 12:19:39', '2024-02-07 12:19:39', NULL),
(106, 'Aliquam.', 4, 292, 1168, 'Nemo aut quas ipsam sed.', 1, '4z9mSD6fzr', 18, 177, 31, 1, '2024-02-07 12:19:39', '2024-02-07 12:19:39', NULL),
(107, 'Idautem.', 3, 386, 1158, 'Quas eum dolorum aut.', 0, 'RWmotgOYvt', 178, 193, 31, 2, '2024-02-07 12:19:39', '2024-02-07 12:19:39', NULL),
(108, 'Delectusqui.', 4, 333, 1332, 'Totam dolore quas animi.', 0, 'c8cv2wvB8l', 184, 137, 24, 8, '2024-02-07 12:19:39', '2024-02-07 12:19:39', NULL),
(109, 'Sintetquaset.', 1, 358, 358, 'Pariatur aut id ipsa.', 1, 'F8ioxlh8VT', 34, 105, 33, 1, '2024-02-07 12:19:39', '2024-02-07 12:19:39', NULL),
(110, 'Autnihilqui.', 1, 359, 359, 'Ipsa quas dolorum enim.', 1, 'XDfFcXgT2G', 408, 113, 37, 6, '2024-02-07 12:19:39', '2024-02-07 12:19:39', NULL),
(111, 'Idquaerat.', 3, 208, 624, 'Facere ea sed maiores.', 1, '4z9mSD6fzr', 220, 153, 25, 7, '2024-02-07 12:19:39', '2024-02-07 12:19:39', NULL),
(112, 'Etquae.', 3, 358, 1074, 'Aut ea rerum vitae nam.', 1, 'sUJN8HxgFg', 157, 128, 22, 2, '2024-02-07 12:19:39', '2024-02-07 12:19:39', NULL),
(113, 'Etmodinon.', 3, 333, 999, 'Nulla sint minus sit.', 0, '4z9mSD6fzr', 10, 178, 5, 8, '2024-02-07 12:19:39', '2024-02-07 12:19:39', NULL),
(114, 'Utquamdebitis.', 3, 365, 1095, 'Accusantium ut et enim.', 1, 'XDfFcXgT2G', 405, 108, 38, 7, '2024-02-07 12:19:39', '2024-02-07 12:19:39', NULL),
(115, 'Rerumetatet.', 2, 276, 552, 'Nulla animi nam cum.', 1, 'MY16uYysyt', 1, 107, 6, 10, '2024-02-07 12:19:39', '2024-02-07 12:19:39', NULL),
(116, 'Asequialiquam.', 3, 251, 753, 'Id sit non ut est.', 0, 'wbGnntQmil', 151, 110, 12, 2, '2024-02-07 12:19:39', '2024-02-07 12:19:39', NULL),
(117, 'Exercitationem.', 4, 225, 900, 'Et non quia odit.', 1, 'sUJN8HxgFg', 115, 131, 33, 3, '2024-02-07 12:19:39', '2024-02-07 12:19:39', NULL),
(118, 'Etmodinon.', 3, 307, 921, 'Ab ut aliquid qui quia.', 0, '9BIOIxokpy', 2, 124, 7, 9, '2024-02-07 12:19:39', '2024-02-07 12:19:39', NULL),
(119, 'Quaerat.', 2, 314, 628, 'Eaque sit est vel veniam.', 1, 'k7MRmVY0X8', 305, 128, 24, 7, '2024-02-07 12:19:39', '2024-02-07 12:19:39', NULL),
(120, 'Nobisnamut.', 1, 295, 295, 'In ab earum ratione.', 0, '0mocKkZUwr', 250, 169, 17, 5, '2024-02-07 12:19:39', '2024-02-07 12:19:39', NULL),
(121, 'Rationeeos.', 2, 257, 514, 'At ad nihil ducimus iure.', 0, 'QydRVo7tLd', 381, 160, 10, 2, '2024-02-07 12:19:39', '2024-02-07 12:19:39', NULL),
(122, 'Sapiente.', 1, 356, 356, 'In alias qui quo ducimus.', 1, 'F8ioxlh8VT', 55, 194, 32, 7, '2024-02-07 12:19:39', '2024-02-07 12:19:39', NULL),
(123, 'Etetdolores.', 2, 292, 584, 'Et unde eum laudantium.', 0, 'F8ioxlh8VT', 66, 189, 11, 4, '2024-02-07 12:19:39', '2024-02-07 12:19:39', NULL),
(124, 'Quisintut.', 4, 211, 844, 'Eaque id ut voluptatem.', 0, 'NejL4wgj4w', 93, 163, 33, 6, '2024-02-07 12:19:39', '2024-02-07 12:19:39', NULL),
(125, 'Commodifugiat.', 3, 248, 744, 'Optio odio aut velit.', 1, 'sUJN8HxgFg', 259, 151, 19, 8, '2024-02-07 12:19:39', '2024-02-07 12:19:39', NULL),
(126, 'Eumet.', 3, 386, 1158, 'A non quae culpa.', 0, 'QydRVo7tLd', 23, 165, 26, 1, '2024-02-07 12:19:39', '2024-02-07 12:19:39', NULL),
(127, 'Nostrumqui.', 4, 359, 1436, 'Velit tempora est et.', 0, 'NejL4wgj4w', 100, 172, 19, 1, '2024-02-07 12:19:39', '2024-02-07 12:19:39', NULL),
(128, 'Quascorrupti.', 1, 288, 288, 'Aut aut velit quo.', 1, 'sUJN8HxgFg', 326, 166, 22, 9, '2024-02-07 12:19:39', '2024-02-07 12:19:39', NULL),
(129, 'Mollitia.', 2, 339, 678, 'Nisi nemo quisquam nemo.', 0, 'QydRVo7tLd', 409, 114, 15, 1, '2024-02-07 12:19:39', '2024-02-07 12:19:39', NULL),
(130, 'Nihilnon.', 2, 218, 436, 'Corporis modi sed vitae.', 0, 'f3xiCdq81k', 78, 175, 34, 10, '2024-02-07 12:19:39', '2024-02-07 12:19:39', NULL),
(131, 'Quibusdamquia.', 4, 264, 1056, 'Itaque ea enim modi.', 1, '2X4ye9PhIh', 261, 132, 16, 3, '2024-02-07 12:19:39', '2024-02-07 12:19:39', NULL),
(132, 'Sitmolestiae.', 2, 204, 408, 'Quos nihil itaque et.', 0, 'Ns3an1ZfUF', 286, 136, 20, 6, '2024-02-07 12:19:39', '2024-02-07 12:19:39', NULL),
(133, 'Enimlaudantium.', 2, 345, 690, 'Non tenetur aut amet.', 1, '9uzI7NiOao', 185, 184, 19, 10, '2024-02-07 12:19:39', '2024-02-07 12:19:39', NULL),
(134, 'Quodquae.', 4, 336, 1344, 'Laboriosam dolore quo ut.', 0, '9BIOIxokpy', 247, 114, 11, 7, '2024-02-07 12:19:39', '2024-02-07 12:19:39', NULL),
(135, 'Nobisnamut.', 2, 303, 606, 'Quo consequatur qui eius.', 1, 'F8ioxlh8VT', 343, 116, 9, 1, '2024-02-07 12:19:39', '2024-02-07 12:19:39', NULL),
(136, 'Doloribus.', 3, 234, 702, 'Sunt rerum ipsam amet et.', 1, 'F8ioxlh8VT', 344, 139, 33, 9, '2024-02-07 12:19:39', '2024-02-07 12:19:39', NULL),
(137, 'Culpaplaceat.', 4, 258, 1032, 'Cum suscipit sed et.', 1, 'F8ioxlh8VT', 192, 149, 6, 3, '2024-02-07 12:19:39', '2024-02-07 12:19:39', NULL),
(138, 'Distinctio.', 2, 370, 740, 'Eaque animi et quibusdam.', 1, 'Qrs72gsjGa', 286, 128, 32, 2, '2024-02-07 12:19:39', '2024-02-07 12:19:39', NULL),
(139, 'Ipsum.', 4, 210, 840, 'Eum dolore sit ut.', 0, 'RWmotgOYvt', 262, 194, 40, 7, '2024-02-07 12:19:39', '2024-02-07 12:19:39', NULL),
(140, 'Harumearum.', 3, 269, 807, 'Quasi facere et veniam.', 0, '0mocKkZUwr', 383, 187, 37, 6, '2024-02-07 12:19:39', '2024-02-07 12:19:39', NULL),
(141, 'Dolorvoluptate.', 3, 235, 705, 'Quas iste unde et quia.', 1, 'QydRVo7tLd', 14, 155, 18, 5, '2024-02-07 12:19:39', '2024-02-07 12:19:39', NULL),
(142, 'Errorullamqui.', 2, 271, 542, 'Dolor et unde est.', 0, '9BIOIxokpy', 261, 111, 10, 5, '2024-02-07 12:19:39', '2024-02-07 12:19:39', NULL),
(143, 'Idillorerum.', 4, 368, 1472, 'Commodi saepe dolores et.', 0, '9uzI7NiOao', 165, 193, 26, 4, '2024-02-07 12:19:39', '2024-02-07 12:19:39', NULL),
(144, 'Sitsimilique.', 1, 250, 250, 'Aliquid hic sint quod.', 0, '0mocKkZUwr', 51, 130, 3, 4, '2024-02-07 12:19:39', '2024-02-07 12:19:39', NULL),
(145, 'Magnisit.', 2, 215, 430, 'Non autem unde explicabo.', 0, '0mocKkZUwr', 243, 174, 37, 3, '2024-02-07 12:19:39', '2024-02-07 12:19:39', NULL),
(146, 'Iustoitaque.', 3, 250, 750, 'Eum et qui illum ducimus.', 1, '9uzI7NiOao', 36, 180, 21, 3, '2024-02-07 12:19:39', '2024-02-07 12:19:39', NULL),
(147, 'Autemplaceat.', 1, 364, 364, 'In et cumque architecto.', 1, 'f3xiCdq81k', 37, 179, 13, 8, '2024-02-07 12:19:39', '2024-02-07 12:19:39', NULL),
(148, 'Explicabo.', 4, 373, 1492, 'In beatae odio illo.', 1, 'k7MRmVY0X8', 129, 156, 9, 5, '2024-02-07 12:19:39', '2024-02-07 12:19:39', NULL),
(149, 'Etmolestias.', 1, 361, 361, 'Et laudantium aut enim.', 1, 'c8cv2wvB8l', 153, 143, 8, 8, '2024-02-07 12:19:39', '2024-02-07 12:19:39', NULL),
(150, 'Eumutfacere.', 2, 393, 786, 'Neque molestiae et quia.', 1, 'MY16uYysyt', 185, 147, 23, 7, '2024-02-07 12:19:39', '2024-02-07 12:19:39', NULL),
(151, 'Incidunt.', 4, 232, 928, 'Quos aut rem et eaque.', 1, 'Ns3an1ZfUF', 305, 108, 12, 5, '2024-02-07 12:19:39', '2024-02-07 12:19:39', NULL),
(152, 'Fugiatomnis.', 1, 225, 225, 'Culpa quia a recusandae.', 1, 'MY16uYysyt', 296, 198, 23, 5, '2024-02-07 12:19:39', '2024-02-07 12:19:39', NULL),
(153, 'Minima.', 4, 276, 1104, 'Omnis qui quia omnis.', 0, 'c8cv2wvB8l', 357, 167, 27, 4, '2024-02-07 12:19:39', '2024-02-07 12:19:39', NULL),
(154, 'Fugitquodet.', 3, 379, 1137, 'At iste est eos est.', 0, '8FWOY90d3u', 91, 140, 36, 8, '2024-02-07 12:19:39', '2024-02-07 12:19:39', NULL),
(155, 'Repudiandae.', 4, 291, 1164, 'In quis ab voluptatem.', 0, 'sUJN8HxgFg', 319, 103, 32, 10, '2024-02-07 12:19:39', '2024-02-07 12:19:39', NULL),
(156, 'Ametducimus.', 2, 252, 504, 'Neque quia rerum et.', 0, '2X4ye9PhIh', 159, 192, 14, 4, '2024-02-07 12:19:39', '2024-02-07 12:19:39', NULL),
(157, 'Voluptate.', 1, 315, 315, 'Ut quia facere ipsam.', 1, 'QydRVo7tLd', 310, 152, 31, 4, '2024-02-07 12:19:39', '2024-02-07 12:19:39', NULL),
(158, 'Repellendus.', 4, 346, 1384, 'Aut aut soluta et rem.', 1, 'k7MRmVY0X8', 350, 184, 3, 9, '2024-02-07 12:19:39', '2024-02-07 12:19:39', NULL),
(159, 'Harumcommodi.', 3, 311, 933, 'Libero cumque sit aut.', 1, 'c8cv2wvB8l', 105, 167, 17, 5, '2024-02-07 12:19:39', '2024-02-07 12:19:39', NULL),
(160, 'Omniscommodi.', 3, 313, 939, 'Nihil praesentium qui a.', 0, 'c8cv2wvB8l', 335, 181, 18, 7, '2024-02-07 12:19:39', '2024-02-07 12:19:39', NULL),
(161, 'Verosapiente.', 4, 288, 1152, 'Et aut neque velit et.', 1, 'c8cv2wvB8l', 46, 106, 3, 6, '2024-02-07 12:19:39', '2024-02-07 12:19:39', NULL),
(162, 'Saepeharum.', 4, 281, 1124, 'Ut suscipit quo veniam.', 0, 'Qrs72gsjGa', 10, 188, 19, 1, '2024-02-07 12:19:39', '2024-02-07 12:19:39', NULL),
(163, 'Vitaemagnam.', 1, 283, 283, 'Nihil id nihil in aut.', 1, '0mocKkZUwr', 377, 122, 28, 2, '2024-02-07 12:19:39', '2024-02-07 12:19:39', NULL),
(164, 'Beataemagnam.', 1, 310, 310, 'Debitis aut sed sunt.', 0, 'XDfFcXgT2G', 43, 146, 31, 9, '2024-02-07 12:19:39', '2024-02-07 12:19:39', NULL),
(165, 'Debitissitrem.', 4, 380, 1520, 'Quis amet sint nam.', 0, 'Ns3an1ZfUF', 269, 163, 7, 4, '2024-02-07 12:19:39', '2024-02-07 12:19:39', NULL),
(166, 'Autsaepe.', 2, 388, 776, 'Est adipisci sit harum.', 1, 'RWmotgOYvt', 164, 178, 17, 3, '2024-02-07 12:19:39', '2024-02-07 12:19:39', NULL),
(167, 'Commodiest.', 1, 218, 218, 'Et deleniti in voluptas.', 0, '9BIOIxokpy', 324, 100, 7, 8, '2024-02-07 12:19:39', '2024-02-07 12:19:39', NULL),
(168, 'Undedoloremque.', 4, 298, 1192, 'Sit quibusdam et ab non.', 0, 'sUJN8HxgFg', 353, 170, 15, 7, '2024-02-07 12:19:39', '2024-02-07 12:19:39', NULL),
(169, 'Ametet.', 4, 323, 1292, 'Iure atque quos eos qui.', 1, '2X4ye9PhIh', 322, 148, 32, 2, '2024-02-07 12:19:39', '2024-02-07 12:19:39', NULL),
(170, 'Quibusdamquia.', 4, 312, 1248, 'Et sequi qui dolorem.', 0, 'sUJN8HxgFg', 409, 133, 26, 6, '2024-02-07 12:19:39', '2024-02-07 12:19:39', NULL),
(171, 'Ipsum.', 2, 319, 638, 'Vel quae ipsum assumenda.', 0, 'XDfFcXgT2G', 370, 120, 11, 7, '2024-02-07 12:19:39', '2024-02-07 12:19:39', NULL),
(172, 'Quidoloremque.', 4, 257, 1028, 'Rerum corrupti amet sed.', 0, 'F8ioxlh8VT', 268, 100, 1, 9, '2024-02-07 12:19:39', '2024-02-07 12:19:39', NULL),
(173, 'Aliquambeatae.', 2, 374, 748, 'Vel ut in inventore.', 1, 'F8ioxlh8VT', 100, 141, 13, 9, '2024-02-07 12:19:39', '2024-02-07 12:19:39', NULL),
(174, 'Quasutomnis.', 4, 207, 828, 'Aperiam esse eaque ipsam.', 0, 'XDfFcXgT2G', 156, 106, 22, 5, '2024-02-07 12:19:39', '2024-02-07 12:19:39', NULL),
(175, 'Deserunt.', 1, 239, 239, 'Et ex natus nemo sit.', 0, 'NejL4wgj4w', 359, 109, 11, 1, '2024-02-07 12:19:39', '2024-02-07 12:19:39', NULL),
(176, 'Providentvero.', 2, 264, 528, 'In aperiam natus sit.', 1, 'f3xiCdq81k', 29, 125, 17, 6, '2024-02-07 12:19:39', '2024-02-07 12:19:39', NULL),
(177, 'Autnesciunt.', 2, 239, 478, 'Ea fugit omnis et.', 1, 'sUJN8HxgFg', 411, 197, 20, 5, '2024-02-07 12:19:39', '2024-02-07 12:19:39', NULL),
(178, 'Utestmagnam.', 2, 225, 450, 'Dicta ad nisi eius.', 0, 'f3xiCdq81k', 94, 114, 31, 3, '2024-02-07 12:19:39', '2024-02-07 12:19:39', NULL),
(179, 'Veroeum.', 4, 279, 1116, 'Et ut fugit iure.', 0, 'f3xiCdq81k', 231, 178, 3, 8, '2024-02-07 12:19:39', '2024-02-07 12:19:39', NULL),
(180, 'Fugiatrerum.', 1, 327, 327, 'Natus velit aut ex quasi.', 0, 'f3xiCdq81k', 42, 150, 17, 4, '2024-02-07 12:19:39', '2024-02-07 12:19:39', NULL),
(181, 'Debitis.', 1, 267, 267, 'Vel ipsa id soluta omnis.', 0, '9BIOIxokpy', 94, 115, 21, 5, '2024-02-07 12:19:39', '2024-02-07 12:19:39', NULL),
(182, 'Necessitatibus.', 2, 315, 630, 'Nobis et aut cum omnis.', 0, 'c8cv2wvB8l', 370, 127, 37, 1, '2024-02-07 12:19:39', '2024-02-07 12:19:39', NULL),
(183, 'Praesentiuma.', 3, 326, 978, 'Iusto id enim autem.', 1, 'k7MRmVY0X8', 255, 188, 35, 3, '2024-02-07 12:19:39', '2024-02-07 12:19:39', NULL),
(184, 'Eosvoluptates.', 4, 223, 892, 'Ab dolorem sint et nihil.', 0, 'c8cv2wvB8l', 191, 162, 6, 2, '2024-02-07 12:19:39', '2024-02-07 12:19:39', NULL),
(185, 'Istequia.', 1, 204, 204, 'Iure ut beatae harum.', 0, '9uzI7NiOao', 260, 145, 23, 6, '2024-02-07 12:19:39', '2024-02-07 12:19:39', NULL),
(186, 'Nonomnis.', 2, 266, 532, 'Ut blanditiis ab officia.', 0, 'f3xiCdq81k', 82, 140, 33, 8, '2024-02-07 12:19:39', '2024-02-07 12:19:39', NULL),
(187, 'Quibusdameum.', 1, 355, 355, 'Quod et sit et voluptas.', 1, 'c8cv2wvB8l', 321, 167, 11, 6, '2024-02-07 12:19:39', '2024-02-07 12:19:39', NULL),
(188, 'Minima.', 4, 343, 1372, 'Sit rerum vel fugit est.', 1, 'QydRVo7tLd', 326, 115, 8, 4, '2024-02-07 12:19:39', '2024-02-07 12:19:39', NULL),
(189, 'Culpaexpedita.', 2, 216, 432, 'Error est est ut qui.', 0, '2X4ye9PhIh', 86, 174, 15, 3, '2024-02-07 12:19:39', '2024-02-07 12:19:39', NULL),
(190, 'Laudantiumquia.', 3, 253, 759, 'Quis at ab sint quia.', 0, 'k7MRmVY0X8', 301, 124, 14, 10, '2024-02-07 12:19:39', '2024-02-07 12:19:39', NULL),
(191, 'Omnisquis.', 1, 373, 373, 'Expedita id ratione quia.', 0, 'RWmotgOYvt', 154, 101, 29, 9, '2024-02-07 12:19:39', '2024-02-07 12:19:39', NULL),
(192, 'Voluptatemest.', 1, 329, 329, 'Error quod non est autem.', 1, '9BIOIxokpy', 21, 135, 30, 10, '2024-02-07 12:19:39', '2024-02-07 12:19:39', NULL),
(193, 'Rationequae.', 2, 288, 576, 'Ea sed quasi porro.', 0, 'k7MRmVY0X8', 199, 169, 17, 10, '2024-02-07 12:19:39', '2024-02-07 12:19:39', NULL),
(194, 'Fugiatquod.', 2, 346, 692, 'Officiis qui fugit culpa.', 1, '8FWOY90d3u', 77, 141, 27, 6, '2024-02-07 12:19:39', '2024-02-07 12:19:39', NULL),
(195, 'Rerumadsint.', 4, 246, 984, 'Ut ratione cum in.', 1, 'c8cv2wvB8l', 127, 100, 40, 2, '2024-02-07 12:19:39', '2024-02-07 12:19:39', NULL),
(196, 'Cumnihilsit.', 2, 200, 400, 'Non suscipit sint quod.', 1, '4z9mSD6fzr', 212, 179, 8, 2, '2024-02-07 12:19:39', '2024-02-07 12:19:39', NULL),
(197, 'Accusantium.', 2, 332, 664, 'Ut sunt quia sit ad.', 1, '9BIOIxokpy', 254, 193, 17, 4, '2024-02-07 12:19:39', '2024-02-07 12:19:39', NULL),
(198, 'Quasveritatis.', 2, 259, 518, 'Et quidem in quia.', 1, 'f3xiCdq81k', 256, 127, 14, 7, '2024-02-07 12:19:39', '2024-02-07 12:19:39', NULL),
(199, 'Aspernatur.', 4, 326, 1304, 'Eum qui distinctio ex et.', 0, 'k7MRmVY0X8', 295, 159, 11, 9, '2024-02-07 12:19:39', '2024-02-07 12:19:39', NULL),
(200, 'Eumearumtotam.', 2, 225, 450, 'Quidem et omnis velit et.', 1, 'NejL4wgj4w', 188, 114, 13, 5, '2024-02-07 12:19:39', '2024-02-07 12:19:39', NULL),
(201, 'Nullaprovident.', 4, 316, 1264, 'Alias et illum error et.', 1, 'f3xiCdq81k', 337, 193, 21, 6, '2024-02-07 12:19:39', '2024-02-07 12:19:39', NULL),
(202, 'Enimquidemqui.', 4, 398, 1592, 'Eos quas in enim.', 0, 'bEUYRWupM5', 390, 123, 26, 1, '2024-02-07 12:19:39', '2024-02-07 12:19:39', NULL),
(203, 'Etquasmagni.', 3, 234, 702, 'Atque quia eveniet quia.', 0, 'sUJN8HxgFg', 243, 138, 20, 7, '2024-02-07 12:19:39', '2024-02-07 12:19:39', NULL),
(204, 'Quasideleniti.', 2, 202, 404, 'Rerum ut natus et ut.', 1, 'k7MRmVY0X8', 326, 121, 5, 4, '2024-02-07 12:19:39', '2024-02-07 12:19:39', NULL),
(205, 'Etdoloribus.', 1, 372, 372, 'Sunt et ut eius ut.', 1, '2X4ye9PhIh', 65, 191, 19, 7, '2024-02-07 12:19:39', '2024-02-07 12:19:39', NULL),
(206, 'Quametquaerat.', 4, 245, 980, 'Facilis aut sit eaque.', 1, 'RWmotgOYvt', 378, 191, 4, 8, '2024-02-07 12:19:39', '2024-02-07 12:19:39', NULL),
(207, 'Occaecatirem.', 1, 312, 312, 'Rerum aut ea esse beatae.', 1, '0mocKkZUwr', 351, 186, 33, 3, '2024-02-07 12:19:39', '2024-02-07 12:19:39', NULL),
(208, 'Minima.', 4, 322, 1288, 'Et aut sapiente ad.', 1, '4z9mSD6fzr', 14, 155, 3, 3, '2024-02-07 12:19:39', '2024-02-07 12:19:39', NULL),
(209, 'Dolorumtotam.', 2, 259, 518, 'Sint fugit illo ad harum.', 1, '8FWOY90d3u', 293, 119, 35, 3, '2024-02-07 12:19:39', '2024-02-07 12:19:39', NULL),
(210, 'Nihildolorem.', 3, 303, 909, 'Impedit est quo quae.', 0, 'Ns3an1ZfUF', 415, 129, 6, 4, '2024-02-07 12:19:39', '2024-02-07 12:19:39', NULL),
(211, 'Adlaudantium.', 1, 387, 387, 'Iusto qui dolor debitis.', 0, 'F8ioxlh8VT', 244, 189, 24, 9, '2024-02-07 12:19:39', '2024-02-07 12:19:39', NULL),
(212, 'Quasveritatis.', 3, 336, 1008, 'Aut qui eaque magni hic.', 1, 'XDfFcXgT2G', 358, 157, 8, 2, '2024-02-07 12:19:39', '2024-02-07 12:19:39', NULL),
(213, 'Autvoluptatem.', 1, 300, 300, 'Odio ipsum veniam eius.', 0, 'XDfFcXgT2G', 395, 119, 8, 8, '2024-02-07 12:19:39', '2024-02-07 12:19:39', NULL),
(214, 'Nonomnis.', 2, 367, 734, 'Dolore aut et et.', 0, '9uzI7NiOao', 121, 124, 31, 9, '2024-02-07 12:19:39', '2024-02-07 12:19:39', NULL),
(215, 'Fugitutvelit.', 1, 398, 398, 'Eos est qui non tempore.', 0, 'f3xiCdq81k', 194, 163, 37, 5, '2024-02-07 12:19:39', '2024-02-07 12:19:39', NULL),
(216, 'Cupiditatehic.', 1, 298, 298, 'Neque id sit qui officia.', 1, 'Qrs72gsjGa', 251, 146, 1, 9, '2024-02-07 12:19:39', '2024-02-07 12:19:39', NULL),
(217, 'Rerumadsint.', 2, 358, 716, 'Est illo quaerat impedit.', 0, 'RWmotgOYvt', 369, 142, 24, 4, '2024-02-07 12:19:39', '2024-02-07 12:19:39', NULL),
(218, 'Optio.', 3, 366, 1098, 'Illo unde beatae ratione.', 1, 'sUJN8HxgFg', 195, 170, 28, 5, '2024-02-07 12:19:39', '2024-02-07 12:19:39', NULL),
(219, 'Veritatiseos.', 3, 341, 1023, 'Et harum numquam et est.', 1, 'Ns3an1ZfUF', 202, 124, 16, 1, '2024-02-07 12:19:39', '2024-02-07 12:19:39', NULL),
(220, 'Minuseligendi.', 1, 378, 378, 'Culpa aut harum qui sed.', 1, 'Qrs72gsjGa', 266, 113, 3, 5, '2024-02-07 12:19:39', '2024-02-07 12:19:39', NULL),
(221, 'Sintetquaset.', 3, 231, 693, 'Alias est et dolorem.', 0, 'RWmotgOYvt', 379, 194, 34, 3, '2024-02-07 12:19:39', '2024-02-07 12:19:39', NULL),
(222, 'Temporibus.', 3, 309, 927, 'Eos sed odit error.', 1, '8FWOY90d3u', 68, 131, 18, 9, '2024-02-07 12:19:39', '2024-02-07 12:19:39', NULL),
(223, 'Commodised.', 3, 264, 792, 'Quidem ea id et enim.', 1, '2X4ye9PhIh', 66, 173, 37, 7, '2024-02-07 12:19:39', '2024-02-07 12:19:39', NULL),
(224, 'Perferendisea.', 1, 383, 383, 'Et vitae ut et cumque.', 1, '0mocKkZUwr', 371, 174, 26, 1, '2024-02-07 12:19:39', '2024-02-07 12:19:39', NULL),
(225, 'Cupiditateet.', 1, 323, 323, 'Sed fugiat earum hic.', 1, '0mocKkZUwr', 364, 149, 39, 6, '2024-02-07 12:19:39', '2024-02-07 12:19:39', NULL),
(226, 'Hiciureipsa.', 2, 220, 440, 'Aut natus et sed soluta.', 0, 'MY16uYysyt', 304, 126, 25, 3, '2024-02-07 12:19:39', '2024-02-07 12:19:39', NULL),
(227, 'Commodiaperiam.', 1, 346, 346, 'Quos in et atque et nisi.', 0, 'MY16uYysyt', 276, 181, 9, 2, '2024-02-07 12:19:39', '2024-02-07 12:19:39', NULL),
(228, 'Quisintut.', 4, 258, 1032, 'Ea dolores aut adipisci.', 1, 'Qrs72gsjGa', 218, 129, 33, 10, '2024-02-07 12:19:39', '2024-02-07 12:19:39', NULL),
(229, 'Corruptiharum.', 2, 278, 556, 'Velit at labore ab.', 0, 'sUJN8HxgFg', 12, 101, 14, 2, '2024-02-07 12:19:39', '2024-02-07 12:19:39', NULL),
(230, 'Doloribusatque.', 3, 291, 873, 'Ea tenetur ea ut.', 1, 'bEUYRWupM5', 241, 120, 38, 8, '2024-02-07 12:19:39', '2024-02-07 12:19:39', NULL),
(231, 'Temporibus.', 4, 314, 1256, 'Sed rem nihil hic ut.', 0, '9uzI7NiOao', 223, 196, 37, 1, '2024-02-07 12:19:39', '2024-02-07 12:19:39', NULL),
(232, 'Modirepellat.', 2, 347, 694, 'Enim et fugiat dolore.', 0, '0mocKkZUwr', 85, 121, 14, 4, '2024-02-07 12:19:39', '2024-02-07 12:19:39', NULL),
(233, 'Quodsintnon.', 3, 381, 1143, 'Aut sit rerum id quam.', 0, '0mocKkZUwr', 36, 117, 9, 6, '2024-02-07 12:19:39', '2024-02-07 12:19:39', NULL),
(234, 'Temporibus.', 2, 211, 422, 'Rerum iste rem est quo.', 1, 'f3xiCdq81k', 355, 121, 23, 7, '2024-02-07 12:19:39', '2024-02-07 12:19:39', NULL),
(235, 'Exestsuntnon.', 1, 366, 366, 'Optio nihil ut dolor.', 1, '4z9mSD6fzr', 193, 157, 4, 2, '2024-02-07 12:19:39', '2024-02-07 12:19:39', NULL),
(236, 'Architecto.', 3, 243, 729, 'Et totam quia a rerum.', 1, '4z9mSD6fzr', 305, 120, 9, 7, '2024-02-07 12:19:39', '2024-02-07 12:19:39', NULL),
(237, 'Velitsedautem.', 1, 219, 219, 'Et earum sed cupiditate.', 1, '2X4ye9PhIh', 220, 130, 30, 1, '2024-02-07 12:19:39', '2024-02-07 12:19:39', NULL),
(238, 'Assumenda.', 2, 342, 684, 'At sequi nemo illo.', 1, '2X4ye9PhIh', 400, 191, 17, 10, '2024-02-07 12:19:39', '2024-02-07 12:19:39', NULL),
(239, 'Quissuntdicta.', 4, 392, 1568, 'Sit et sed voluptates.', 1, '9BIOIxokpy', 278, 164, 9, 4, '2024-02-07 12:19:39', '2024-02-07 12:19:39', NULL),
(240, 'Nonitaqueeum.', 2, 226, 452, 'Aut non ex sunt.', 1, 'MY16uYysyt', 20, 150, 16, 4, '2024-02-07 12:19:39', '2024-02-07 12:19:39', NULL),
(241, 'Rerumetatet.', 1, 363, 363, 'Et deserunt id eum sit.', 1, 'Qrs72gsjGa', 88, 156, 37, 1, '2024-02-07 12:19:39', '2024-02-07 12:19:39', NULL),
(242, 'Nisisequi.', 1, 271, 271, 'Possimus at enim dolor.', 1, '8FWOY90d3u', 102, 133, 27, 8, '2024-02-07 12:19:39', '2024-02-07 12:19:39', NULL),
(243, 'Ipsum.', 3, 308, 924, 'Aperiam est eos aut.', 1, '2X4ye9PhIh', 176, 195, 5, 6, '2024-02-07 12:19:39', '2024-02-07 12:19:39', NULL),
(244, 'Doloremque.', 1, 283, 283, 'Quasi nulla esse debitis.', 0, 'MY16uYysyt', 327, 178, 28, 9, '2024-02-07 12:19:39', '2024-02-07 12:19:39', NULL),
(245, 'Animicommodi.', 1, 282, 282, 'Ea enim atque eum quas.', 0, 'c8cv2wvB8l', 74, 105, 12, 9, '2024-02-07 12:19:39', '2024-02-07 12:19:39', NULL),
(246, 'Excepturirerum.', 3, 332, 996, 'Ad error molestiae eius.', 0, 'Qrs72gsjGa', 256, 194, 38, 6, '2024-02-07 12:19:39', '2024-02-07 12:19:39', NULL),
(247, 'Voluptatemut.', 2, 246, 492, 'Sit nihil vero molestias.', 1, '9uzI7NiOao', 62, 152, 38, 4, '2024-02-07 12:19:39', '2024-02-07 12:19:39', NULL),
(248, 'Veniamnisiat.', 1, 400, 400, 'Optio iure et labore et.', 1, '0mocKkZUwr', 107, 179, 20, 2, '2024-02-07 12:19:39', '2024-02-07 12:19:39', NULL),
(249, 'Enimet.', 3, 318, 954, 'Ipsam corporis ut omnis.', 0, '8FWOY90d3u', 309, 141, 14, 7, '2024-02-07 12:19:39', '2024-02-07 12:19:39', NULL),
(250, 'Rationequae.', 3, 380, 1140, 'Sunt sint commodi aut.', 0, '4z9mSD6fzr', 167, 168, 11, 5, '2024-02-07 12:19:39', '2024-02-07 12:19:39', NULL),
(251, 'Quiamaiores.', 1, 243, 243, 'Eos et dolores laborum.', 0, 'c8cv2wvB8l', 240, 116, 2, 9, '2024-02-07 12:19:39', '2024-02-07 12:19:39', NULL),
(252, 'Idquaerat.', 1, 282, 282, 'Alias aut eos molestiae.', 1, 'QydRVo7tLd', 156, 178, 19, 8, '2024-02-07 12:19:39', '2024-02-07 12:19:39', NULL),
(253, 'Omnismodiquod.', 2, 264, 528, 'Deserunt qui non in sit.', 1, 'RWmotgOYvt', 233, 144, 10, 5, '2024-02-07 12:19:39', '2024-02-07 12:19:39', NULL),
(254, 'Sapienteveniam.', 1, 212, 212, 'Aut et natus eligendi.', 0, 'wbGnntQmil', 40, 186, 34, 1, '2024-02-07 12:19:39', '2024-02-07 12:19:39', NULL),
(255, 'Recusandae.', 3, 245, 735, 'Rem voluptas omnis iure.', 1, '8FWOY90d3u', 6, 198, 3, 10, '2024-02-07 12:19:39', '2024-02-07 12:19:39', NULL),
(256, 'Explicabo.', 4, 371, 1484, 'Dolores ut nam eveniet.', 1, '9uzI7NiOao', 33, 134, 1, 4, '2024-02-07 12:19:39', '2024-02-07 12:19:39', NULL),
(257, 'Etquasmagni.', 1, 356, 356, 'Sed sunt alias veritatis.', 0, 'c8cv2wvB8l', 320, 177, 31, 8, '2024-02-07 12:19:39', '2024-02-07 12:19:39', NULL),
(258, 'Utquodet.', 1, 398, 398, 'Nisi aut fugit minima.', 0, 'QydRVo7tLd', 243, 182, 33, 9, '2024-02-07 12:19:39', '2024-02-07 12:19:39', NULL),
(259, 'Etsediure.', 2, 343, 686, 'Libero quos esse ut sunt.', 0, 'NejL4wgj4w', 29, 182, 29, 7, '2024-02-07 12:19:39', '2024-02-07 12:19:39', NULL),
(260, 'Etautcorporis.', 3, 229, 687, 'Quod quia et magni et.', 0, 'c8cv2wvB8l', 43, 161, 25, 1, '2024-02-07 12:19:39', '2024-02-07 12:19:39', NULL),
(261, 'Quiaoccaecati.', 4, 283, 1132, 'Sit et expedita omnis.', 1, 'RWmotgOYvt', 6, 162, 29, 5, '2024-02-07 12:19:39', '2024-02-07 12:19:39', NULL),
(262, 'Nisifacilisut.', 1, 216, 216, 'Rerum est et est nihil.', 0, 'c8cv2wvB8l', 321, 127, 21, 2, '2024-02-07 12:19:39', '2024-02-07 12:19:39', NULL),
(263, 'Velitdeleniti.', 2, 336, 672, 'Enim eligendi ut dolorem.', 0, 'NejL4wgj4w', 255, 147, 31, 2, '2024-02-07 12:19:39', '2024-02-07 12:19:39', NULL),
(264, 'Dolorvoluptate.', 3, 328, 984, 'Autem id id nam.', 0, 'NejL4wgj4w', 104, 158, 6, 4, '2024-02-07 12:19:39', '2024-02-07 12:19:39', NULL),
(265, 'Fugiatquod.', 3, 251, 753, 'Ut nam ut explicabo non.', 1, '9uzI7NiOao', 200, 148, 16, 10, '2024-02-07 12:19:39', '2024-02-07 12:19:39', NULL),
(266, 'Explicabo.', 1, 353, 353, 'Aut eos earum quia nemo.', 0, 'bEUYRWupM5', 43, 166, 9, 5, '2024-02-07 12:19:39', '2024-02-07 12:19:39', NULL),
(267, 'Harumearum.', 2, 337, 674, 'Aut accusantium quia et.', 0, 'Qrs72gsjGa', 194, 187, 38, 10, '2024-02-07 12:19:39', '2024-02-07 12:19:39', NULL),
(268, 'Velitquasiet.', 3, 361, 1083, 'Maxime maiores ut ut.', 1, 'RWmotgOYvt', 378, 139, 40, 5, '2024-02-07 12:19:39', '2024-02-07 12:19:39', NULL),
(269, 'Nihilatqui.', 2, 296, 592, 'Illo aliquid ut possimus.', 0, '4z9mSD6fzr', 51, 134, 38, 7, '2024-02-07 12:19:39', '2024-02-07 12:19:39', NULL),
(270, 'Autmagniea.', 2, 304, 608, 'Qui quae sit eius quidem.', 0, 'Qrs72gsjGa', 404, 153, 15, 1, '2024-02-07 12:19:39', '2024-02-07 12:19:39', NULL),
(271, 'Quosipsamat.', 4, 269, 1076, 'Veniam nobis aut velit.', 0, '9BIOIxokpy', 250, 162, 9, 2, '2024-02-07 12:19:39', '2024-02-07 12:19:39', NULL),
(272, 'Hicquiaomnis.', 4, 267, 1068, 'Non quidem quidem eos.', 1, '8FWOY90d3u', 181, 154, 12, 4, '2024-02-07 12:19:39', '2024-02-07 12:19:39', NULL),
(273, 'Sitnihil.', 3, 309, 927, 'Id minima eum sed sint.', 0, 'f3xiCdq81k', 350, 182, 9, 2, '2024-02-07 12:19:39', '2024-02-07 12:19:39', NULL),
(274, 'Eumutfacere.', 3, 268, 804, 'Et ut sit autem qui in.', 0, '8FWOY90d3u', 129, 148, 27, 10, '2024-02-07 12:19:39', '2024-02-07 12:19:39', NULL),
(275, 'Sapiente.', 3, 209, 627, 'Fugit iure aut rem.', 1, 'f3xiCdq81k', 293, 196, 14, 3, '2024-02-07 12:19:39', '2024-02-07 12:19:39', NULL),
(276, 'Minima.', 1, 272, 272, 'Rem ad laboriosam neque.', 1, 'sUJN8HxgFg', 335, 137, 20, 8, '2024-02-07 12:19:39', '2024-02-07 12:19:39', NULL),
(277, 'Culpaexpedita.', 2, 355, 710, 'Voluptas aut eos est.', 1, 'f3xiCdq81k', 290, 199, 5, 1, '2024-02-07 12:19:39', '2024-02-07 12:19:39', NULL),
(278, 'Quosdictaunde.', 2, 214, 428, 'Et non aut et rerum.', 0, 'f3xiCdq81k', 168, 181, 22, 1, '2024-02-07 12:19:39', '2024-02-07 12:19:39', NULL),
(279, 'Laboriosamsint.', 4, 258, 1032, 'Quis rerum autem saepe.', 1, 'Qrs72gsjGa', 169, 110, 15, 10, '2024-02-07 12:19:39', '2024-02-07 12:19:39', NULL),
(280, 'Doloresvitae.', 1, 328, 328, 'Ex et architecto id et.', 1, 'NejL4wgj4w', 374, 107, 2, 1, '2024-02-07 12:19:39', '2024-02-07 12:19:39', NULL),
(281, 'Nobis.', 1, 203, 203, 'Sunt ut ea dolores omnis.', 1, '9uzI7NiOao', 57, 108, 24, 7, '2024-02-07 12:19:39', '2024-02-07 12:19:39', NULL),
(282, 'Eaqueinventore.', 2, 264, 528, 'Ut odio delectus sed.', 1, 'f3xiCdq81k', 396, 117, 39, 3, '2024-02-07 12:19:39', '2024-02-07 12:19:39', NULL),
(283, 'Quibusdamaut.', 3, 301, 903, 'Non sint ea sint soluta.', 1, 'k7MRmVY0X8', 93, 163, 13, 4, '2024-02-07 12:19:40', '2024-02-07 12:19:40', NULL),
(284, 'Etperspiciatis.', 3, 277, 831, 'Et minus eos voluptas.', 1, 'NejL4wgj4w', 90, 163, 29, 4, '2024-02-07 12:19:40', '2024-02-07 12:19:40', NULL),
(285, 'Eaqueinventore.', 1, 392, 392, 'Ut eum magnam rerum in.', 1, 'k7MRmVY0X8', 380, 126, 13, 8, '2024-02-07 12:19:40', '2024-02-07 12:19:40', NULL),
(286, 'Nobis.', 3, 337, 1011, 'Vel sint et qui.', 0, 'Ns3an1ZfUF', 297, 144, 16, 1, '2024-02-07 12:19:40', '2024-02-07 12:19:40', NULL),
(287, 'Etetdolores.', 3, 209, 627, 'Tempore qui officiis qui.', 1, '9uzI7NiOao', 156, 143, 21, 9, '2024-02-07 12:19:40', '2024-02-07 12:19:40', NULL),
(288, 'Doloremnumquam.', 2, 303, 606, 'Ipsa cum odio aperiam ut.', 0, 'sUJN8HxgFg', 349, 183, 40, 10, '2024-02-07 12:19:40', '2024-02-07 12:19:40', NULL),
(289, 'Harumautipsa.', 4, 225, 900, 'Aliquid est est officia.', 0, 'XDfFcXgT2G', 171, 186, 18, 8, '2024-02-07 12:19:40', '2024-02-07 12:19:40', NULL),
(290, 'Repellendus.', 2, 216, 432, 'Saepe non porro est ad.', 0, 'RWmotgOYvt', 392, 179, 33, 2, '2024-02-07 12:19:40', '2024-02-07 12:19:40', NULL),
(291, 'Adipisci.', 2, 346, 692, 'Rerum optio quas et.', 0, '2X4ye9PhIh', 402, 141, 11, 7, '2024-02-07 12:19:40', '2024-02-07 12:19:40', NULL),
(292, 'Adquia.', 1, 216, 216, 'Sit quo et voluptas aut.', 1, 'XDfFcXgT2G', 247, 167, 32, 8, '2024-02-07 12:19:40', '2024-02-07 12:19:40', NULL),
(293, 'Quibusdamquia.', 1, 380, 380, 'Sunt impedit quisquam ab.', 1, 'Ns3an1ZfUF', 257, 112, 19, 7, '2024-02-07 12:19:40', '2024-02-07 12:19:40', NULL),
(294, 'Sitarchitecto.', 4, 369, 1476, 'Quas quod eius amet.', 1, 'F8ioxlh8VT', 6, 161, 17, 8, '2024-02-07 12:19:40', '2024-02-07 12:19:40', NULL),
(295, 'Minima.', 4, 271, 1084, 'Qui et est sunt veniam.', 1, 'c8cv2wvB8l', 239, 171, 7, 5, '2024-02-07 12:19:40', '2024-02-07 12:19:40', NULL),
(296, 'Minima.', 2, 212, 424, 'Quis quia commodi in.', 1, '8FWOY90d3u', 228, 170, 31, 8, '2024-02-07 12:19:40', '2024-02-07 12:19:40', NULL),
(297, 'Commodiplaceat.', 1, 334, 334, 'Vel ea ad et quisquam.', 0, '2X4ye9PhIh', 171, 139, 20, 6, '2024-02-07 12:19:40', '2024-02-07 12:19:40', NULL),
(298, 'Necessitatibus.', 1, 229, 229, 'Totam enim quis natus.', 1, 'bEUYRWupM5', 259, 185, 25, 3, '2024-02-07 12:19:40', '2024-02-07 12:19:40', NULL),
(299, 'Asperiores.', 4, 345, 1380, 'Sed fugit dicta ipsam.', 1, '0mocKkZUwr', 175, 109, 14, 1, '2024-02-07 12:19:40', '2024-02-07 12:19:40', NULL),
(300, 'Laboriosamsint.', 1, 234, 234, 'Non provident omnis fuga.', 0, 'RWmotgOYvt', 319, 189, 39, 2, '2024-02-07 12:19:40', '2024-02-07 12:19:40', NULL),
(301, 'Voluptatumvel.', 4, 264, 1056, 'Molestiae qui et magnam.', 0, 'Ns3an1ZfUF', 175, 119, 5, 9, '2024-02-07 12:19:40', '2024-02-07 12:19:40', NULL),
(302, 'Quiadipisci.', 2, 338, 676, 'Est fuga quia et natus.', 0, 'XDfFcXgT2G', 356, 128, 25, 6, '2024-02-07 12:19:40', '2024-02-07 12:19:40', NULL),
(303, 'Reprehenderit.', 1, 264, 264, 'Non ut iure tempore unde.', 0, 'sUJN8HxgFg', 309, 184, 24, 4, '2024-02-07 12:19:40', '2024-02-07 12:19:40', NULL),
(304, 'Quisquamrerum.', 4, 295, 1180, 'Et nihil eligendi omnis.', 1, 'Qrs72gsjGa', 229, 137, 1, 8, '2024-02-07 12:19:40', '2024-02-07 12:19:40', NULL),
(305, 'Nonpossimus.', 4, 247, 988, 'Eos asperiores neque qui.', 0, '8FWOY90d3u', 115, 133, 23, 10, '2024-02-07 12:19:40', '2024-02-07 12:19:40', NULL),
(306, 'Assumendaiusto.', 1, 268, 268, 'Doloremque fuga aut est.', 1, 'sUJN8HxgFg', 160, 154, 11, 1, '2024-02-07 12:19:40', '2024-02-07 12:19:40', NULL),
(307, 'Etsediure.', 4, 239, 956, 'Iusto nam sint vero.', 0, 'NejL4wgj4w', 258, 170, 40, 8, '2024-02-07 12:19:40', '2024-02-07 12:19:40', NULL),
(308, 'Ametet.', 3, 288, 864, 'Maxime qui est omnis.', 0, 'k7MRmVY0X8', 248, 189, 25, 1, '2024-02-07 12:19:40', '2024-02-07 12:19:40', NULL),
(309, 'Similiqueut.', 4, 217, 868, 'Ipsum iste sit neque.', 1, '4z9mSD6fzr', 251, 137, 1, 10, '2024-02-07 12:19:40', '2024-02-07 12:19:40', NULL),
(310, 'Idautem.', 1, 390, 390, 'Ipsum est rerum non aut.', 0, '2X4ye9PhIh', 356, 118, 2, 8, '2024-02-07 12:19:40', '2024-02-07 12:19:40', NULL),
(311, 'Voluptateset.', 1, 284, 284, 'Tempora et magnam veniam.', 1, 'Qrs72gsjGa', 204, 179, 36, 7, '2024-02-07 12:19:40', '2024-02-07 12:19:40', NULL),
(312, 'Etsediure.', 3, 394, 1182, 'Iusto et rerum libero et.', 1, 'QydRVo7tLd', 108, 141, 32, 3, '2024-02-07 12:19:40', '2024-02-07 12:19:40', NULL),
(313, 'Officianon.', 1, 362, 362, 'At eum id unde.', 1, 'Ns3an1ZfUF', 173, 169, 24, 4, '2024-02-07 12:19:40', '2024-02-07 12:19:40', NULL),
(314, 'Verosapiente.', 3, 256, 768, 'Vel quos aut unde neque.', 0, '9BIOIxokpy', 126, 123, 24, 10, '2024-02-07 12:19:40', '2024-02-07 12:19:40', NULL),
(315, 'Odioetomnis.', 1, 262, 262, 'Nemo est nisi sunt.', 1, '0mocKkZUwr', 64, 109, 22, 1, '2024-02-07 12:19:40', '2024-02-07 12:19:40', NULL),
(316, 'Voluptatemut.', 1, 242, 242, 'Et ut ipsa quis.', 1, '9uzI7NiOao', 257, 176, 37, 1, '2024-02-07 12:19:40', '2024-02-07 12:19:40', NULL),
(317, 'Eumetvelet.', 4, 317, 1268, 'Ipsa non eius nisi et.', 1, '4z9mSD6fzr', 283, 154, 24, 1, '2024-02-07 12:19:40', '2024-02-07 12:19:40', NULL),
(318, 'Nihilnon.', 3, 378, 1134, 'Vero et fuga sint.', 1, '9uzI7NiOao', 105, 140, 31, 4, '2024-02-07 12:19:40', '2024-02-07 12:19:40', NULL),
(319, 'Eveniet.', 1, 292, 292, 'Et vel quas voluptate.', 0, 'RWmotgOYvt', 105, 142, 1, 10, '2024-02-07 12:19:40', '2024-02-07 12:19:40', NULL),
(320, 'Consequatureum.', 2, 376, 752, 'Deleniti sunt quos unde.', 1, '9BIOIxokpy', 276, 189, 40, 5, '2024-02-07 12:19:40', '2024-02-07 12:19:40', NULL),
(321, 'Nisifacilisut.', 3, 276, 828, 'Quo distinctio nisi nemo.', 0, 'f3xiCdq81k', 215, 119, 13, 10, '2024-02-07 12:19:40', '2024-02-07 12:19:40', NULL),
(322, 'Adipisciut.', 4, 225, 900, 'Quae est aut sed qui.', 1, 'NejL4wgj4w', 147, 129, 10, 1, '2024-02-07 12:19:40', '2024-02-07 12:19:40', NULL),
(323, 'Consequatureum.', 3, 215, 645, 'Sunt laborum ut voluptas.', 1, 'QydRVo7tLd', 116, 190, 8, 6, '2024-02-07 12:19:40', '2024-02-07 12:19:40', NULL),
(324, 'Nonetalias.', 3, 221, 663, 'Molestias non est et at.', 0, '0mocKkZUwr', 390, 160, 15, 3, '2024-02-07 12:19:40', '2024-02-07 12:19:40', NULL),
(325, 'Enimtempora.', 1, 307, 307, 'Aut non est itaque.', 1, 'Ns3an1ZfUF', 204, 134, 28, 8, '2024-02-07 12:19:40', '2024-02-07 12:19:40', NULL),
(326, 'Fugitutvelit.', 3, 282, 846, 'Enim sunt officiis ullam.', 1, 'Qrs72gsjGa', 116, 189, 3, 7, '2024-02-07 12:19:40', '2024-02-07 12:19:40', NULL),
(327, 'Estasperiores.', 4, 330, 1320, 'Nulla suscipit atque ex.', 1, 'XDfFcXgT2G', 92, 144, 35, 4, '2024-02-07 12:19:40', '2024-02-07 12:19:40', NULL),
(328, 'Reprehenderit.', 3, 316, 948, 'Et hic iure incidunt.', 1, 'QydRVo7tLd', 291, 151, 34, 4, '2024-02-07 12:19:40', '2024-02-07 12:19:40', NULL),
(329, 'Corporisid.', 1, 313, 313, 'Aliquam vel fuga et nam.', 1, '4z9mSD6fzr', 37, 127, 4, 6, '2024-02-07 12:19:40', '2024-02-07 12:19:40', NULL),
(330, 'Autemexpedita.', 1, 363, 363, 'A vero doloribus aut.', 1, 'bEUYRWupM5', 154, 181, 31, 5, '2024-02-07 12:19:40', '2024-02-07 12:19:40', NULL),
(331, 'Eosquae.', 2, 391, 782, 'Non sed quia ipsum quod.', 0, 'NejL4wgj4w', 5, 123, 6, 10, '2024-02-07 12:19:40', '2024-02-07 12:19:40', NULL),
(332, 'Ametlaudantium.', 3, 280, 840, 'Iste sit est rerum.', 1, '9uzI7NiOao', 366, 175, 20, 4, '2024-02-07 12:19:40', '2024-02-07 12:19:40', NULL),
(333, 'Quasveritatis.', 2, 325, 650, 'Id aut porro ut nam.', 1, 'RWmotgOYvt', 105, 106, 25, 3, '2024-02-07 12:19:40', '2024-02-07 12:19:40', NULL),
(334, 'Quasideleniti.', 1, 360, 360, 'Odit molestiae ipsum est.', 1, '9uzI7NiOao', 262, 106, 26, 3, '2024-02-07 12:19:40', '2024-02-07 12:19:40', NULL),
(335, 'Ullamassumenda.', 3, 369, 1107, 'Ea aut et et quasi.', 1, 'bEUYRWupM5', 148, 111, 10, 3, '2024-02-07 12:19:40', '2024-02-07 12:19:40', NULL),
(336, 'Etpossimus.', 1, 306, 306, 'At sit nihil quae.', 1, 'MY16uYysyt', 258, 139, 10, 7, '2024-02-07 12:19:40', '2024-02-07 12:19:40', NULL),
(337, 'Quibusdameum.', 2, 303, 606, 'Est autem velit sit qui.', 1, 'c8cv2wvB8l', 283, 160, 7, 5, '2024-02-07 12:19:40', '2024-02-07 12:19:40', NULL),
(338, 'Repudiandae.', 4, 399, 1596, 'Vitae illum odit ut.', 0, 'Qrs72gsjGa', 95, 184, 39, 7, '2024-02-07 12:19:40', '2024-02-07 12:19:40', NULL),
(339, 'Exercitationem.', 3, 209, 627, 'Et et quia eos aut quia.', 1, 'Ns3an1ZfUF', 159, 142, 38, 4, '2024-02-07 12:19:40', '2024-02-07 12:19:40', NULL),
(340, 'Ipsamveronon.', 1, 233, 233, 'Id necessitatibus ut et.', 1, 'QydRVo7tLd', 106, 160, 33, 3, '2024-02-07 12:19:40', '2024-02-07 12:19:40', NULL),
(341, 'Dolor.', 1, 303, 303, 'Ut aut fuga quasi est.', 1, 'bEUYRWupM5', 274, 171, 20, 10, '2024-02-07 12:19:40', '2024-02-07 12:19:40', NULL),
(342, 'Repellatid.', 1, 207, 207, 'Molestias sit ut maiores.', 1, 'bEUYRWupM5', 116, 178, 5, 1, '2024-02-07 12:19:40', '2024-02-07 12:19:40', NULL);
INSERT INTO `carts` (`id`, `product`, `qnty`, `price`, `totalprice`, `description`, `purchased`, `category`, `product_id`, `payment_id`, `customer_id`, `user_id`, `created_at`, `updated_at`, `deleted_at`) VALUES
(343, 'Omniscommodi.', 2, 286, 572, 'Modi consequatur ut sed.', 0, 'sUJN8HxgFg', 290, 175, 40, 9, '2024-02-07 12:19:40', '2024-02-07 12:19:40', NULL),
(344, 'Autvoluptatem.', 3, 392, 1176, 'Alias qui sunt maxime.', 0, 'Ns3an1ZfUF', 44, 142, 9, 2, '2024-02-07 12:19:40', '2024-02-07 12:19:40', NULL),
(345, 'Culpaeiusat.', 1, 319, 319, 'Qui autem atque expedita.', 1, 'Qrs72gsjGa', 394, 188, 11, 8, '2024-02-07 12:19:40', '2024-02-07 12:19:40', NULL),
(346, 'Sitnihil.', 1, 283, 283, 'Aut in qui sunt iure.', 1, 'Qrs72gsjGa', 190, 112, 2, 8, '2024-02-07 12:19:40', '2024-02-07 12:19:40', NULL),
(347, 'Estautem.', 4, 214, 856, 'Et quis sed maxime iste.', 0, 'sUJN8HxgFg', 297, 199, 21, 1, '2024-02-07 12:19:40', '2024-02-07 12:19:40', NULL),
(348, 'Nihilipsa.', 4, 376, 1504, 'Tempore sed enim ut.', 0, 'QydRVo7tLd', 79, 158, 16, 5, '2024-02-07 12:19:40', '2024-02-07 12:19:40', NULL),
(349, 'Assumendaiusto.', 3, 261, 783, 'Tempora qui ullam est et.', 1, 'f3xiCdq81k', 374, 192, 20, 3, '2024-02-07 12:19:40', '2024-02-07 12:19:40', NULL),
(350, 'Harumnonet.', 2, 335, 670, 'Eum sit sint quia enim.', 0, 'F8ioxlh8VT', 390, 188, 3, 2, '2024-02-07 12:19:40', '2024-02-07 12:19:40', NULL),
(351, 'Dolorem.', 3, 285, 855, 'Vero quia nam et labore.', 0, 'Ns3an1ZfUF', 340, 166, 36, 8, '2024-02-07 12:19:40', '2024-02-07 12:19:40', NULL),
(352, 'Aliquam.', 3, 322, 966, 'Aut et pariatur quod.', 0, '9uzI7NiOao', 253, 164, 15, 3, '2024-02-07 12:19:40', '2024-02-07 12:19:40', NULL),
(353, 'Modieos.', 1, 397, 397, 'Aut dicta distinctio qui.', 0, 'c8cv2wvB8l', 264, 122, 29, 7, '2024-02-07 12:19:40', '2024-02-07 12:19:40', NULL),
(354, 'Autlaborumquo.', 2, 201, 402, 'Commodi at et quis iusto.', 0, 'sUJN8HxgFg', 346, 117, 1, 3, '2024-02-07 12:19:40', '2024-02-07 12:19:40', NULL),
(355, 'Sitperferendis.', 2, 367, 734, 'Nisi atque nulla ex ipsa.', 0, 'Qrs72gsjGa', 182, 123, 8, 4, '2024-02-07 12:19:40', '2024-02-07 12:19:40', NULL),
(356, 'Asperioresnisi.', 3, 302, 906, 'Modi sit ab ipsam.', 0, 'Qrs72gsjGa', 242, 164, 11, 9, '2024-02-07 12:19:40', '2024-02-07 12:19:40', NULL),
(357, 'Adquia.', 3, 275, 825, 'Repellat culpa est ipsa.', 0, 'bEUYRWupM5', 321, 149, 27, 4, '2024-02-07 12:19:40', '2024-02-07 12:19:40', NULL),
(358, 'Quissapiente.', 3, 375, 1125, 'Quia ad qui quo.', 0, 'QydRVo7tLd', 76, 155, 29, 8, '2024-02-07 12:19:40', '2024-02-07 12:19:40', NULL),
(359, 'Adquia.', 3, 241, 723, 'Atque cum ut molestiae.', 0, 'NejL4wgj4w', 54, 129, 33, 1, '2024-02-07 12:19:40', '2024-02-07 12:19:40', NULL),
(360, 'Etautcorporis.', 1, 357, 357, 'Autem ratione cum a est.', 1, 'NejL4wgj4w', 25, 179, 4, 6, '2024-02-07 12:19:40', '2024-02-07 12:19:40', NULL),
(361, 'Eligendi.', 4, 211, 844, 'Rem id minus aut.', 0, 'wbGnntQmil', 155, 110, 20, 4, '2024-02-07 12:19:40', '2024-02-07 12:19:40', NULL),
(362, 'Quiaoccaecati.', 2, 213, 426, 'Quibusdam ut sit quia ut.', 0, 'MY16uYysyt', 182, 112, 31, 5, '2024-02-07 12:19:40', '2024-02-07 12:19:40', NULL),
(363, 'Eaetcum.', 4, 274, 1096, 'Amet cum hic blanditiis.', 1, 'XDfFcXgT2G', 307, 129, 6, 3, '2024-02-07 12:19:40', '2024-02-07 12:19:40', NULL),
(364, 'Ducimusquia.', 3, 323, 969, 'Ut culpa nemo quaerat.', 0, '2X4ye9PhIh', 227, 112, 25, 2, '2024-02-07 12:19:40', '2024-02-07 12:19:40', NULL),
(365, 'Nihildolorem.', 3, 239, 717, 'Vel maiores et et sed.', 0, '9uzI7NiOao', 61, 171, 1, 7, '2024-02-07 12:19:40', '2024-02-07 12:19:40', NULL),
(366, 'Ullamrerum.', 3, 295, 885, 'Unde quae magnam quaerat.', 0, '4z9mSD6fzr', 79, 122, 10, 3, '2024-02-07 12:19:40', '2024-02-07 12:19:40', NULL),
(367, 'Odiodoloremque.', 4, 212, 848, 'Rerum autem veritatis et.', 0, 'bEUYRWupM5', 176, 197, 28, 3, '2024-02-07 12:19:40', '2024-02-07 12:19:40', NULL),
(368, 'Quissuntdicta.', 4, 394, 1576, 'Modi dolores quia rem.', 0, 'F8ioxlh8VT', 250, 119, 27, 10, '2024-02-07 12:19:40', '2024-02-07 12:19:40', NULL),
(369, 'Estrem.', 3, 222, 666, 'Soluta est esse iste.', 0, 'sUJN8HxgFg', 345, 105, 7, 10, '2024-02-07 12:19:40', '2024-02-07 12:19:40', NULL),
(370, 'Earumautemet.', 1, 318, 318, 'Magni iste saepe quis.', 1, 'NejL4wgj4w', 379, 168, 32, 6, '2024-02-07 12:19:40', '2024-02-07 12:19:40', NULL),
(371, 'Explicabo.', 3, 332, 996, 'Modi eaque nihil ut modi.', 1, 'wbGnntQmil', 246, 125, 13, 8, '2024-02-07 12:19:40', '2024-02-07 12:19:40', NULL),
(372, 'Doloribus.', 2, 341, 682, 'Sunt quia in eligendi.', 1, '9uzI7NiOao', 152, 122, 31, 5, '2024-02-07 12:19:40', '2024-02-07 12:19:40', NULL),
(373, 'Utquiafacilis.', 4, 303, 1212, 'Optio et sunt quo et.', 1, 'f3xiCdq81k', 118, 136, 31, 2, '2024-02-07 12:19:40', '2024-02-07 12:19:40', NULL),
(374, 'Fugitquodet.', 3, 285, 855, 'Tempora animi vel quae.', 1, 'RWmotgOYvt', 361, 113, 28, 3, '2024-02-07 12:19:40', '2024-02-07 12:19:40', NULL),
(375, 'Sintrerum.', 3, 220, 660, 'Ad ducimus in deserunt.', 0, '2X4ye9PhIh', 152, 157, 39, 7, '2024-02-07 12:19:40', '2024-02-07 12:19:40', NULL),
(376, 'Etautcorporis.', 4, 202, 808, 'Eveniet et eveniet aut.', 1, 'Qrs72gsjGa', 226, 149, 21, 2, '2024-02-07 12:19:40', '2024-02-07 12:19:40', NULL),
(377, 'Optio.', 3, 377, 1131, 'Qui sit quis quis quas.', 1, 'sUJN8HxgFg', 323, 172, 28, 3, '2024-02-07 12:19:40', '2024-02-07 12:19:40', NULL),
(378, 'Animicommodi.', 4, 304, 1216, 'Ea minima qui harum sed.', 0, 'bEUYRWupM5', 114, 113, 36, 8, '2024-02-07 12:19:40', '2024-02-07 12:19:40', NULL),
(379, 'Earumquaequi.', 2, 240, 480, 'Ullam ipsum fugiat odit.', 1, 'f3xiCdq81k', 61, 151, 32, 10, '2024-02-07 12:19:40', '2024-02-07 12:19:40', NULL),
(380, 'Nonitaqueeum.', 3, 295, 885, 'Nisi est sit perferendis.', 1, 'sUJN8HxgFg', 406, 115, 35, 6, '2024-02-07 12:19:40', '2024-02-07 12:19:40', NULL),
(381, 'Earemet.', 3, 303, 909, 'Nihil ut et cum eligendi.', 1, '9uzI7NiOao', 315, 125, 33, 5, '2024-02-07 12:19:40', '2024-02-07 12:19:40', NULL),
(382, 'Sintetquaset.', 3, 330, 990, 'Odit qui vel quos.', 0, 'f3xiCdq81k', 19, 181, 25, 10, '2024-02-07 12:19:40', '2024-02-07 12:19:40', NULL),
(383, 'Eaetcum.', 1, 214, 214, 'Et in autem nostrum.', 0, '2X4ye9PhIh', 212, 128, 40, 5, '2024-02-07 12:19:40', '2024-02-07 12:19:40', NULL),
(384, 'Odioetomnis.', 4, 388, 1552, 'Sint enim ut deserunt.', 1, 'f3xiCdq81k', 130, 199, 7, 6, '2024-02-07 12:19:40', '2024-02-07 12:19:40', NULL),
(385, 'Illumatminus.', 3, 323, 969, 'Debitis porro a corporis.', 0, 'RWmotgOYvt', 185, 111, 17, 2, '2024-02-07 12:19:40', '2024-02-07 12:19:40', NULL),
(386, 'Remetvel.', 2, 342, 684, 'Eos delectus et sed.', 1, '2X4ye9PhIh', 288, 158, 34, 7, '2024-02-07 12:19:40', '2024-02-07 12:19:40', NULL),
(387, 'Etmagnam.', 2, 258, 516, 'Sed error quia saepe.', 0, '0mocKkZUwr', 245, 156, 29, 1, '2024-02-07 12:19:40', '2024-02-07 12:19:40', NULL),
(388, 'Voluptatumvel.', 2, 252, 504, 'Sed ut dolor alias enim.', 0, 'F8ioxlh8VT', 95, 108, 3, 1, '2024-02-07 12:19:40', '2024-02-07 12:19:40', NULL),
(389, 'Autmagniea.', 1, 274, 274, 'Rerum sapiente aut quo.', 1, 'c8cv2wvB8l', 47, 172, 11, 5, '2024-02-07 12:19:40', '2024-02-07 12:19:40', NULL),
(390, 'Evenietimpedit.', 4, 200, 800, 'Dicta aut omnis et sint.', 1, 'sUJN8HxgFg', 374, 138, 9, 8, '2024-02-07 12:19:40', '2024-02-07 12:19:40', NULL),
(391, 'Etdolorem.', 4, 283, 1132, 'Cum eos sunt est velit.', 1, '8FWOY90d3u', 235, 174, 21, 7, '2024-02-07 12:19:40', '2024-02-07 12:19:40', NULL),
(392, 'Occaecatirem.', 4, 286, 1144, 'Ab aut veniam modi modi.', 0, 'c8cv2wvB8l', 77, 157, 12, 10, '2024-02-07 12:19:40', '2024-02-07 12:19:40', NULL),
(393, 'Doloreaestut.', 1, 229, 229, 'Et ea aliquam id aperiam.', 0, '4z9mSD6fzr', 323, 164, 17, 9, '2024-02-07 12:19:40', '2024-02-07 12:19:40', NULL),
(394, 'Quiaoccaecati.', 1, 365, 365, 'Et eos in dolore aut.', 1, '2X4ye9PhIh', 364, 149, 40, 7, '2024-02-07 12:19:40', '2024-02-07 12:19:40', NULL),
(395, 'Utquamdebitis.', 3, 230, 690, 'Et est quas quis odio et.', 0, 'MY16uYysyt', 105, 152, 40, 7, '2024-02-07 12:19:40', '2024-02-07 12:19:40', NULL),
(396, 'Idautem.', 4, 372, 1488, 'Quis sint nam ea et non.', 0, 'NejL4wgj4w', 61, 113, 35, 3, '2024-02-07 12:19:40', '2024-02-07 12:19:40', NULL),
(397, 'Etquae.', 3, 326, 978, 'Non accusamus et minus.', 1, 'RWmotgOYvt', 174, 110, 29, 9, '2024-02-07 12:19:40', '2024-02-07 12:19:40', NULL),
(398, 'Expeditaaut.', 3, 347, 1041, 'Quia animi rerum ut.', 1, 'sUJN8HxgFg', 339, 111, 20, 9, '2024-02-07 12:19:40', '2024-02-07 12:19:40', NULL),
(399, 'Laboriosam.', 4, 243, 972, 'Ut eius magni sunt.', 1, 'bEUYRWupM5', 102, 128, 28, 7, '2024-02-07 12:19:40', '2024-02-07 12:19:40', NULL),
(400, 'Natusvoluptas.', 1, 362, 362, 'Hic quia nulla culpa sit.', 1, 'NejL4wgj4w', 92, 107, 11, 1, '2024-02-07 12:19:40', '2024-02-07 12:19:40', NULL),
(401, 'Quidemquidem.', 1, 307, 307, 'Cumque in ipsum nihil.', 0, 'wbGnntQmil', 102, 149, 16, 7, '2024-02-07 12:19:40', '2024-02-07 12:19:40', NULL),
(402, 'Etdoloribus.', 1, 387, 387, 'Voluptas et earum esse.', 1, 'Ns3an1ZfUF', 125, 128, 31, 3, '2024-02-07 12:19:40', '2024-02-07 12:19:40', NULL),
(403, 'Dolorumtotam.', 2, 312, 624, 'Aut explicabo aut nulla.', 0, '4z9mSD6fzr', 233, 191, 17, 6, '2024-02-07 12:19:40', '2024-02-07 12:19:40', NULL),
(404, 'Autlaborumquo.', 3, 378, 1134, 'Esse et in laudantium.', 0, 'f3xiCdq81k', 26, 170, 26, 5, '2024-02-07 12:19:40', '2024-02-07 12:19:40', NULL),
(405, 'Blanditiis.', 2, 334, 668, 'Rem et et non.', 1, 'F8ioxlh8VT', 48, 181, 38, 4, '2024-02-07 12:19:40', '2024-02-07 12:19:40', NULL),
(406, 'Quibusdameum.', 3, 336, 1008, 'Sed nam nihil eaque.', 1, '2X4ye9PhIh', 236, 192, 16, 9, '2024-02-07 12:19:40', '2024-02-07 12:19:40', NULL),
(407, 'Explicabo.', 2, 237, 474, 'Voluptas quo illo ipsam.', 0, '0mocKkZUwr', 362, 120, 16, 9, '2024-02-07 12:19:40', '2024-02-07 12:19:40', NULL),
(408, 'Doloresvitae.', 3, 276, 828, 'Vitae quis ullam quis.', 0, 'bEUYRWupM5', 74, 125, 40, 7, '2024-02-07 12:19:40', '2024-02-07 12:19:40', NULL),
(409, 'Autetaut.', 3, 246, 738, 'Id qui et perspiciatis.', 0, 'Qrs72gsjGa', 34, 166, 13, 4, '2024-02-07 12:19:40', '2024-02-07 12:19:40', NULL),
(410, 'Ullamassumenda.', 3, 246, 738, 'Sint eum officiis libero.', 0, 'wbGnntQmil', 197, 155, 25, 5, '2024-02-07 12:19:40', '2024-02-07 12:19:40', NULL),
(411, 'Velitquasiet.', 3, 369, 1107, 'Et qui ea est voluptate.', 1, 'bEUYRWupM5', 18, 177, 8, 1, '2024-02-07 12:19:40', '2024-02-07 12:19:40', NULL),
(412, 'Cupiditatehic.', 2, 284, 568, 'In nisi soluta molestias.', 0, 'RWmotgOYvt', 38, 119, 16, 10, '2024-02-07 12:19:40', '2024-02-07 12:19:40', NULL),
(413, 'Rerumetatet.', 1, 207, 207, 'Enim sint libero rem.', 1, 'MY16uYysyt', 261, 166, 37, 9, '2024-02-07 12:19:40', '2024-02-07 12:19:40', NULL),
(414, 'Earumquaequi.', 3, 362, 1086, 'Fugiat quis eum qui aut.', 1, 'sUJN8HxgFg', 288, 172, 37, 6, '2024-02-07 12:19:40', '2024-02-07 12:19:40', NULL),
(415, 'Quiadipisci.', 3, 345, 1035, 'Hic unde omnis qui.', 1, 'NejL4wgj4w', 109, 165, 6, 5, '2024-02-07 12:19:40', '2024-02-07 12:19:40', NULL),
(416, 'Etautcorporis.', 2, 363, 726, 'Et sit fugiat ullam eum.', 1, '0mocKkZUwr', 140, 106, 30, 7, '2024-02-07 12:19:40', '2024-02-07 12:19:40', NULL),
(417, 'Optioofficiis.', 4, 243, 972, 'Maiores et sed dolore.', 1, 'wbGnntQmil', 400, 138, 29, 7, '2024-02-07 12:19:40', '2024-02-07 12:19:40', NULL),
(418, 'Ullamsuntut.', 1, 215, 215, 'Non quo ullam et hic.', 1, 'bEUYRWupM5', 332, 173, 35, 7, '2024-02-07 12:19:40', '2024-02-07 12:19:40', NULL),
(419, 'Eaqueinventore.', 3, 301, 903, 'Nesciunt eos ut sed.', 0, 'QydRVo7tLd', 257, 149, 34, 8, '2024-02-07 12:19:40', '2024-02-07 12:19:40', NULL),
(420, 'Etperspiciatis.', 4, 367, 1468, 'Voluptatem et a ad in.', 1, '9uzI7NiOao', 319, 127, 17, 4, '2024-02-07 12:19:40', '2024-02-07 12:19:40', NULL),
(421, 'Omnisdolorem.', 3, 345, 1035, 'Non non iusto optio qui.', 0, 'Ns3an1ZfUF', 266, 187, 26, 6, '2024-02-07 12:19:40', '2024-02-07 12:19:40', NULL),
(422, 'Accusantium.', 4, 257, 1028, 'Sed odit ab velit fuga.', 0, 'QydRVo7tLd', 57, 156, 34, 7, '2024-02-07 12:19:40', '2024-02-07 12:19:40', NULL),
(423, 'Quosetneque.', 2, 317, 634, 'Ad non autem autem.', 0, 'RWmotgOYvt', 274, 121, 17, 6, '2024-02-07 12:19:40', '2024-02-07 12:19:40', NULL),
(424, 'Doloremque.', 2, 231, 462, 'Dicta sed officiis ea et.', 1, '2X4ye9PhIh', 316, 136, 6, 10, '2024-02-07 12:19:40', '2024-02-07 12:19:40', NULL),
(425, 'Aliquambeatae.', 2, 327, 654, 'Aut iste quis ut.', 0, 'Qrs72gsjGa', 90, 118, 28, 6, '2024-02-07 12:19:40', '2024-02-07 12:19:40', NULL),
(426, 'Magnisit.', 4, 235, 940, 'Et qui et laborum.', 1, 'NejL4wgj4w', 102, 181, 27, 10, '2024-02-07 12:19:40', '2024-02-07 12:19:40', NULL),
(427, 'Vitaesunt.', 2, 309, 618, 'Omnis aut et incidunt.', 1, 'sUJN8HxgFg', 191, 154, 2, 8, '2024-02-07 12:19:40', '2024-02-07 12:19:40', NULL),
(428, 'Dolor.', 4, 314, 1256, 'Eum et voluptas qui quod.', 1, 'Qrs72gsjGa', 273, 124, 23, 6, '2024-02-07 12:19:40', '2024-02-07 12:19:40', NULL),
(429, 'Mollitia.', 4, 307, 1228, 'Ut libero libero sit.', 1, 'Ns3an1ZfUF', 151, 161, 26, 6, '2024-02-07 12:19:40', '2024-02-07 12:19:40', NULL),
(430, 'Nisifacilisut.', 1, 201, 201, 'Ut aut sit eius et.', 0, 'XDfFcXgT2G', 383, 135, 10, 2, '2024-02-07 12:19:40', '2024-02-07 12:19:40', NULL),
(431, 'Similiqueoptio.', 2, 264, 528, 'Quia animi et quos qui.', 0, 'XDfFcXgT2G', 97, 191, 34, 1, '2024-02-07 12:19:40', '2024-02-07 12:19:40', NULL),
(432, 'Nisifacilisut.', 2, 398, 796, 'Nisi nulla sit eum ut.', 0, '2X4ye9PhIh', 348, 149, 40, 8, '2024-02-07 12:19:40', '2024-02-07 12:19:40', NULL),
(433, 'Expeditaaut.', 2, 224, 448, 'Eius et in sed quasi qui.', 0, '8FWOY90d3u', 303, 172, 34, 7, '2024-02-07 12:19:40', '2024-02-07 12:19:40', NULL),
(434, 'Odioetomnis.', 2, 249, 498, 'Iure est non quia qui.', 0, 'bEUYRWupM5', 413, 115, 14, 4, '2024-02-07 12:19:40', '2024-02-07 12:19:40', NULL),
(435, 'Utquamdebitis.', 1, 346, 346, 'Nihil natus ratione et.', 0, 'QydRVo7tLd', 281, 161, 3, 9, '2024-02-07 12:19:40', '2024-02-07 12:19:40', NULL),
(436, 'Quissuntdicta.', 2, 372, 744, 'Rerum et nam nihil ipsam.', 1, '2X4ye9PhIh', 323, 158, 4, 7, '2024-02-07 12:19:40', '2024-02-07 12:19:40', NULL),
(437, 'Beataeest.', 1, 239, 239, 'Aut tempore in quam aut.', 0, 'bEUYRWupM5', 334, 107, 12, 6, '2024-02-07 12:19:40', '2024-02-07 12:19:40', NULL),
(438, 'Eumdoloribus.', 2, 390, 780, 'Sed at voluptatem aut.', 1, 'k7MRmVY0X8', 196, 163, 11, 6, '2024-02-07 12:19:40', '2024-02-07 12:19:40', NULL),
(439, 'Occaecatiid.', 2, 248, 496, 'Ut voluptas eveniet unde.', 1, '0mocKkZUwr', 135, 195, 21, 9, '2024-02-07 12:19:40', '2024-02-07 12:19:40', NULL),
(440, 'Rerumetatet.', 3, 264, 792, 'Omnis libero dolorem est.', 0, '9BIOIxokpy', 222, 186, 33, 9, '2024-02-07 12:19:40', '2024-02-07 12:19:40', NULL),
(441, 'Etmagnam.', 2, 347, 694, 'Tempore nisi itaque nam.', 1, 'f3xiCdq81k', 347, 145, 24, 3, '2024-02-07 12:19:40', '2024-02-07 12:19:40', NULL),
(442, 'Fugiatomnis.', 3, 252, 756, 'Sunt et qui magnam sunt.', 1, 'F8ioxlh8VT', 7, 169, 22, 8, '2024-02-07 12:19:40', '2024-02-07 12:19:40', NULL),
(443, 'Autnesciunt.', 2, 377, 754, 'Omnis eos id natus.', 1, 'c8cv2wvB8l', 17, 111, 14, 9, '2024-02-07 12:19:40', '2024-02-07 12:19:40', NULL),
(444, 'Veniamcumque.', 2, 390, 780, 'Quam id ut modi.', 1, '8FWOY90d3u', 36, 147, 8, 4, '2024-02-07 12:19:40', '2024-02-07 12:19:40', NULL),
(445, 'Ipsumquaerat.', 2, 259, 518, 'Possimus ut in non quis.', 0, 'f3xiCdq81k', 151, 101, 22, 1, '2024-02-07 12:19:40', '2024-02-07 12:19:40', NULL),
(446, 'Sitmolestiae.', 2, 259, 518, 'Aut et et deserunt.', 0, 'XDfFcXgT2G', 157, 168, 7, 6, '2024-02-07 12:19:40', '2024-02-07 12:19:40', NULL),
(447, 'Odiodoloremque.', 1, 351, 351, 'Est eum minus earum modi.', 0, 'k7MRmVY0X8', 235, 134, 23, 5, '2024-02-07 12:19:40', '2024-02-07 12:19:40', NULL),
(448, 'Excepturirerum.', 1, 328, 328, 'Ab tempore nemo et nihil.', 0, 'Qrs72gsjGa', 341, 170, 24, 9, '2024-02-07 12:19:40', '2024-02-07 12:19:40', NULL),
(449, 'Enimlaudantium.', 2, 375, 750, 'Fugit et omnis vel at.', 0, 'QydRVo7tLd', 417, 146, 28, 8, '2024-02-07 12:19:40', '2024-02-07 12:19:40', NULL),
(450, 'Rationequae.', 3, 286, 858, 'Dolor dolore nulla aut.', 0, 'F8ioxlh8VT', 301, 120, 16, 10, '2024-02-07 12:19:40', '2024-02-07 12:19:40', NULL),
(451, 'Aliquid.', 1, 215, 215, 'Ut magnam natus sed quia.', 1, 'f3xiCdq81k', 250, 162, 7, 9, '2024-02-07 12:19:40', '2024-02-07 12:19:40', NULL),
(452, 'Etfugadolores.', 2, 399, 798, 'Dolor eaque ea dicta.', 0, 'sUJN8HxgFg', 117, 153, 17, 3, '2024-02-07 12:19:40', '2024-02-07 12:19:40', NULL),
(453, 'Similiqueut.', 2, 248, 496, 'Qui aliquam quis et.', 1, 'QydRVo7tLd', 190, 180, 3, 4, '2024-02-07 12:19:40', '2024-02-07 12:19:40', NULL),
(454, 'Velfugiat.', 1, 370, 370, 'Illo sequi voluptate rem.', 0, 'sUJN8HxgFg', 148, 139, 6, 1, '2024-02-07 12:19:40', '2024-02-07 12:19:40', NULL),
(455, 'Sapiente.', 4, 216, 864, 'Earum qui ad voluptatem.', 1, 'f3xiCdq81k', 6, 158, 39, 7, '2024-02-07 12:19:40', '2024-02-07 12:19:40', NULL),
(456, 'Earumautemet.', 2, 367, 734, 'Fugiat qui aut quasi.', 0, 'c8cv2wvB8l', 381, 172, 1, 5, '2024-02-07 12:19:40', '2024-02-07 12:19:40', NULL),
(457, 'Nonpossimus.', 2, 302, 604, 'Eaque et quis unde id.', 1, 'sUJN8HxgFg', 200, 187, 27, 2, '2024-02-07 12:19:40', '2024-02-07 12:19:40', NULL),
(458, 'Etperspiciatis.', 3, 211, 633, 'Autem aut vitae ut neque.', 0, 'wbGnntQmil', 246, 121, 33, 10, '2024-02-07 12:19:40', '2024-02-07 12:19:40', NULL),
(459, 'Earemet.', 4, 335, 1340, 'Autem quia id in iste.', 0, '9uzI7NiOao', 218, 145, 1, 7, '2024-02-07 12:19:40', '2024-02-07 12:19:40', NULL),
(460, 'Temporibus.', 4, 381, 1524, 'Labore sed dolor qui.', 0, 'RWmotgOYvt', 72, 162, 30, 6, '2024-02-07 12:19:40', '2024-02-07 12:19:40', NULL),
(461, 'Doloremque.', 4, 224, 896, 'Et vero rerum rerum.', 1, 'F8ioxlh8VT', 360, 173, 28, 6, '2024-02-07 12:19:40', '2024-02-07 12:19:40', NULL),
(462, 'Hicquiaomnis.', 1, 269, 269, 'Quas sunt delectus non.', 1, 'F8ioxlh8VT', 330, 182, 36, 7, '2024-02-07 12:19:40', '2024-02-07 12:19:40', NULL),
(463, 'Quosed.', 1, 247, 247, 'Tempore sit rem eos non.', 1, '0mocKkZUwr', 205, 189, 26, 3, '2024-02-07 12:19:40', '2024-02-07 12:19:40', NULL),
(464, 'Similiqueoptio.', 2, 280, 560, 'Quia quasi aut et.', 0, '8FWOY90d3u', 42, 102, 6, 10, '2024-02-07 12:19:40', '2024-02-07 12:19:40', NULL),
(465, 'Ipsam.', 2, 247, 494, 'Officiis odit ipsa enim.', 0, 'NejL4wgj4w', 182, 142, 8, 4, '2024-02-07 12:19:40', '2024-02-07 12:19:40', NULL),
(466, 'Solutaquis.', 2, 244, 488, 'Omnis enim quis debitis.', 0, 'f3xiCdq81k', 116, 105, 19, 8, '2024-02-07 12:19:40', '2024-02-07 12:19:40', NULL),
(467, 'Dolor.', 4, 336, 1344, 'Ipsum aut sit qui ipsam.', 0, 'QydRVo7tLd', 52, 198, 38, 7, '2024-02-07 12:19:40', '2024-02-07 12:19:40', NULL),
(468, 'Quasveritatis.', 1, 399, 399, 'Et magni quae optio est.', 0, 'c8cv2wvB8l', 253, 178, 23, 9, '2024-02-07 12:19:40', '2024-02-07 12:19:40', NULL),
(469, 'Voluptatemut.', 2, 255, 510, 'Ea eos ex aliquam quod.', 1, '4z9mSD6fzr', 340, 194, 21, 1, '2024-02-07 12:19:40', '2024-02-07 12:19:40', NULL),
(470, 'Quiseumveniam.', 4, 350, 1400, 'Culpa aperiam iste amet.', 1, 'QydRVo7tLd', 120, 136, 11, 1, '2024-02-07 12:19:40', '2024-02-07 12:19:40', NULL),
(471, 'Quiaet.', 2, 383, 766, 'Ipsum eveniet et quaerat.', 0, 'sUJN8HxgFg', 291, 101, 39, 3, '2024-02-07 12:19:40', '2024-02-07 12:19:40', NULL),
(472, 'Faceredolorem.', 1, 233, 233, 'Sed reprehenderit qui ad.', 1, 'k7MRmVY0X8', 32, 195, 33, 5, '2024-02-07 12:19:40', '2024-02-07 12:19:40', NULL),
(473, 'Commodiet.', 3, 226, 678, 'Quia minima sed sapiente.', 0, '8FWOY90d3u', 382, 174, 6, 9, '2024-02-07 12:19:40', '2024-02-07 12:19:40', NULL),
(474, 'Eumautiste.', 2, 320, 640, 'Harum sit et vero rerum.', 1, 'F8ioxlh8VT', 370, 187, 10, 4, '2024-02-07 12:19:40', '2024-02-07 12:19:40', NULL),
(475, 'Etquisquam.', 3, 370, 1110, 'Neque alias quia non.', 1, '8FWOY90d3u', 234, 111, 8, 1, '2024-02-07 12:19:40', '2024-02-07 12:19:40', NULL),
(476, 'Quiaquisquam.', 4, 220, 880, 'Modi omnis optio et quo.', 1, 'XDfFcXgT2G', 134, 197, 7, 7, '2024-02-07 12:19:40', '2024-02-07 12:19:40', NULL),
(477, 'Voluptatumvel.', 2, 335, 670, 'Et nihil dolorem a quasi.', 0, 'f3xiCdq81k', 161, 150, 18, 2, '2024-02-07 12:19:40', '2024-02-07 12:19:40', NULL),
(478, 'Aliquambeatae.', 3, 323, 969, 'Saepe qui labore fugiat.', 0, 'k7MRmVY0X8', 329, 160, 32, 6, '2024-02-07 12:19:40', '2024-02-07 12:19:40', NULL),
(479, 'Doloremque.', 4, 370, 1480, 'Dolor illum velit sint.', 1, 'wbGnntQmil', 100, 152, 23, 7, '2024-02-07 12:19:40', '2024-02-07 12:19:40', NULL),
(480, 'Delectusqui.', 3, 249, 747, 'Quia autem nobis et.', 1, 'bEUYRWupM5', 362, 179, 11, 9, '2024-02-07 12:19:40', '2024-02-07 12:19:40', NULL),
(481, 'Ipsamveronon.', 2, 324, 648, 'Dolore quae voluptas at.', 0, '4z9mSD6fzr', 303, 141, 8, 8, '2024-02-07 12:19:40', '2024-02-07 12:19:40', NULL),
(482, 'Aliquam.', 4, 327, 1308, 'Non et nam et ea in.', 1, 'Ns3an1ZfUF', 411, 167, 40, 5, '2024-02-07 12:19:40', '2024-02-07 12:19:40', NULL),
(483, 'Nihilatqui.', 1, 299, 299, 'Sunt hic aut qui minima.', 1, '4z9mSD6fzr', 400, 113, 29, 9, '2024-02-07 12:19:40', '2024-02-07 12:19:40', NULL),
(484, 'Remfugitipsum.', 4, 303, 1212, 'Ab labore qui sed.', 0, 'wbGnntQmil', 343, 166, 8, 3, '2024-02-07 12:19:40', '2024-02-07 12:19:40', NULL),
(485, 'Veniamnisiat.', 3, 208, 624, 'Hic delectus et neque.', 1, '9BIOIxokpy', 121, 190, 35, 6, '2024-02-07 12:19:40', '2024-02-07 12:19:40', NULL),
(486, 'Illumatminus.', 3, 204, 612, 'Ut delectus sequi ut vel.', 0, 'c8cv2wvB8l', 306, 154, 22, 1, '2024-02-07 12:19:40', '2024-02-07 12:19:40', NULL),
(487, 'Dolorvoluptate.', 4, 261, 1044, 'Ea ab sint aut.', 0, '2X4ye9PhIh', 416, 198, 15, 5, '2024-02-07 12:19:40', '2024-02-07 12:19:40', NULL),
(488, 'Consectetur.', 3, 352, 1056, 'Nisi et ab assumenda.', 0, 'bEUYRWupM5', 370, 128, 6, 3, '2024-02-07 12:19:40', '2024-02-07 12:19:40', NULL),
(489, 'Deserunt.', 4, 234, 936, 'Quam voluptas ab quis.', 0, '9BIOIxokpy', 163, 149, 23, 10, '2024-02-07 12:19:40', '2024-02-07 12:19:40', NULL),
(490, 'Ipsamveronon.', 3, 374, 1122, 'Optio ut sunt sint.', 1, 'QydRVo7tLd', 183, 161, 27, 6, '2024-02-07 12:19:40', '2024-02-07 12:19:40', NULL),
(491, 'Voluptateest.', 4, 258, 1032, 'Nesciunt id eum corrupti.', 0, 'c8cv2wvB8l', 241, 158, 20, 9, '2024-02-07 12:19:40', '2024-02-07 12:19:40', NULL),
(492, 'Earumutsit.', 1, 270, 270, 'Voluptatem ut earum sed.', 0, 'NejL4wgj4w', 106, 109, 17, 9, '2024-02-07 12:19:40', '2024-02-07 12:19:40', NULL),
(493, 'Doloremnumquam.', 3, 395, 1185, 'Ut et cum iste id.', 1, 'XDfFcXgT2G', 284, 170, 26, 7, '2024-02-07 12:19:40', '2024-02-07 12:19:40', NULL),
(494, 'Sintvel.', 4, 244, 976, 'A autem aut non nemo hic.', 0, 'f3xiCdq81k', 23, 122, 15, 7, '2024-02-07 12:19:40', '2024-02-07 12:19:40', NULL),
(495, 'Perferendisea.', 1, 209, 209, 'Sed et maxime illum in.', 1, '9uzI7NiOao', 124, 102, 8, 6, '2024-02-07 12:19:40', '2024-02-07 12:19:40', NULL),
(496, 'Commodiplaceat.', 1, 305, 305, 'Nihil quis quia soluta.', 1, '4z9mSD6fzr', 353, 143, 31, 4, '2024-02-07 12:19:40', '2024-02-07 12:19:40', NULL),
(497, 'Architecto.', 4, 375, 1500, 'Aut ea et ea.', 1, 'k7MRmVY0X8', 414, 109, 20, 7, '2024-02-07 12:19:40', '2024-02-07 12:19:40', NULL),
(498, 'Exestsuntnon.', 1, 280, 280, 'Est aut quia illo.', 0, 'NejL4wgj4w', 306, 116, 17, 10, '2024-02-07 12:19:40', '2024-02-07 12:19:40', NULL),
(499, 'Etautcorporis.', 1, 347, 347, 'Non et quia cumque.', 0, 'MY16uYysyt', 135, 153, 26, 10, '2024-02-07 12:19:40', '2024-02-07 12:19:40', NULL),
(500, 'Commodifacere.', 4, 350, 1400, 'Quod et enim aut.', 1, 'wbGnntQmil', 274, 117, 38, 4, '2024-02-07 12:19:40', '2024-02-07 12:19:40', NULL),
(501, 'Commodiaperiam.', 4, 253, 1012, 'Ut numquam earum ut.', 0, 'wbGnntQmil', 134, 127, 32, 5, '2024-02-07 12:19:40', '2024-02-07 12:19:40', NULL),
(502, 'Consequaturid.', 2, 209, 418, 'Ut molestiae magnam ipsa.', 1, 'bEUYRWupM5', 195, 183, 2, 7, '2024-02-07 12:19:40', '2024-02-07 12:19:40', NULL),
(503, 'Esteumsunt.', 2, 266, 532, 'Et dolore iste ut.', 1, 'QydRVo7tLd', 17, 138, 22, 4, '2024-02-07 12:19:40', '2024-02-07 12:19:40', NULL),
(504, 'Doloresiste.', 1, 269, 269, 'Odit doloremque ipsa eum.', 0, 'bEUYRWupM5', 29, 139, 4, 2, '2024-02-07 12:19:40', '2024-02-07 12:19:40', NULL),
(505, 'Etaccusamus.', 4, 339, 1356, 'Modi ab culpa maiores.', 0, '2X4ye9PhIh', 102, 182, 17, 8, '2024-02-07 12:19:40', '2024-02-07 12:19:40', NULL),
(506, 'Doloresvitae.', 4, 221, 884, 'Fugit in sed qui.', 1, 'MY16uYysyt', 285, 195, 32, 6, '2024-02-07 12:19:40', '2024-02-07 12:19:40', NULL),
(507, 'Fugitquodet.', 2, 211, 422, 'Odio magnam porro libero.', 1, 'NejL4wgj4w', 301, 130, 1, 7, '2024-02-07 12:19:40', '2024-02-07 12:19:40', NULL),
(508, 'Iustoitaque.', 1, 400, 400, 'Quaerat ut culpa velit.', 0, '9BIOIxokpy', 219, 164, 40, 10, '2024-02-07 12:19:40', '2024-02-07 12:19:40', NULL),
(509, 'Omniscommodi.', 1, 282, 282, 'Non et corporis eius ex.', 0, 'c8cv2wvB8l', 276, 131, 9, 5, '2024-02-07 12:19:40', '2024-02-07 12:19:40', NULL),
(510, 'Verosapiente.', 3, 326, 978, 'Quis ipsa ad totam porro.', 1, 'QydRVo7tLd', 100, 163, 22, 10, '2024-02-07 12:19:40', '2024-02-07 12:19:40', NULL),
(511, 'Sedneque.', 4, 216, 864, 'Omnis impedit in non.', 1, '9uzI7NiOao', 202, 121, 37, 10, '2024-02-07 12:19:40', '2024-02-07 12:19:40', NULL),
(512, 'Harumearum.', 4, 242, 968, 'Dolore totam ut non.', 1, 'Qrs72gsjGa', 408, 119, 6, 4, '2024-02-07 12:19:40', '2024-02-07 12:19:40', NULL),
(513, 'Velitfugiat.', 1, 305, 305, 'Qui rerum impedit eius.', 1, '4z9mSD6fzr', 130, 131, 36, 8, '2024-02-07 12:19:40', '2024-02-07 12:19:40', NULL),
(514, 'Doloremoptio.', 3, 319, 957, 'Maxime est omnis commodi.', 1, 'k7MRmVY0X8', 343, 197, 18, 10, '2024-02-07 12:19:40', '2024-02-07 12:19:40', NULL),
(515, 'Quiseumveniam.', 1, 322, 322, 'Qui ab a quo.', 1, 'NejL4wgj4w', 44, 194, 17, 2, '2024-02-07 12:19:40', '2024-02-07 12:19:40', NULL),
(516, 'Eossitquos.', 1, 303, 303, 'Sint et earum sed.', 0, 'bEUYRWupM5', 38, 179, 20, 7, '2024-02-07 12:19:40', '2024-02-07 12:19:40', NULL),
(517, 'Dolorvoluptate.', 4, 295, 1180, 'Qui omnis voluptas unde.', 0, 'wbGnntQmil', 227, 114, 12, 1, '2024-02-07 12:19:40', '2024-02-07 12:19:40', NULL),
(518, 'Voluptate.', 3, 302, 906, 'Nisi aut dolor tempora.', 0, 'RWmotgOYvt', 380, 134, 27, 2, '2024-02-07 12:19:40', '2024-02-07 12:19:40', NULL),
(519, 'Doloribus.', 4, 287, 1148, 'Quod dolor et non et.', 1, 'c8cv2wvB8l', 199, 126, 9, 1, '2024-02-07 12:19:40', '2024-02-07 12:19:40', NULL),
(520, 'Voluptas.', 4, 339, 1356, 'Sint eius non quo.', 0, 'Ns3an1ZfUF', 386, 130, 13, 7, '2024-02-07 12:19:40', '2024-02-07 12:19:40', NULL),
(521, 'Veniamcumque.', 4, 208, 832, 'Et quia qui vitae odit.', 1, 'MY16uYysyt', 407, 174, 23, 8, '2024-02-07 12:19:40', '2024-02-07 12:19:40', NULL),
(522, 'Blanditiisut.', 2, 379, 758, 'Quam et eius odit et.', 1, '8FWOY90d3u', 255, 179, 11, 5, '2024-02-07 12:19:40', '2024-02-07 12:19:40', NULL),
(523, 'Utnulla.', 3, 291, 873, 'Fuga et ea ipsam quo.', 1, '0mocKkZUwr', 12, 176, 6, 5, '2024-02-07 12:19:40', '2024-02-07 12:19:40', NULL),
(524, 'Estasperiores.', 1, 210, 210, 'Aut quia aut harum.', 0, '9uzI7NiOao', 43, 140, 14, 7, '2024-02-07 12:19:40', '2024-02-07 12:19:40', NULL),
(525, 'Aspernaturquo.', 2, 274, 548, 'Eos suscipit qui quis et.', 0, '8FWOY90d3u', 161, 175, 22, 3, '2024-02-07 12:19:40', '2024-02-07 12:19:40', NULL),
(526, 'Culpaquod.', 2, 358, 716, 'Aliquam est fuga animi.', 0, '2X4ye9PhIh', 403, 153, 17, 9, '2024-02-07 12:19:40', '2024-02-07 12:19:40', NULL),
(527, 'Quodvelit.', 3, 384, 1152, 'In ex quo sint non.', 1, '9BIOIxokpy', 24, 142, 18, 4, '2024-02-07 12:19:40', '2024-02-07 12:19:40', NULL),
(528, 'Recusandae.', 1, 326, 326, 'Sint itaque expedita id.', 1, 'sUJN8HxgFg', 132, 152, 17, 1, '2024-02-07 12:19:40', '2024-02-07 12:19:40', NULL),
(529, 'Quosetneque.', 2, 202, 404, 'Beatae cum odio et.', 1, 'RWmotgOYvt', 70, 135, 26, 7, '2024-02-07 12:19:40', '2024-02-07 12:19:40', NULL),
(530, 'Molestias.', 3, 329, 987, 'Voluptatem veniam ut et.', 0, '2X4ye9PhIh', 63, 120, 35, 10, '2024-02-07 12:19:40', '2024-02-07 12:19:40', NULL),
(531, 'Autmagnamaut.', 1, 313, 313, 'In sed quia ut id.', 0, 'wbGnntQmil', 85, 195, 3, 7, '2024-02-07 12:19:40', '2024-02-07 12:19:40', NULL),
(532, 'Utsednisi.', 1, 294, 294, 'Sit corporis eius aut.', 0, '9uzI7NiOao', 98, 116, 26, 5, '2024-02-07 12:19:40', '2024-02-07 12:19:40', NULL),
(533, 'Voluptatemin.', 2, 222, 444, 'Qui a et at.', 1, '9BIOIxokpy', 139, 196, 20, 1, '2024-02-07 12:19:40', '2024-02-07 12:19:40', NULL),
(534, 'Quodsintnon.', 3, 314, 942, 'Et sed optio nisi qui.', 1, 'MY16uYysyt', 35, 132, 8, 1, '2024-02-07 12:19:40', '2024-02-07 12:19:40', NULL),
(535, 'Ullamrerum.', 3, 211, 633, 'Nihil et voluptate dolor.', 0, 'MY16uYysyt', 186, 172, 18, 8, '2024-02-07 12:19:40', '2024-02-07 12:19:40', NULL),
(536, 'Omnisdolorem.', 2, 222, 444, 'Aut aut harum ea autem.', 0, '4z9mSD6fzr', 403, 163, 17, 7, '2024-02-07 12:19:40', '2024-02-07 12:19:40', NULL),
(537, 'Underepellat.', 3, 238, 714, 'Hic sed est qui.', 1, 'wbGnntQmil', 124, 102, 30, 5, '2024-02-07 12:19:40', '2024-02-07 12:19:40', NULL),
(538, 'Explicabo.', 3, 224, 672, 'A ut modi veniam atque.', 1, 'k7MRmVY0X8', 245, 122, 7, 6, '2024-02-07 12:19:40', '2024-02-07 12:19:40', NULL),
(539, 'Voluptate.', 2, 219, 438, 'Error sed et eligendi ea.', 0, 'NejL4wgj4w', 220, 104, 40, 2, '2024-02-07 12:19:40', '2024-02-07 12:19:40', NULL),
(540, 'Etquasmagni.', 2, 362, 724, 'Quasi enim alias sit et.', 0, 'Ns3an1ZfUF', 2, 155, 37, 4, '2024-02-07 12:19:40', '2024-02-07 12:19:40', NULL),
(541, 'Adlaudantium.', 4, 262, 1048, 'Illo velit ad pariatur.', 0, 'NejL4wgj4w', 60, 165, 35, 2, '2024-02-07 12:19:40', '2024-02-07 12:19:40', NULL),
(542, 'Architecto.', 3, 362, 1086, 'Dolor aut iure ut.', 1, 'MY16uYysyt', 74, 158, 1, 2, '2024-02-07 12:19:40', '2024-02-07 12:19:40', NULL),
(543, 'Pariaturaut.', 1, 258, 258, 'In quam in autem quo.', 0, '2X4ye9PhIh', 127, 198, 2, 5, '2024-02-07 12:19:40', '2024-02-07 12:19:40', NULL),
(544, 'Odiodoloremque.', 3, 350, 1050, 'Magni sed et minus.', 0, '2X4ye9PhIh', 301, 113, 17, 1, '2024-02-07 12:19:40', '2024-02-07 12:19:40', NULL),
(545, 'Molestiae.', 3, 210, 630, 'Aut quia ut est autem.', 1, 'MY16uYysyt', 373, 175, 14, 4, '2024-02-07 12:19:40', '2024-02-07 12:19:40', NULL),
(546, 'Vitaemagnam.', 3, 396, 1188, 'Ut officia amet ex quae.', 0, 'f3xiCdq81k', 208, 134, 6, 2, '2024-02-07 12:19:40', '2024-02-07 12:19:40', NULL),
(547, 'Eosquae.', 3, 364, 1092, 'Dolor expedita ab dolore.', 0, '9uzI7NiOao', 51, 148, 37, 1, '2024-02-07 12:19:40', '2024-02-07 12:19:40', NULL),
(548, 'Fugitquodet.', 1, 345, 345, 'Ab magnam nobis et optio.', 0, 'NejL4wgj4w', 215, 135, 31, 2, '2024-02-07 12:19:40', '2024-02-07 12:19:40', NULL),
(549, 'Etfugadolores.', 2, 311, 622, 'Impedit et tempora ut.', 1, 'Ns3an1ZfUF', 10, 135, 17, 7, '2024-02-07 12:19:40', '2024-02-07 12:19:40', NULL),
(550, 'Eumdoloribus.', 2, 263, 526, 'Rerum eos autem aut quod.', 1, 'Ns3an1ZfUF', 65, 168, 22, 4, '2024-02-07 12:19:40', '2024-02-07 12:19:40', NULL),
(551, 'Velitdeleniti.', 2, 326, 652, 'Neque id ea earum qui.', 0, 'Ns3an1ZfUF', 265, 135, 33, 8, '2024-02-07 12:19:40', '2024-02-07 12:19:40', NULL),
(552, 'Quisquamrerum.', 2, 224, 448, 'Aut et sed et modi.', 0, 'NejL4wgj4w', 31, 173, 35, 7, '2024-02-07 12:19:40', '2024-02-07 12:19:40', NULL),
(553, 'Estrerumsunt.', 4, 381, 1524, 'Ad minus quisquam aut.', 1, 'F8ioxlh8VT', 221, 162, 18, 7, '2024-02-07 12:19:40', '2024-02-07 12:19:40', NULL),
(554, 'Quae.', 1, 346, 346, 'Quo autem et suscipit.', 0, '2X4ye9PhIh', 37, 189, 29, 1, '2024-02-07 12:19:40', '2024-02-07 12:19:40', NULL),
(555, 'Autemplaceat.', 3, 206, 618, 'Aut et illo autem et.', 1, 'RWmotgOYvt', 208, 158, 7, 4, '2024-02-07 12:19:40', '2024-02-07 12:19:40', NULL),
(556, 'Istequia.', 1, 399, 399, 'Et ratione est soluta.', 1, 'MY16uYysyt', 68, 126, 4, 2, '2024-02-07 12:19:40', '2024-02-07 12:19:40', NULL),
(557, 'Eumet.', 1, 332, 332, 'Ea sunt ipsum at.', 0, 'QydRVo7tLd', 35, 156, 12, 6, '2024-02-07 12:19:40', '2024-02-07 12:19:40', NULL),
(558, 'Inpraesentium.', 1, 245, 245, 'Ipsam et sequi eos sed.', 1, 'NejL4wgj4w', 376, 103, 7, 7, '2024-02-07 12:19:40', '2024-02-07 12:19:40', NULL),
(559, 'Blanditiis.', 4, 391, 1564, 'Atque eligendi est omnis.', 0, 'f3xiCdq81k', 262, 148, 38, 3, '2024-02-07 12:19:40', '2024-02-07 12:19:40', NULL),
(560, 'Omnismodiquod.', 4, 324, 1296, 'Sed sunt qui possimus ut.', 1, '2X4ye9PhIh', 306, 132, 20, 3, '2024-02-07 12:19:40', '2024-02-07 12:19:40', NULL),
(561, 'Aliquambeatae.', 3, 238, 714, 'Illum non quis ratione.', 1, 'F8ioxlh8VT', 355, 117, 9, 9, '2024-02-07 12:19:40', '2024-02-07 12:19:40', NULL),
(562, 'Commodiaperiam.', 3, 298, 894, 'Et rem nemo sint.', 1, 'XDfFcXgT2G', 195, 189, 2, 1, '2024-02-07 12:19:40', '2024-02-07 12:19:40', NULL),
(563, 'Illumatminus.', 1, 338, 338, 'Ipsum quibusdam qui rem.', 0, 'k7MRmVY0X8', 337, 193, 39, 8, '2024-02-07 12:19:40', '2024-02-07 12:19:40', NULL),
(564, 'Inventoresequi.', 3, 389, 1167, 'Ut accusantium quo unde.', 1, 'XDfFcXgT2G', 302, 100, 28, 2, '2024-02-07 12:19:40', '2024-02-07 12:19:40', NULL),
(565, 'Aenimnesciunt.', 3, 288, 864, 'Minima vitae quod in.', 0, 'sUJN8HxgFg', 398, 123, 10, 9, '2024-02-07 12:19:40', '2024-02-07 12:19:40', NULL),
(566, 'Estquodautem.', 3, 375, 1125, 'Sed quis ut id.', 0, 'sUJN8HxgFg', 214, 113, 27, 5, '2024-02-07 12:19:40', '2024-02-07 12:19:40', NULL),
(567, 'Omnisquis.', 3, 392, 1176, 'Sint animi nobis nihil.', 1, 'c8cv2wvB8l', 57, 197, 21, 9, '2024-02-07 12:19:40', '2024-02-07 12:19:40', NULL),
(568, 'Doloresvitae.', 4, 317, 1268, 'Dolor eos quia explicabo.', 1, 'QydRVo7tLd', 106, 145, 23, 7, '2024-02-07 12:19:40', '2024-02-07 12:19:40', NULL),
(569, 'Autcum.', 4, 307, 1228, 'Sunt dolorem fuga sit.', 0, 'f3xiCdq81k', 3, 136, 40, 3, '2024-02-07 12:19:40', '2024-02-07 12:19:40', NULL),
(570, 'Assumendaiusto.', 1, 304, 304, 'Nisi itaque iusto qui.', 0, 'F8ioxlh8VT', 166, 143, 15, 10, '2024-02-07 12:19:40', '2024-02-07 12:19:40', NULL),
(571, 'Etquae.', 1, 337, 337, 'Non quo ipsa et non.', 0, 'MY16uYysyt', 124, 110, 15, 6, '2024-02-07 12:19:40', '2024-02-07 12:19:40', NULL),
(572, 'Beataemagnam.', 2, 245, 490, 'Rerum sed non ex est.', 1, 'MY16uYysyt', 133, 123, 5, 4, '2024-02-07 12:19:40', '2024-02-07 12:19:40', NULL),
(573, 'Possimus.', 4, 202, 808, 'Id ut in nesciunt ut.', 1, '8FWOY90d3u', 420, 183, 9, 7, '2024-02-07 12:19:40', '2024-02-07 12:19:40', NULL),
(574, 'Veniamcumque.', 2, 373, 746, 'Aut sequi ut velit.', 0, 'wbGnntQmil', 261, 148, 36, 2, '2024-02-07 12:19:40', '2024-02-07 12:19:40', NULL),
(575, 'Voluptate.', 4, 361, 1444, 'Sit aut praesentium sed.', 1, 'k7MRmVY0X8', 209, 190, 7, 5, '2024-02-07 12:19:40', '2024-02-07 12:19:40', NULL),
(576, 'Ametet.', 3, 334, 1002, 'Et qui earum nobis.', 1, 'k7MRmVY0X8', 312, 109, 1, 7, '2024-02-07 12:19:40', '2024-02-07 12:19:40', NULL),
(577, 'Autnihilqui.', 1, 278, 278, 'Non ut maiores ut.', 0, '8FWOY90d3u', 197, 172, 22, 8, '2024-02-07 12:19:40', '2024-02-07 12:19:40', NULL),
(578, 'Quiaoccaecati.', 1, 322, 322, 'Nulla odit alias harum.', 0, '9uzI7NiOao', 373, 137, 8, 7, '2024-02-07 12:19:40', '2024-02-07 12:19:40', NULL),
(579, 'Velitdeleniti.', 2, 379, 758, 'Aut sit quo in quibusdam.', 1, 'sUJN8HxgFg', 173, 168, 13, 9, '2024-02-07 12:19:40', '2024-02-07 12:19:40', NULL),
(580, 'Addistinctio.', 1, 364, 364, 'Sit sint sunt accusamus.', 1, 'k7MRmVY0X8', 367, 131, 38, 10, '2024-02-07 12:19:40', '2024-02-07 12:19:40', NULL),
(581, 'Natussimilique.', 2, 300, 600, 'Qui ut totam quia.', 1, '0mocKkZUwr', 101, 151, 22, 2, '2024-02-07 12:19:40', '2024-02-07 12:19:40', NULL),
(582, 'Faciliseos.', 2, 306, 612, 'Modi omnis maxime eaque.', 1, 'k7MRmVY0X8', 161, 162, 10, 10, '2024-02-07 12:19:40', '2024-02-07 12:19:40', NULL),
(583, 'Recusandae.', 4, 375, 1500, 'Aut commodi enim est.', 1, 'sUJN8HxgFg', 221, 158, 24, 3, '2024-02-07 12:19:40', '2024-02-07 12:19:40', NULL),
(584, 'Molestias.', 1, 355, 355, 'Eum iure ut sunt ipsum.', 1, 'QydRVo7tLd', 228, 103, 20, 7, '2024-02-07 12:19:40', '2024-02-07 12:19:40', NULL),
(585, 'Odioetomnis.', 1, 292, 292, 'Ut eius iusto itaque ex.', 0, 'Ns3an1ZfUF', 355, 141, 5, 5, '2024-02-07 12:19:40', '2024-02-07 12:19:40', NULL),
(586, 'Accusantium.', 1, 325, 325, 'Quam nam autem ipsa aut.', 0, 'QydRVo7tLd', 292, 199, 9, 3, '2024-02-07 12:19:40', '2024-02-07 12:19:40', NULL),
(587, 'Odioetomnis.', 2, 335, 670, 'Modi ea qui ea aut.', 0, 'k7MRmVY0X8', 162, 172, 9, 3, '2024-02-07 12:19:40', '2024-02-07 12:19:40', NULL),
(588, 'Voluptateest.', 1, 365, 365, 'Vero omnis quia fugiat.', 1, 'F8ioxlh8VT', 151, 164, 18, 7, '2024-02-07 12:19:40', '2024-02-07 12:19:40', NULL),
(589, 'Eaetcum.', 2, 227, 454, 'Unde rerum nemo ea qui.', 1, 'sUJN8HxgFg', 177, 103, 2, 9, '2024-02-07 12:19:40', '2024-02-07 12:19:40', NULL),
(590, 'Sitvoluptatem.', 3, 288, 864, 'Impedit et autem vel sit.', 1, 'Qrs72gsjGa', 370, 122, 18, 10, '2024-02-07 12:19:40', '2024-02-07 12:19:40', NULL),
(591, 'Culpaeiusat.', 4, 244, 976, 'Qui et et est dolore.', 0, '0mocKkZUwr', 11, 105, 6, 5, '2024-02-07 12:19:40', '2024-02-07 12:19:40', NULL),
(592, 'Quissuntdicta.', 2, 398, 796, 'Doloribus est eum porro.', 0, '9BIOIxokpy', 304, 156, 32, 4, '2024-02-07 12:19:40', '2024-02-07 12:19:40', NULL),
(593, 'Totam.', 3, 324, 972, 'Et qui ut quia facilis.', 1, 'k7MRmVY0X8', 136, 167, 22, 10, '2024-02-07 12:19:40', '2024-02-07 12:19:40', NULL),
(594, 'Doloresiste.', 1, 345, 345, 'Ea esse perspiciatis qui.', 1, '4z9mSD6fzr', 1, 169, 12, 9, '2024-02-07 12:19:40', '2024-02-07 12:19:40', NULL),
(595, 'Minuseligendi.', 3, 362, 1086, 'Libero dolor nobis eaque.', 0, 'QydRVo7tLd', 124, 142, 25, 8, '2024-02-07 12:19:40', '2024-02-07 12:19:40', NULL),
(596, 'Reiciendis.', 3, 222, 666, 'Culpa fuga rerum ducimus.', 1, 'NejL4wgj4w', 9, 106, 11, 10, '2024-02-07 12:19:40', '2024-02-07 12:19:40', NULL),
(597, 'Eosvoluptates.', 4, 258, 1032, 'A molestiae labore ex.', 0, 'NejL4wgj4w', 143, 104, 37, 10, '2024-02-07 12:19:40', '2024-02-07 12:19:40', NULL),
(598, 'Dolor.', 3, 211, 633, 'Quia sed quibusdam non.', 0, 'XDfFcXgT2G', 53, 103, 9, 2, '2024-02-07 12:19:40', '2024-02-07 12:19:40', NULL),
(599, 'Cumnihilsit.', 1, 213, 213, 'Non nihil enim omnis.', 1, 'RWmotgOYvt', 189, 104, 10, 1, '2024-02-07 12:19:40', '2024-02-07 12:19:40', NULL),
(600, 'Totam.', 1, 254, 254, 'Et aperiam rerum ipsum.', 1, 'F8ioxlh8VT', 140, 111, 5, 9, '2024-02-07 12:19:40', '2024-02-07 12:19:40', NULL),
(601, 'Optio.', 1, 361, 361, 'Cumque ad non aut.', 1, 'bEUYRWupM5', 113, 144, 5, 3, '2024-02-07 12:19:40', '2024-02-07 12:19:40', NULL),
(602, 'Inventoreporro.', 1, 386, 386, 'Et ut et accusantium.', 0, 'bEUYRWupM5', 398, 185, 8, 6, '2024-02-07 12:19:40', '2024-02-07 12:19:40', NULL),
(603, 'Etautcorporis.', 3, 242, 726, 'Ex qui esse atque illum.', 1, '2X4ye9PhIh', 387, 197, 17, 1, '2024-02-07 12:19:40', '2024-02-07 12:19:40', NULL),
(604, 'Utnulla.', 2, 277, 554, 'Ex et voluptas sunt aut.', 0, 'f3xiCdq81k', 183, 129, 7, 1, '2024-02-07 12:19:40', '2024-02-07 12:19:40', NULL),
(605, 'Omnis.', 2, 244, 488, 'Nemo maxime dolores ea.', 0, 'Qrs72gsjGa', 134, 154, 18, 8, '2024-02-07 12:19:40', '2024-02-07 12:19:40', NULL),
(606, 'Etperspiciatis.', 3, 201, 603, 'Ut at ut nostrum et.', 1, 'Qrs72gsjGa', 179, 184, 20, 9, '2024-02-07 12:19:40', '2024-02-07 12:19:40', NULL),
(607, 'Etetsint.', 4, 328, 1312, 'Et saepe quod omnis.', 1, 'QydRVo7tLd', 239, 157, 3, 3, '2024-02-07 12:19:40', '2024-02-07 12:19:40', NULL),
(608, 'Sitaliquam.', 3, 241, 723, 'Ut error odit est ea non.', 1, 'XDfFcXgT2G', 245, 136, 32, 4, '2024-02-07 12:19:40', '2024-02-07 12:19:40', NULL),
(609, 'Explicaboest.', 4, 339, 1356, 'Quis enim qui nemo.', 0, '2X4ye9PhIh', 407, 108, 17, 5, '2024-02-07 12:19:40', '2024-02-07 12:19:40', NULL),
(610, 'Rerumtempora.', 1, 294, 294, 'Temporibus odio quos et.', 1, 'bEUYRWupM5', 407, 133, 24, 10, '2024-02-07 12:19:40', '2024-02-07 12:19:40', NULL),
(611, 'Temporibus.', 1, 335, 335, 'Consequatur a est nulla.', 1, 'k7MRmVY0X8', 234, 141, 11, 10, '2024-02-07 12:19:40', '2024-02-07 12:19:40', NULL),
(612, 'Nonetalias.', 3, 356, 1068, 'Illo et ut laborum nulla.', 1, '0mocKkZUwr', 26, 105, 1, 7, '2024-02-07 12:19:40', '2024-02-07 12:19:40', NULL),
(613, 'Voluptatem.', 4, 274, 1096, 'Rem hic asperiores nam.', 0, '4z9mSD6fzr', 72, 105, 1, 2, '2024-02-07 12:19:40', '2024-02-07 12:19:40', NULL),
(614, 'Uteavitae.', 2, 232, 464, 'Dolores omnis est omnis.', 0, '9BIOIxokpy', 71, 108, 26, 6, '2024-02-07 12:19:40', '2024-02-07 12:19:40', NULL),
(615, 'Corporis.', 3, 294, 882, 'Sint et et autem aut.', 1, 'k7MRmVY0X8', 70, 126, 19, 5, '2024-02-07 12:19:40', '2024-02-07 12:19:40', NULL),
(616, 'Corruptiipsam.', 1, 291, 291, 'Minima est ipsa saepe.', 1, 'wbGnntQmil', 361, 107, 40, 8, '2024-02-07 12:19:40', '2024-02-07 12:19:40', NULL),
(617, 'Estautem.', 2, 374, 748, 'Rerum saepe ut soluta.', 1, 'f3xiCdq81k', 402, 156, 40, 1, '2024-02-07 12:19:40', '2024-02-07 12:19:40', NULL),
(618, 'Nesciunt.', 3, 295, 885, 'Et nihil fuga sed illo.', 1, 'MY16uYysyt', 170, 162, 23, 2, '2024-02-07 12:19:40', '2024-02-07 12:19:40', NULL),
(619, 'Etasperiores.', 3, 365, 1095, 'Sed ut eos sed et.', 1, 'NejL4wgj4w', 99, 141, 17, 2, '2024-02-07 12:19:40', '2024-02-07 12:19:40', NULL),
(620, 'Harumnonet.', 1, 309, 309, 'Amet aut sed iste.', 1, '9uzI7NiOao', 279, 119, 4, 10, '2024-02-07 12:19:40', '2024-02-07 12:19:40', NULL),
(621, 'Repellendus.', 1, 304, 304, 'Id distinctio est ea.', 1, 'sUJN8HxgFg', 374, 174, 40, 9, '2024-02-07 12:19:40', '2024-02-07 12:19:40', NULL),
(622, 'Ametvoluptatum.', 1, 291, 291, 'Eum corrupti ad atque.', 1, '9BIOIxokpy', 316, 112, 21, 9, '2024-02-07 12:19:40', '2024-02-07 12:19:40', NULL),
(623, 'Estrem.', 2, 297, 594, 'Quisquam aut odio sint.', 1, '8FWOY90d3u', 109, 140, 10, 8, '2024-02-07 12:19:40', '2024-02-07 12:19:40', NULL),
(624, 'Etnatuseius.', 2, 326, 652, 'Dolor quidem debitis id.', 0, 'Ns3an1ZfUF', 349, 166, 27, 9, '2024-02-07 12:19:40', '2024-02-07 12:19:40', NULL),
(625, 'Blanditiisut.', 4, 328, 1312, 'Eum autem quasi quos qui.', 1, 'f3xiCdq81k', 217, 108, 31, 5, '2024-02-07 12:19:40', '2024-02-07 12:19:40', NULL),
(626, 'Remfugitipsum.', 3, 352, 1056, 'Et eum vel est.', 0, 'sUJN8HxgFg', 228, 143, 34, 1, '2024-02-07 12:19:40', '2024-02-07 12:19:40', NULL),
(627, 'Veroeum.', 1, 326, 326, 'Sit ab consectetur iure.', 1, 'bEUYRWupM5', 353, 191, 39, 1, '2024-02-07 12:19:40', '2024-02-07 12:19:40', NULL),
(628, 'Velomnisesse.', 3, 222, 666, 'Aliquid omnis dolor quis.', 0, 'bEUYRWupM5', 386, 125, 39, 8, '2024-02-07 12:19:40', '2024-02-07 12:19:40', NULL),
(629, 'Etperspiciatis.', 4, 369, 1476, 'Vel odit qui fuga minus.', 1, 'RWmotgOYvt', 406, 154, 35, 4, '2024-02-07 12:19:40', '2024-02-07 12:19:40', NULL),
(630, 'Dignissimos.', 2, 384, 768, 'Et nemo et quod amet.', 0, 'k7MRmVY0X8', 207, 196, 17, 2, '2024-02-07 12:19:40', '2024-02-07 12:19:40', NULL),
(631, 'Nihil.', 3, 266, 798, 'Eaque id at iusto ut.', 0, '9BIOIxokpy', 262, 118, 8, 9, '2024-02-07 12:19:40', '2024-02-07 12:19:40', NULL),
(632, 'Atfugiatdolor.', 2, 269, 538, 'Saepe facere ab est.', 1, 'c8cv2wvB8l', 267, 103, 37, 7, '2024-02-07 12:19:40', '2024-02-07 12:19:40', NULL),
(633, 'Omnisquis.', 2, 291, 582, 'Eveniet enim porro quos.', 0, '9uzI7NiOao', 117, 161, 12, 9, '2024-02-07 12:19:40', '2024-02-07 12:19:40', NULL),
(634, 'Idautem.', 3, 381, 1143, 'Sapiente aut eum aut ea.', 1, 'NejL4wgj4w', 276, 196, 39, 6, '2024-02-07 12:19:40', '2024-02-07 12:19:40', NULL),
(635, 'Illumharumea.', 4, 200, 800, 'Ut fuga omnis et ut sit.', 1, '9uzI7NiOao', 99, 197, 27, 4, '2024-02-07 12:19:40', '2024-02-07 12:19:40', NULL),
(636, 'Autvoluptatem.', 1, 204, 204, 'Qui et tenetur quos.', 1, '0mocKkZUwr', 87, 199, 29, 7, '2024-02-07 12:19:40', '2024-02-07 12:19:40', NULL),
(637, 'Asperioresnisi.', 4, 234, 936, 'Alias qui sit omnis.', 1, 'bEUYRWupM5', 204, 106, 3, 9, '2024-02-07 12:19:40', '2024-02-07 12:19:40', NULL),
(638, 'Commodised.', 2, 323, 646, 'Ex et praesentium qui.', 1, 'wbGnntQmil', 78, 130, 9, 2, '2024-02-07 12:19:40', '2024-02-07 12:19:40', NULL),
(639, 'Rerumdicta.', 1, 393, 393, 'Modi nobis cum qui et.', 1, 'XDfFcXgT2G', 36, 135, 3, 6, '2024-02-07 12:19:40', '2024-02-07 12:19:40', NULL),
(640, 'Autnesciunt.', 2, 309, 618, 'Modi sed et id tempore.', 1, 'Qrs72gsjGa', 116, 187, 35, 6, '2024-02-07 12:19:40', '2024-02-07 12:19:40', NULL),
(641, 'Inventorequi.', 2, 297, 594, 'Ut qui debitis sint.', 1, '0mocKkZUwr', 271, 128, 4, 9, '2024-02-07 12:19:40', '2024-02-07 12:19:40', NULL),
(642, 'Beataeest.', 1, 342, 342, 'Aut aut illo est nulla.', 1, 'XDfFcXgT2G', 187, 179, 8, 8, '2024-02-07 12:19:40', '2024-02-07 12:19:40', NULL),
(643, 'Nihilipsa.', 1, 342, 342, 'Deleniti eum et qui.', 0, '9uzI7NiOao', 84, 112, 17, 8, '2024-02-07 12:19:40', '2024-02-07 12:19:40', NULL),
(644, 'Utsednisi.', 1, 262, 262, 'Et rerum quam et non.', 0, 'RWmotgOYvt', 236, 125, 33, 10, '2024-02-07 12:19:40', '2024-02-07 12:19:40', NULL),
(645, 'Sitvoluptatem.', 4, 240, 960, 'Autem est sunt aut quam.', 1, 'k7MRmVY0X8', 168, 187, 36, 10, '2024-02-07 12:19:40', '2024-02-07 12:19:40', NULL),
(646, 'Eumearumtotam.', 4, 244, 976, 'Omnis in natus aut.', 0, 'Qrs72gsjGa', 87, 161, 24, 1, '2024-02-07 12:19:40', '2024-02-07 12:19:40', NULL),
(647, 'Aut.', 3, 257, 771, 'Dolor nulla nemo est.', 0, 'Ns3an1ZfUF', 398, 145, 33, 6, '2024-02-07 12:19:40', '2024-02-07 12:19:40', NULL),
(648, 'Architecto.', 3, 257, 771, 'Placeat quae sit est vel.', 0, 'wbGnntQmil', 153, 141, 20, 7, '2024-02-07 12:19:40', '2024-02-07 12:19:40', NULL),
(649, 'Sintvel.', 2, 299, 598, 'Eius quasi nemo quam ab.', 0, '9BIOIxokpy', 220, 172, 29, 9, '2024-02-07 12:19:40', '2024-02-07 12:19:40', NULL),
(650, 'Commodised.', 4, 205, 820, 'Optio culpa et in soluta.', 1, '4z9mSD6fzr', 44, 138, 31, 10, '2024-02-07 12:19:40', '2024-02-07 12:19:40', NULL),
(651, 'Voluptate.', 4, 286, 1144, 'Est quae quia ut numquam.', 1, '8FWOY90d3u', 80, 174, 27, 7, '2024-02-07 12:19:40', '2024-02-07 12:19:40', NULL),
(652, 'Estquodautem.', 2, 292, 584, 'Beatae sed fuga possimus.', 1, 'Qrs72gsjGa', 361, 156, 34, 7, '2024-02-07 12:19:40', '2024-02-07 12:19:40', NULL),
(653, 'Quiamaiores.', 2, 382, 764, 'Et nobis quae error cum.', 0, 'wbGnntQmil', 205, 160, 10, 8, '2024-02-07 12:19:40', '2024-02-07 12:19:40', NULL),
(654, 'Nihilnon.', 3, 293, 879, 'Nulla et ullam quidem.', 1, 'Qrs72gsjGa', 274, 131, 25, 6, '2024-02-07 12:19:40', '2024-02-07 12:19:40', NULL),
(655, 'Omnismolestias.', 2, 271, 542, 'Libero eveniet enim sunt.', 0, '2X4ye9PhIh', 75, 177, 34, 2, '2024-02-07 12:19:40', '2024-02-07 12:19:40', NULL),
(656, 'Iureaperiam.', 1, 240, 240, 'Id non quos quae vel.', 0, '2X4ye9PhIh', 128, 192, 19, 6, '2024-02-07 12:19:40', '2024-02-07 12:19:40', NULL),
(657, 'Sitarchitecto.', 2, 400, 800, 'Qui qui natus earum est.', 1, 'bEUYRWupM5', 282, 129, 17, 8, '2024-02-07 12:19:40', '2024-02-07 12:19:40', NULL),
(658, 'Ipsumquaerat.', 1, 351, 351, 'Eos quis in voluptate.', 0, '2X4ye9PhIh', 170, 168, 27, 6, '2024-02-07 12:19:40', '2024-02-07 12:19:40', NULL),
(659, 'Maioresnobis.', 1, 375, 375, 'Aperiam aut nihil atque.', 1, 'NejL4wgj4w', 307, 156, 40, 9, '2024-02-07 12:19:40', '2024-02-07 12:19:40', NULL),
(660, 'Quodvelit.', 2, 270, 540, 'Et nulla voluptatem aut.', 1, 'MY16uYysyt', 368, 176, 37, 1, '2024-02-07 12:19:40', '2024-02-07 12:19:40', NULL),
(661, 'Molestiae.', 4, 354, 1416, 'Qui ut labore autem et.', 0, 'Qrs72gsjGa', 283, 111, 3, 3, '2024-02-07 12:19:40', '2024-02-07 12:19:40', NULL),
(662, 'Idillorerum.', 3, 293, 879, 'Dolorem laborum aut sit.', 1, 'XDfFcXgT2G', 42, 126, 5, 8, '2024-02-07 12:19:40', '2024-02-07 12:19:40', NULL),
(663, 'Utquiafacilis.', 1, 297, 297, 'Ab ullam quas omnis.', 1, '4z9mSD6fzr', 70, 101, 33, 2, '2024-02-07 12:19:40', '2024-02-07 12:19:40', NULL),
(664, 'Quosdictaunde.', 1, 387, 387, 'Voluptatem a qui ea.', 0, 'NejL4wgj4w', 268, 127, 21, 3, '2024-02-07 12:19:40', '2024-02-07 12:19:40', NULL),
(665, 'Nullaprovident.', 1, 372, 372, 'Placeat eos culpa et.', 1, 'bEUYRWupM5', 367, 130, 7, 9, '2024-02-07 12:19:40', '2024-02-07 12:19:40', NULL),
(666, 'Delectusqui.', 1, 241, 241, 'Optio sunt distinctio ut.', 0, '2X4ye9PhIh', 322, 170, 19, 2, '2024-02-07 12:19:40', '2024-02-07 12:19:40', NULL),
(667, 'Voluptatemest.', 4, 375, 1500, 'Sit ex consequatur id et.', 0, '9BIOIxokpy', 261, 162, 24, 3, '2024-02-07 12:19:40', '2024-02-07 12:19:40', NULL),
(668, 'Velfugiat.', 2, 255, 510, 'Animi autem neque hic.', 0, 'wbGnntQmil', 143, 198, 22, 7, '2024-02-07 12:19:40', '2024-02-07 12:19:40', NULL),
(669, 'Aperiamvero.', 4, 369, 1476, 'Sit aut et ea vitae.', 0, 'MY16uYysyt', 382, 107, 37, 8, '2024-02-07 12:19:40', '2024-02-07 12:19:40', NULL),
(670, 'Eaetcum.', 2, 204, 408, 'Qui impedit aut nisi.', 1, 'f3xiCdq81k', 288, 141, 36, 1, '2024-02-07 12:19:40', '2024-02-07 12:19:40', NULL),
(671, 'Atquimagnam.', 2, 396, 792, 'Et quaerat ut et ducimus.', 0, '2X4ye9PhIh', 418, 183, 15, 5, '2024-02-07 12:19:40', '2024-02-07 12:19:40', NULL),
(672, 'Eaque.', 1, 200, 200, 'Qui dolorum fugit unde.', 1, 'bEUYRWupM5', 235, 192, 5, 2, '2024-02-07 12:19:40', '2024-02-07 12:19:40', NULL),
(673, 'Eaqueinventore.', 3, 320, 960, 'Quis culpa omnis rem.', 0, 'RWmotgOYvt', 417, 112, 15, 6, '2024-02-07 12:19:40', '2024-02-07 12:19:40', NULL),
(674, 'Necessitatibus.', 2, 261, 522, 'Et dignissimos sed culpa.', 1, '8FWOY90d3u', 393, 186, 37, 8, '2024-02-07 12:19:40', '2024-02-07 12:19:40', NULL),
(675, 'Distinctio.', 4, 315, 1260, 'Odio ut id dolorem odit.', 0, 'Qrs72gsjGa', 371, 194, 35, 2, '2024-02-07 12:19:40', '2024-02-07 12:19:40', NULL),
(676, 'Fugiatquod.', 3, 338, 1014, 'Aut sed et unde dolorum.', 0, 'bEUYRWupM5', 204, 112, 38, 5, '2024-02-07 12:19:40', '2024-02-07 12:19:40', NULL),
(677, 'Namtemporeut.', 3, 381, 1143, 'Et inventore ut nam a.', 0, 'k7MRmVY0X8', 298, 180, 15, 5, '2024-02-07 12:19:40', '2024-02-07 12:19:40', NULL),
(678, 'Autvoluptatum.', 2, 258, 516, 'Sed pariatur ex id.', 0, '9BIOIxokpy', 58, 162, 7, 6, '2024-02-07 12:19:40', '2024-02-07 12:19:40', NULL),
(679, 'Sitmolestiae.', 4, 379, 1516, 'Esse eos quia sint vitae.', 1, 'Qrs72gsjGa', 113, 170, 12, 2, '2024-02-07 12:19:40', '2024-02-07 12:19:40', NULL),
(680, 'Doloremqui.', 3, 245, 735, 'Qui placeat enim et quo.', 0, 'bEUYRWupM5', 238, 165, 8, 10, '2024-02-07 12:19:40', '2024-02-07 12:19:40', NULL);

-- --------------------------------------------------------

--
-- Table structure for table `carts_event`
--

CREATE TABLE `carts_event` (
  `id` bigint(20) UNSIGNED NOT NULL,
  `product` varchar(255) NOT NULL,
  `qnty` int(11) DEFAULT NULL,
  `price` int(11) NOT NULL DEFAULT 0,
  `totalprice` int(11) NOT NULL DEFAULT 0,
  `description` varchar(255) NOT NULL,
  `purchased` int(11) NOT NULL DEFAULT 0,
  `category` varchar(255) NOT NULL,
  `product_id` bigint(20) UNSIGNED NOT NULL,
  `payment_id` bigint(20) UNSIGNED DEFAULT NULL,
  `customer_id` bigint(20) UNSIGNED DEFAULT NULL,
  `user_id` bigint(20) UNSIGNED NOT NULL,
  `created_at` timestamp NULL DEFAULT NULL,
  `updated_at` timestamp NULL DEFAULT NULL,
  `deleted_at` timestamp NULL DEFAULT NULL
) ENGINE=InnoDB DEFAULT CHARSET=utf8mb4 COLLATE=utf8mb4_unicode_ci;

-- --------------------------------------------------------

--
-- Table structure for table `customers`
--

CREATE TABLE `customers` (
  `id` bigint(20) UNSIGNED NOT NULL,
  `first_name` varchar(255) NOT NULL,
  `last_name` varchar(255) NOT NULL,
  `city` varchar(255) NOT NULL,
  `state` varchar(255) NOT NULL,
  `country` varchar(255) NOT NULL,
  `user_id` bigint(20) UNSIGNED NOT NULL,
  `created_at` timestamp NULL DEFAULT NULL,
  `updated_at` timestamp NULL DEFAULT NULL
) ENGINE=InnoDB DEFAULT CHARSET=utf8mb4 COLLATE=utf8mb4_unicode_ci;

--
-- Dumping data for table `customers`
--

INSERT INTO `customers` (`id`, `first_name`, `last_name`, `city`, `state`, `country`, `user_id`, `created_at`, `updated_at`) VALUES
(1, 'Nam hic et in qui.', 'Et et et quas atque.', 'L', 'C', 'Saint Pierre &amp; Miquelon', 2, '2024-02-07 12:19:31', '2024-02-07 12:19:31'),
(2, 'Est non est qui.', 'Sed ad cum labore.', 'O', 'W', 'Cook Islands', 9, '2024-02-07 12:19:31', '2024-02-07 12:19:31'),
(3, 'Dolor unde voluptate sed.', 'Modi vero sit in et.', 'I', 'N', 'Benin', 4, '2024-02-07 12:19:31', '2024-02-07 12:19:31'),
(4, 'Eum enim porro qui nisi.', 'Quia est aut quas eaque.', 'A', 'U', 'Virgin Islands (US)', 3, '2024-02-07 12:19:31', '2024-02-07 12:19:31'),
(5, 'Vero non eos quia.', 'Dolor suscipit aut qui.', 'U', 'W', 'Faroe Islands', 1, '2024-02-07 12:19:31', '2024-02-07 12:19:31'),
(6, 'Quo aut fugiat nam.', 'Aut odit eos adipisci.', 'F', 'V', 'Cruise Ship', 6, '2024-02-07 12:19:31', '2024-02-07 12:19:31'),
(7, 'Porro aut dolorem illo.', 'Ullam et illo est quo.', 'S', 'P', 'Papua New Guinea', 1, '2024-02-07 12:19:31', '2024-02-07 12:19:31'),
(8, 'Sit non omnis labore.', 'Ut dolor labore facere.', 'W', 'I', 'Burundi', 8, '2024-02-07 12:19:31', '2024-02-07 12:19:31'),
(9, 'Modi sed accusamus ea.', 'Quia rerum enim qui.', 'L', 'S', 'Greenland', 9, '2024-02-07 12:19:31', '2024-02-07 12:19:31'),
(10, 'Sed rerum ex voluptatem.', 'Ut voluptatem ut ea.', 'F', 'S', 'Angola', 4, '2024-02-07 12:19:31', '2024-02-07 12:19:31'),
(11, 'Ut animi minima modi eum.', 'Saepe vitae officiis et.', 'E', 'S', 'Uzbekistan', 4, '2024-02-07 12:19:31', '2024-02-07 12:19:31'),
(12, 'Ex alias fuga sunt neque.', 'Et voluptas et vel qui.', 'A', 'O', 'Sierra Leone', 7, '2024-02-07 12:19:31', '2024-02-07 12:19:31'),
(13, 'Vel et quibusdam saepe.', 'Et vel odit consequatur.', 'X', 'R', 'Peru', 4, '2024-02-07 12:19:31', '2024-02-07 12:19:31'),
(14, 'Sit iure cum earum qui.', 'Id at a autem quis eius.', 'R', 'N', 'St Vincent', 10, '2024-02-07 12:19:31', '2024-02-07 12:19:31'),
(15, 'Omnis odio sunt et harum.', 'Quia et rerum iste sit.', 'J', 'C', 'Mongolia', 10, '2024-02-07 12:19:31', '2024-02-07 12:19:31'),
(16, 'Nemo alias id adipisci.', 'Sunt in ea perferendis.', 'G', 'H', 'Morocco', 4, '2024-02-07 12:19:31', '2024-02-07 12:19:31'),
(17, 'Ex at reiciendis qui.', 'Omnis aut ad adipisci in.', 'Z', 'I', 'Namibia', 5, '2024-02-07 12:19:31', '2024-02-07 12:19:31'),
(18, 'Maxime iure eos et culpa.', 'Et labore incidunt sunt.', 'B', 'R', 'Gabon', 1, '2024-02-07 12:19:31', '2024-02-07 12:19:31'),
(19, 'Omnis natus ut hic aut.', 'Et et qui laboriosam ea.', 'C', 'L', 'Saudi Arabia', 1, '2024-02-07 12:19:31', '2024-02-07 12:19:31'),
(20, 'In dolore sit amet aut.', 'Corrupti non sint sed.', 'F', 'N', 'Poland', 9, '2024-02-07 12:19:31', '2024-02-07 12:19:31'),
(21, 'Est amet culpa possimus.', 'In in et omnis.', 'B', 'N', 'Argentina', 1, '2024-02-07 12:19:31', '2024-02-07 12:19:31'),
(22, 'Nisi autem optio natus.', 'Omnis et ipsum a soluta.', 'D', 'S', 'Cote D Ivoire', 10, '2024-02-07 12:19:31', '2024-02-07 12:19:31'),
(23, 'Quibusdam nemo non sit.', 'Qui tenetur quo nulla at.', 'Q', 'E', 'Belarus', 8, '2024-02-07 12:19:31', '2024-02-07 12:19:31'),
(24, 'Velit est et doloribus.', 'Iusto sapiente et cumque.', 'Y', 'T', 'Ireland', 5, '2024-02-07 12:19:31', '2024-02-07 12:19:31'),
(25, 'Aut atque ab quia et.', 'Quam vero nemo cum quo.', 'J', 'Q', 'Togo', 10, '2024-02-07 12:19:31', '2024-02-07 12:19:31'),
(26, 'Quo maxime et ducimus.', 'Eius id eum sequi fugit.', 'O', 'W', 'Grenada', 4, '2024-02-07 12:19:31', '2024-02-07 12:19:31'),
(27, 'Error rerum et eius et.', 'Et est pariatur ut rerum.', 'Y', 'B', 'Lesotho', 10, '2024-02-07 12:19:31', '2024-02-07 12:19:31'),
(28, 'Quam quas possimus et et.', 'Ut cum id qui et.', 'I', 'A', 'Algeria', 7, '2024-02-07 12:19:31', '2024-02-07 12:19:31'),
(29, 'Ut eveniet hic quam et.', 'Aut autem officia porro.', 'O', 'O', 'China', 5, '2024-02-07 12:19:31', '2024-02-07 12:19:31'),
(30, 'Eos amet sint et ex.', 'Neque est mollitia ipsa.', 'Q', 'P', 'Cote D Ivoire', 5, '2024-02-07 12:19:31', '2024-02-07 12:19:31'),
(31, 'Dolore dicta ut sit aut.', 'Quam autem non quia.', 'Z', 'F', 'Yemen', 3, '2024-02-07 12:19:32', '2024-02-07 12:19:32'),
(32, 'Quae ut tenetur quos.', 'In quo molestiae qui.', 'S', 'D', 'Tonga', 9, '2024-02-07 12:19:32', '2024-02-07 12:19:32'),
(33, 'Quia aut non ab minus.', 'Et dolorem quia quo.', 'C', 'E', 'Morocco', 7, '2024-02-07 12:19:32', '2024-02-07 12:19:32'),
(34, 'Aut optio et ut.', 'Quas quo occaecati nulla.', 'M', 'L', 'Moldova', 5, '2024-02-07 12:19:32', '2024-02-07 12:19:32'),
(35, 'Vitae vitae a dolor.', 'Ut atque dolorum at.', 'L', 'G', 'Belize', 2, '2024-02-07 12:19:32', '2024-02-07 12:19:32'),
(36, 'Nostrum eos omnis aut.', 'Ullam error sit ipsa.', 'Z', 'X', 'Mexico', 1, '2024-02-07 12:19:32', '2024-02-07 12:19:32'),
(37, 'Quos eos iure nam.', 'Non vitae sequi labore.', 'U', 'P', 'Guernsey', 3, '2024-02-07 12:19:32', '2024-02-07 12:19:32'),
(38, 'Eos quo et magnam.', 'Aut quis quos velit.', 'A', 'E', 'Mozambique', 4, '2024-02-07 12:19:32', '2024-02-07 12:19:32'),
(39, 'In beatae neque tempore.', 'Illo sit qui modi.', 'P', 'G', 'Tonga', 5, '2024-02-07 12:19:32', '2024-02-07 12:19:32'),
(40, 'Quis id sunt maxime.', 'Sed et ab iure soluta.', 'X', 'D', 'Monaco', 3, '2024-02-07 12:19:32', '2024-02-07 12:19:32');

-- --------------------------------------------------------

--
-- Table structure for table `failed_jobs`
--

CREATE TABLE `failed_jobs` (
  `id` bigint(20) UNSIGNED NOT NULL,
  `uuid` varchar(255) NOT NULL,
  `connection` text NOT NULL,
  `queue` text NOT NULL,
  `payload` longtext NOT NULL,
  `exception` longtext NOT NULL,
  `failed_at` timestamp NOT NULL DEFAULT current_timestamp()
) ENGINE=InnoDB DEFAULT CHARSET=utf8mb4 COLLATE=utf8mb4_unicode_ci;

-- --------------------------------------------------------

--
-- Table structure for table `migrations`
--

CREATE TABLE `migrations` (
  `id` int(10) UNSIGNED NOT NULL,
  `migration` varchar(255) NOT NULL,
  `batch` int(11) NOT NULL
) ENGINE=InnoDB DEFAULT CHARSET=utf8mb4 COLLATE=utf8mb4_unicode_ci;

--
-- Dumping data for table `migrations`
--

INSERT INTO `migrations` (`id`, `migration`, `batch`) VALUES
(1, '2014_10_12_000000_create_users_table', 1),
(2, '2014_10_12_100000_create_password_resets_table', 1),
(3, '2019_08_19_000000_create_failed_jobs_table', 1),
(4, '2019_12_14_000001_create_personal_access_tokens_table', 1),
(5, '2023_01_29_131320_create_prod_categories_table', 1),
(6, '2023_01_30_185943_create_products_table', 1),
(7, '2023_02_17_190803_add_price_to_products_table', 1),
(8, '2023_02_18_092134_add_image_link_to_products_table', 1),
(9, '2023_02_18_110630_add_image_link_to_prod_categories_table', 1),
(10, '2023_04_03_094618_create_cart_table', 1),
(11, '2023_04_03_100811_add_column_qnty_to_cart_table', 1),
(12, '2023_04_03_173658_add_column_removed_to_cart_table', 1),
(13, '2023_04_04_064104_add_column_role_to_users_table', 1),
(14, '2023_04_05_131618_add_column_price_to_cart_table', 1),
(15, '2023_04_05_141220_add_column_totalprice_to_cart_table', 1),
(16, '2023_04_07_103840_add_column_purchased_to_cart_table', 1),
(17, '2023_04_07_105226_add_column_softdelete_to_cart_table', 1),
(18, '2023_04_07_105820_remove_column_removed_in_cart_table', 1),
(19, '2023_04_11_062441_add_column_date_of_birth_to_users_table', 1),
(20, '2023_04_11_063752_create_user_view', 1),
(21, '2023_04_13_072344_create_cart_event_table', 1),
(22, '2023_04_13_072452_create_prod_categories_event_table', 1),
(23, '2023_04_13_072529_create_product_event_table', 1),
(24, '2023_04_26_143303_create_user_login_history', 1),
(25, '2023_09_13_082139_create_cache_table', 1),
(26, '2024_02_04_151000_create_payments_table', 1),
(27, '2024_02_05_115837_create_customers_table', 1),
(28, '2024_02_05_120031_create_suppliers_table', 1),
(29, '2024_02_05_120051_create_supplier_payments_table', 1),
(30, '2024_02_05_120843_create_order_details_table', 1),
(31, '2024_02_05_121320_create_shippers_table', 1),
(32, '2024_02_05_121802_add_column_customer_id_to_carts_table', 1);

-- --------------------------------------------------------

--
-- Table structure for table `order_details`
--

CREATE TABLE `order_details` (
  `id` bigint(20) UNSIGNED NOT NULL,
  `product_id` bigint(20) UNSIGNED NOT NULL,
  `customer_id` bigint(20) UNSIGNED NOT NULL,
  `payment_id` bigint(20) UNSIGNED NOT NULL,
  `qnty` int(11) NOT NULL,
  `price` decimal(10,2) NOT NULL,
  `user_id` bigint(20) UNSIGNED NOT NULL,
  `created_at` timestamp NULL DEFAULT NULL,
  `updated_at` timestamp NULL DEFAULT NULL
) ENGINE=InnoDB DEFAULT CHARSET=utf8mb4 COLLATE=utf8mb4_unicode_ci;

--
-- Dumping data for table `order_details`
--

INSERT INTO `order_details` (`id`, `product_id`, `customer_id`, `payment_id`, `qnty`, `price`, `user_id`, `created_at`, `updated_at`) VALUES
(1, 349, 4, 43, 4, '362.00', 7, '2024-02-07 12:19:44', '2024-02-07 12:19:44'),
(2, 270, 5, 199, 1, '203.00', 8, '2024-02-07 12:19:44', '2024-02-07 12:19:44'),
(3, 242, 1, 389, 6, '333.00', 1, '2024-02-07 12:19:44', '2024-02-07 12:19:44'),
(4, 137, 1, 159, 1, '361.00', 9, '2024-02-07 12:19:44', '2024-02-07 12:19:44'),
(5, 218, 1, 218, 2, '342.00', 2, '2024-02-07 12:19:44', '2024-02-07 12:19:44'),
(6, 345, 3, 244, 3, '242.00', 9, '2024-02-07 12:19:44', '2024-02-07 12:19:44'),
(7, 51, 4, 269, 5, '339.00', 9, '2024-02-07 12:19:44', '2024-02-07 12:19:44'),
(8, 240, 3, 72, 2, '272.00', 9, '2024-02-07 12:19:44', '2024-02-07 12:19:44'),
(9, 160, 3, 386, 4, '280.00', 6, '2024-02-07 12:19:44', '2024-02-07 12:19:44'),
(10, 258, 1, 343, 2, '202.00', 6, '2024-02-07 12:19:44', '2024-02-07 12:19:44'),
(11, 14, 6, 55, 3, '297.00', 9, '2024-02-07 12:19:44', '2024-02-07 12:19:44'),
(12, 240, 3, 11, 1, '395.00', 4, '2024-02-07 12:19:44', '2024-02-07 12:19:44'),
(13, 104, 3, 157, 1, '271.00', 3, '2024-02-07 12:19:44', '2024-02-07 12:19:44'),
(14, 19, 6, 206, 2, '365.00', 4, '2024-02-07 12:19:44', '2024-02-07 12:19:44'),
(15, 343, 3, 292, 4, '309.00', 10, '2024-02-07 12:19:44', '2024-02-07 12:19:44'),
(16, 22, 6, 200, 4, '338.00', 1, '2024-02-07 12:19:44', '2024-02-07 12:19:44'),
(17, 114, 2, 35, 4, '352.00', 9, '2024-02-07 12:19:44', '2024-02-07 12:19:44'),
(18, 178, 3, 410, 5, '303.00', 8, '2024-02-07 12:19:44', '2024-02-07 12:19:44'),
(19, 88, 6, 263, 4, '286.00', 1, '2024-02-07 12:19:44', '2024-02-07 12:19:44'),
(20, 77, 3, 71, 1, '264.00', 9, '2024-02-07 12:19:44', '2024-02-07 12:19:44'),
(21, 328, 4, 245, 4, '342.00', 7, '2024-02-07 12:19:44', '2024-02-07 12:19:44'),
(22, 238, 1, 360, 5, '347.00', 5, '2024-02-07 12:19:44', '2024-02-07 12:19:44'),
(23, 411, 2, 129, 5, '245.00', 5, '2024-02-07 12:19:44', '2024-02-07 12:19:44'),
(24, 108, 4, 347, 6, '258.00', 9, '2024-02-07 12:19:44', '2024-02-07 12:19:44'),
(25, 116, 6, 179, 5, '278.00', 4, '2024-02-07 12:19:44', '2024-02-07 12:19:44'),
(26, 29, 2, 308, 5, '383.00', 3, '2024-02-07 12:19:44', '2024-02-07 12:19:44'),
(27, 42, 4, 28, 4, '309.00', 6, '2024-02-07 12:19:44', '2024-02-07 12:19:44'),
(28, 99, 3, 215, 6, '271.00', 7, '2024-02-07 12:19:44', '2024-02-07 12:19:44'),
(29, 209, 3, 108, 4, '225.00', 1, '2024-02-07 12:19:44', '2024-02-07 12:19:44'),
(30, 20, 4, 86, 4, '227.00', 6, '2024-02-07 12:19:44', '2024-02-07 12:19:44'),
(31, 355, 5, 370, 2, '275.00', 5, '2024-02-07 12:19:44', '2024-02-07 12:19:44'),
(32, 318, 6, 429, 6, '398.00', 6, '2024-02-07 12:19:44', '2024-02-07 12:19:44'),
(33, 303, 5, 58, 3, '280.00', 6, '2024-02-07 12:19:44', '2024-02-07 12:19:44'),
(34, 176, 3, 299, 5, '304.00', 5, '2024-02-07 12:19:44', '2024-02-07 12:19:44'),
(35, 124, 3, 262, 6, '254.00', 1, '2024-02-07 12:19:44', '2024-02-07 12:19:44'),
(36, 135, 1, 206, 1, '313.00', 5, '2024-02-07 12:19:44', '2024-02-07 12:19:44'),
(37, 27, 2, 200, 5, '258.00', 9, '2024-02-07 12:19:44', '2024-02-07 12:19:44'),
(38, 210, 1, 244, 3, '342.00', 9, '2024-02-07 12:19:44', '2024-02-07 12:19:44'),
(39, 376, 6, 140, 4, '398.00', 6, '2024-02-07 12:19:44', '2024-02-07 12:19:44'),
(40, 306, 3, 162, 5, '350.00', 3, '2024-02-07 12:19:44', '2024-02-07 12:19:44'),
(41, 394, 2, 102, 5, '358.00', 6, '2024-02-07 12:19:44', '2024-02-07 12:19:44'),
(42, 224, 1, 16, 6, '303.00', 7, '2024-02-07 12:19:44', '2024-02-07 12:19:44'),
(43, 291, 1, 197, 2, '319.00', 7, '2024-02-07 12:19:44', '2024-02-07 12:19:44'),
(44, 158, 4, 204, 3, '377.00', 2, '2024-02-07 12:19:44', '2024-02-07 12:19:44'),
(45, 292, 4, 156, 2, '271.00', 1, '2024-02-07 12:19:44', '2024-02-07 12:19:44'),
(46, 212, 6, 299, 2, '336.00', 4, '2024-02-07 12:19:44', '2024-02-07 12:19:44'),
(47, 45, 2, 112, 6, '234.00', 8, '2024-02-07 12:19:44', '2024-02-07 12:19:44'),
(48, 409, 1, 157, 6, '264.00', 4, '2024-02-07 12:19:44', '2024-02-07 12:19:44'),
(49, 239, 1, 179, 4, '247.00', 9, '2024-02-07 12:19:44', '2024-02-07 12:19:44'),
(50, 226, 4, 178, 1, '365.00', 6, '2024-02-07 12:19:44', '2024-02-07 12:19:44'),
(51, 176, 4, 46, 1, '323.00', 4, '2024-02-07 12:19:44', '2024-02-07 12:19:44'),
(52, 301, 1, 397, 5, '209.00', 9, '2024-02-07 12:19:44', '2024-02-07 12:19:44'),
(53, 368, 5, 314, 5, '287.00', 5, '2024-02-07 12:19:44', '2024-02-07 12:19:44'),
(54, 124, 1, 194, 3, '210.00', 4, '2024-02-07 12:19:44', '2024-02-07 12:19:44'),
(55, 282, 5, 314, 2, '312.00', 8, '2024-02-07 12:19:44', '2024-02-07 12:19:44'),
(56, 406, 5, 370, 2, '204.00', 5, '2024-02-07 12:19:44', '2024-02-07 12:19:44'),
(57, 161, 5, 265, 1, '369.00', 8, '2024-02-07 12:19:44', '2024-02-07 12:19:44'),
(58, 317, 6, 5, 1, '369.00', 6, '2024-02-07 12:19:44', '2024-02-07 12:19:44'),
(59, 60, 3, 139, 6, '339.00', 7, '2024-02-07 12:19:44', '2024-02-07 12:19:44'),
(60, 37, 1, 15, 6, '278.00', 5, '2024-02-07 12:19:44', '2024-02-07 12:19:44'),
(61, 26, 2, 61, 4, '367.00', 7, '2024-02-07 12:19:44', '2024-02-07 12:19:44'),
(62, 217, 4, 33, 1, '271.00', 2, '2024-02-07 12:19:44', '2024-02-07 12:19:44'),
(63, 50, 6, 398, 1, '310.00', 6, '2024-02-07 12:19:44', '2024-02-07 12:19:44'),
(64, 213, 5, 82, 4, '398.00', 3, '2024-02-07 12:19:44', '2024-02-07 12:19:44'),
(65, 391, 4, 428, 3, '313.00', 6, '2024-02-07 12:19:44', '2024-02-07 12:19:44'),
(66, 125, 5, 338, 1, '302.00', 5, '2024-02-07 12:19:44', '2024-02-07 12:19:44'),
(67, 153, 6, 344, 5, '359.00', 2, '2024-02-07 12:19:44', '2024-02-07 12:19:44'),
(68, 45, 5, 83, 2, '398.00', 7, '2024-02-07 12:19:44', '2024-02-07 12:19:44'),
(69, 361, 3, 368, 2, '380.00', 9, '2024-02-07 12:19:44', '2024-02-07 12:19:44'),
(70, 338, 4, 303, 3, '211.00', 8, '2024-02-07 12:19:44', '2024-02-07 12:19:44'),
(71, 73, 3, 150, 6, '350.00', 8, '2024-02-07 12:19:44', '2024-02-07 12:19:44'),
(72, 234, 5, 235, 2, '200.00', 3, '2024-02-07 12:19:44', '2024-02-07 12:19:44'),
(73, 305, 4, 378, 4, '303.00', 5, '2024-02-07 12:19:44', '2024-02-07 12:19:44'),
(74, 40, 4, 256, 3, '200.00', 3, '2024-02-07 12:19:44', '2024-02-07 12:19:44'),
(75, 242, 2, 274, 6, '271.00', 2, '2024-02-07 12:19:44', '2024-02-07 12:19:44'),
(76, 2, 1, 237, 6, '283.00', 3, '2024-02-07 12:19:44', '2024-02-07 12:19:44'),
(77, 342, 3, 379, 1, '322.00', 6, '2024-02-07 12:19:44', '2024-02-07 12:19:44'),
(78, 246, 2, 279, 6, '361.00', 8, '2024-02-07 12:19:44', '2024-02-07 12:19:44'),
(79, 58, 5, 6, 4, '323.00', 1, '2024-02-07 12:19:44', '2024-02-07 12:19:44'),
(80, 242, 3, 239, 6, '275.00', 4, '2024-02-07 12:19:44', '2024-02-07 12:19:44'),
(81, 116, 1, 430, 4, '212.00', 2, '2024-02-07 12:19:44', '2024-02-07 12:19:44'),
(82, 214, 2, 312, 1, '215.00', 8, '2024-02-07 12:19:44', '2024-02-07 12:19:44'),
(83, 180, 4, 325, 1, '362.00', 3, '2024-02-07 12:19:44', '2024-02-07 12:19:44'),
(84, 204, 2, 92, 2, '385.00', 4, '2024-02-07 12:19:44', '2024-02-07 12:19:44'),
(85, 71, 6, 12, 5, '264.00', 1, '2024-02-07 12:19:44', '2024-02-07 12:19:44'),
(86, 119, 1, 248, 1, '398.00', 6, '2024-02-07 12:19:44', '2024-02-07 12:19:44'),
(87, 248, 1, 373, 2, '216.00', 8, '2024-02-07 12:19:44', '2024-02-07 12:19:44'),
(88, 7, 6, 279, 2, '233.00', 4, '2024-02-07 12:19:44', '2024-02-07 12:19:44'),
(89, 39, 5, 197, 3, '294.00', 2, '2024-02-07 12:19:44', '2024-02-07 12:19:44'),
(90, 110, 5, 329, 1, '313.00', 3, '2024-02-07 12:19:44', '2024-02-07 12:19:44'),
(91, 358, 3, 382, 4, '327.00', 8, '2024-02-07 12:19:44', '2024-02-07 12:19:44'),
(92, 341, 6, 300, 2, '278.00', 1, '2024-02-07 12:19:44', '2024-02-07 12:19:44'),
(93, 105, 6, 155, 6, '285.00', 3, '2024-02-07 12:19:44', '2024-02-07 12:19:44'),
(94, 308, 1, 3, 3, '243.00', 7, '2024-02-07 12:19:44', '2024-02-07 12:19:44'),
(95, 377, 6, 212, 6, '383.00', 3, '2024-02-07 12:19:44', '2024-02-07 12:19:44'),
(96, 305, 4, 426, 2, '295.00', 4, '2024-02-07 12:19:44', '2024-02-07 12:19:44'),
(97, 33, 2, 63, 6, '386.00', 4, '2024-02-07 12:19:44', '2024-02-07 12:19:44'),
(98, 323, 4, 325, 3, '223.00', 1, '2024-02-07 12:19:44', '2024-02-07 12:19:44'),
(99, 150, 3, 51, 1, '203.00', 3, '2024-02-07 12:19:44', '2024-02-07 12:19:44'),
(100, 177, 4, 253, 6, '258.00', 7, '2024-02-07 12:19:44', '2024-02-07 12:19:44'),
(101, 63, 1, 131, 5, '276.00', 6, '2024-02-07 12:19:44', '2024-02-07 12:19:44'),
(102, 347, 6, 115, 2, '302.00', 3, '2024-02-07 12:19:44', '2024-02-07 12:19:44'),
(103, 115, 5, 59, 5, '284.00', 1, '2024-02-07 12:19:44', '2024-02-07 12:19:44'),
(104, 318, 5, 223, 5, '234.00', 5, '2024-02-07 12:19:44', '2024-02-07 12:19:44'),
(105, 19, 3, 230, 4, '257.00', 4, '2024-02-07 12:19:44', '2024-02-07 12:19:44'),
(106, 98, 6, 216, 4, '226.00', 4, '2024-02-07 12:19:44', '2024-02-07 12:19:44'),
(107, 413, 1, 254, 1, '369.00', 4, '2024-02-07 12:19:44', '2024-02-07 12:19:44'),
(108, 346, 5, 213, 3, '298.00', 1, '2024-02-07 12:19:44', '2024-02-07 12:19:44'),
(109, 226, 2, 142, 6, '292.00', 1, '2024-02-07 12:19:44', '2024-02-07 12:19:44'),
(110, 371, 5, 337, 6, '365.00', 3, '2024-02-07 12:19:44', '2024-02-07 12:19:44'),
(111, 337, 5, 56, 4, '211.00', 3, '2024-02-07 12:19:44', '2024-02-07 12:19:44'),
(112, 118, 1, 313, 2, '328.00', 6, '2024-02-07 12:19:44', '2024-02-07 12:19:44'),
(113, 320, 4, 356, 2, '261.00', 5, '2024-02-07 12:19:44', '2024-02-07 12:19:44'),
(114, 94, 3, 121, 1, '246.00', 2, '2024-02-07 12:19:44', '2024-02-07 12:19:44'),
(115, 11, 5, 15, 3, '262.00', 1, '2024-02-07 12:19:44', '2024-02-07 12:19:44'),
(116, 401, 4, 248, 4, '339.00', 4, '2024-02-07 12:19:44', '2024-02-07 12:19:44'),
(117, 68, 2, 281, 1, '374.00', 3, '2024-02-07 12:19:44', '2024-02-07 12:19:44'),
(118, 224, 2, 188, 1, '216.00', 6, '2024-02-07 12:19:44', '2024-02-07 12:19:44'),
(119, 246, 5, 17, 6, '322.00', 6, '2024-02-07 12:19:44', '2024-02-07 12:19:44'),
(120, 199, 1, 181, 1, '288.00', 10, '2024-02-07 12:19:44', '2024-02-07 12:19:44');

-- --------------------------------------------------------

--
-- Table structure for table `password_resets`
--

CREATE TABLE `password_resets` (
  `email` varchar(255) NOT NULL,
  `token` varchar(255) NOT NULL,
  `created_at` timestamp NULL DEFAULT NULL
) ENGINE=InnoDB DEFAULT CHARSET=utf8mb4 COLLATE=utf8mb4_unicode_ci;

-- --------------------------------------------------------

--
-- Table structure for table `payments`
--

CREATE TABLE `payments` (
  `id` bigint(20) UNSIGNED NOT NULL,
  `amount` decimal(10,2) NOT NULL,
  `method` varchar(40) NOT NULL,
  `user_id` bigint(20) UNSIGNED NOT NULL,
  `created_at` timestamp NULL DEFAULT NULL,
  `updated_at` timestamp NULL DEFAULT NULL
) ENGINE=InnoDB DEFAULT CHARSET=utf8mb4 COLLATE=utf8mb4_unicode_ci;

--
-- Dumping data for table `payments`
--

INSERT INTO `payments` (`id`, `amount`, `method`, `user_id`, `created_at`, `updated_at`) VALUES
(1, '9560.39', 'Visa', 6, '2024-02-07 12:19:41', '2024-02-07 12:19:41'),
(2, '9474.23', 'MasterCard', 5, '2024-02-07 12:19:41', '2024-02-07 12:19:41'),
(3, '4232.60', 'Visa', 4, '2024-02-07 12:19:41', '2024-02-07 12:19:41'),
(4, '6844.27', 'MasterCard', 3, '2024-02-07 12:19:41', '2024-02-07 12:19:41'),
(5, '8398.29', 'Visa', 4, '2024-02-07 12:19:41', '2024-02-07 12:19:41'),
(6, '8231.47', 'Visa', 9, '2024-02-07 12:19:41', '2024-02-07 12:19:41'),
(7, '2601.10', 'Visa', 5, '2024-02-07 12:19:41', '2024-02-07 12:19:41'),
(8, '6028.12', 'MasterCard', 7, '2024-02-07 12:19:41', '2024-02-07 12:19:41'),
(9, '6614.99', 'MasterCard', 8, '2024-02-07 12:19:41', '2024-02-07 12:19:41'),
(10, '4125.84', 'American Express', 6, '2024-02-07 12:19:41', '2024-02-07 12:19:41'),
(11, '8169.63', 'Visa', 1, '2024-02-07 12:19:41', '2024-02-07 12:19:41'),
(12, '6069.30', 'Visa', 10, '2024-02-07 12:19:41', '2024-02-07 12:19:41'),
(13, '9488.13', 'MasterCard', 5, '2024-02-07 12:19:41', '2024-02-07 12:19:41'),
(14, '8101.34', 'American Express', 2, '2024-02-07 12:19:41', '2024-02-07 12:19:41'),
(15, '4434.31', 'Visa', 6, '2024-02-07 12:19:41', '2024-02-07 12:19:41'),
(16, '7169.19', 'MasterCard', 3, '2024-02-07 12:19:41', '2024-02-07 12:19:41'),
(17, '9192.94', 'Visa', 5, '2024-02-07 12:19:41', '2024-02-07 12:19:41'),
(18, '8886.13', 'JCB', 1, '2024-02-07 12:19:41', '2024-02-07 12:19:41'),
(19, '9432.14', 'Visa Retired', 6, '2024-02-07 12:19:41', '2024-02-07 12:19:41'),
(20, '662.37', 'Discover Card', 10, '2024-02-07 12:19:41', '2024-02-07 12:19:41'),
(21, '4023.07', 'American Express', 9, '2024-02-07 12:19:41', '2024-02-07 12:19:41'),
(22, '343.68', 'Visa', 5, '2024-02-07 12:19:41', '2024-02-07 12:19:41'),
(23, '2036.83', 'JCB', 5, '2024-02-07 12:19:41', '2024-02-07 12:19:41'),
(24, '8029.69', 'Visa', 6, '2024-02-07 12:19:41', '2024-02-07 12:19:41'),
(25, '7404.04', 'Discover Card', 7, '2024-02-07 12:19:41', '2024-02-07 12:19:41'),
(26, '3157.79', 'Visa', 1, '2024-02-07 12:19:41', '2024-02-07 12:19:41'),
(27, '6228.60', 'Visa', 1, '2024-02-07 12:19:41', '2024-02-07 12:19:41'),
(28, '4063.86', 'Visa', 2, '2024-02-07 12:19:41', '2024-02-07 12:19:41'),
(29, '2696.23', 'American Express', 1, '2024-02-07 12:19:41', '2024-02-07 12:19:41'),
(30, '6526.97', 'Visa', 5, '2024-02-07 12:19:41', '2024-02-07 12:19:41'),
(31, '9482.87', 'Visa', 3, '2024-02-07 12:19:41', '2024-02-07 12:19:41'),
(32, '9626.32', 'MasterCard', 7, '2024-02-07 12:19:41', '2024-02-07 12:19:41'),
(33, '1872.49', 'MasterCard', 1, '2024-02-07 12:19:41', '2024-02-07 12:19:41'),
(34, '3482.34', 'Visa', 2, '2024-02-07 12:19:41', '2024-02-07 12:19:41'),
(35, '9269.08', 'Visa', 8, '2024-02-07 12:19:41', '2024-02-07 12:19:41'),
(36, '1069.77', 'Visa Retired', 7, '2024-02-07 12:19:41', '2024-02-07 12:19:41'),
(37, '7875.42', 'Visa Retired', 1, '2024-02-07 12:19:41', '2024-02-07 12:19:41'),
(38, '4394.86', 'Visa', 5, '2024-02-07 12:19:41', '2024-02-07 12:19:41'),
(39, '755.16', 'MasterCard', 3, '2024-02-07 12:19:41', '2024-02-07 12:19:41'),
(40, '8756.42', 'MasterCard', 4, '2024-02-07 12:19:41', '2024-02-07 12:19:41'),
(41, '3852.22', 'MasterCard', 2, '2024-02-07 12:19:41', '2024-02-07 12:19:41'),
(42, '6703.87', 'Visa', 6, '2024-02-07 12:19:41', '2024-02-07 12:19:41'),
(43, '5843.95', 'American Express', 1, '2024-02-07 12:19:41', '2024-02-07 12:19:41'),
(44, '3951.67', 'MasterCard', 2, '2024-02-07 12:19:41', '2024-02-07 12:19:41'),
(45, '9206.51', 'MasterCard', 8, '2024-02-07 12:19:41', '2024-02-07 12:19:41'),
(46, '3184.28', 'Visa', 2, '2024-02-07 12:19:41', '2024-02-07 12:19:41'),
(47, '2160.05', 'Discover Card', 8, '2024-02-07 12:19:41', '2024-02-07 12:19:41'),
(48, '4979.80', 'American Express', 2, '2024-02-07 12:19:41', '2024-02-07 12:19:41'),
(49, '5144.53', 'Visa', 7, '2024-02-07 12:19:41', '2024-02-07 12:19:41'),
(50, '6438.51', 'Visa', 1, '2024-02-07 12:19:41', '2024-02-07 12:19:41'),
(51, '3333.16', 'JCB', 4, '2024-02-07 12:19:41', '2024-02-07 12:19:41'),
(52, '8133.48', 'JCB', 3, '2024-02-07 12:19:41', '2024-02-07 12:19:41'),
(53, '1903.84', 'Visa', 4, '2024-02-07 12:19:41', '2024-02-07 12:19:41'),
(54, '9872.40', 'Discover Card', 8, '2024-02-07 12:19:41', '2024-02-07 12:19:41'),
(55, '7562.14', 'MasterCard', 5, '2024-02-07 12:19:41', '2024-02-07 12:19:41'),
(56, '235.20', 'Visa', 9, '2024-02-07 12:19:41', '2024-02-07 12:19:41'),
(57, '3085.57', 'MasterCard', 2, '2024-02-07 12:19:41', '2024-02-07 12:19:41'),
(58, '2257.40', 'MasterCard', 10, '2024-02-07 12:19:41', '2024-02-07 12:19:41'),
(59, '1762.53', 'MasterCard', 5, '2024-02-07 12:19:41', '2024-02-07 12:19:41'),
(60, '8624.09', 'Discover Card', 10, '2024-02-07 12:19:41', '2024-02-07 12:19:41'),
(61, '8750.10', 'Visa', 7, '2024-02-07 12:19:41', '2024-02-07 12:19:41'),
(62, '2978.87', 'MasterCard', 4, '2024-02-07 12:19:41', '2024-02-07 12:19:41'),
(63, '1177.70', 'JCB', 1, '2024-02-07 12:19:41', '2024-02-07 12:19:41'),
(64, '5711.27', 'MasterCard', 9, '2024-02-07 12:19:41', '2024-02-07 12:19:41'),
(65, '9245.34', 'Discover Card', 4, '2024-02-07 12:19:41', '2024-02-07 12:19:41'),
(66, '3452.60', 'Visa', 3, '2024-02-07 12:19:41', '2024-02-07 12:19:41'),
(67, '407.81', 'Visa', 5, '2024-02-07 12:19:41', '2024-02-07 12:19:41'),
(68, '3315.47', 'Visa', 7, '2024-02-07 12:19:41', '2024-02-07 12:19:41'),
(69, '652.93', 'Visa', 6, '2024-02-07 12:19:41', '2024-02-07 12:19:41'),
(70, '5466.90', 'Visa', 6, '2024-02-07 12:19:41', '2024-02-07 12:19:41'),
(71, '1383.38', 'Visa', 6, '2024-02-07 12:19:41', '2024-02-07 12:19:41'),
(72, '9973.73', 'MasterCard', 6, '2024-02-07 12:19:41', '2024-02-07 12:19:41'),
(73, '2995.90', 'Visa', 4, '2024-02-07 12:19:41', '2024-02-07 12:19:41'),
(74, '5858.41', 'Visa', 5, '2024-02-07 12:19:41', '2024-02-07 12:19:41'),
(75, '1236.02', 'MasterCard', 5, '2024-02-07 12:19:41', '2024-02-07 12:19:41'),
(76, '918.04', 'Discover Card', 7, '2024-02-07 12:19:41', '2024-02-07 12:19:41'),
(77, '6720.21', 'Visa', 2, '2024-02-07 12:19:41', '2024-02-07 12:19:41'),
(78, '8043.97', 'MasterCard', 7, '2024-02-07 12:19:41', '2024-02-07 12:19:41'),
(79, '7700.03', 'Visa', 10, '2024-02-07 12:19:41', '2024-02-07 12:19:41'),
(80, '2663.70', 'MasterCard', 6, '2024-02-07 12:19:41', '2024-02-07 12:19:41'),
(81, '3829.76', 'Discover Card', 7, '2024-02-07 12:19:41', '2024-02-07 12:19:41'),
(82, '4412.38', 'Visa', 8, '2024-02-07 12:19:41', '2024-02-07 12:19:41'),
(83, '9066.58', 'MasterCard', 3, '2024-02-07 12:19:41', '2024-02-07 12:19:41'),
(84, '9811.73', 'American Express', 8, '2024-02-07 12:19:41', '2024-02-07 12:19:41'),
(85, '6736.38', 'MasterCard', 7, '2024-02-07 12:19:41', '2024-02-07 12:19:41'),
(86, '169.89', 'MasterCard', 4, '2024-02-07 12:19:41', '2024-02-07 12:19:41'),
(87, '8139.94', 'Visa', 4, '2024-02-07 12:19:41', '2024-02-07 12:19:41'),
(88, '9600.11', 'JCB', 6, '2024-02-07 12:19:41', '2024-02-07 12:19:41'),
(89, '1816.29', 'Visa', 2, '2024-02-07 12:19:41', '2024-02-07 12:19:41'),
(90, '3404.08', 'Visa', 6, '2024-02-07 12:19:41', '2024-02-07 12:19:41'),
(91, '7660.40', 'American Express', 6, '2024-02-07 12:19:41', '2024-02-07 12:19:41'),
(92, '2689.66', 'MasterCard', 6, '2024-02-07 12:19:41', '2024-02-07 12:19:41'),
(93, '6281.93', 'Visa', 5, '2024-02-07 12:19:41', '2024-02-07 12:19:41'),
(94, '8443.08', 'MasterCard', 9, '2024-02-07 12:19:41', '2024-02-07 12:19:41'),
(95, '2327.99', 'MasterCard', 6, '2024-02-07 12:19:41', '2024-02-07 12:19:41'),
(96, '4161.88', 'MasterCard', 8, '2024-02-07 12:19:41', '2024-02-07 12:19:41'),
(97, '9264.51', 'Visa', 2, '2024-02-07 12:19:41', '2024-02-07 12:19:41'),
(98, '2511.71', 'JCB', 9, '2024-02-07 12:19:41', '2024-02-07 12:19:41'),
(99, '9117.03', 'MasterCard', 1, '2024-02-07 12:19:41', '2024-02-07 12:19:41'),
(100, '6250.49', 'MasterCard', 2, '2024-02-07 12:19:41', '2024-02-07 12:19:41'),
(101, '2813.33', 'Visa', 3, '2024-02-07 12:19:41', '2024-02-07 12:19:41'),
(102, '8621.17', 'MasterCard', 7, '2024-02-07 12:19:41', '2024-02-07 12:19:41'),
(103, '8209.09', 'MasterCard', 3, '2024-02-07 12:19:41', '2024-02-07 12:19:41'),
(104, '2910.41', 'JCB', 4, '2024-02-07 12:19:41', '2024-02-07 12:19:41'),
(105, '4481.09', 'MasterCard', 10, '2024-02-07 12:19:41', '2024-02-07 12:19:41'),
(106, '9868.78', 'JCB', 7, '2024-02-07 12:19:41', '2024-02-07 12:19:41'),
(107, '4840.34', 'Visa', 3, '2024-02-07 12:19:41', '2024-02-07 12:19:41'),
(108, '7528.99', 'Visa', 4, '2024-02-07 12:19:41', '2024-02-07 12:19:41'),
(109, '9671.34', 'MasterCard', 9, '2024-02-07 12:19:41', '2024-02-07 12:19:41'),
(110, '4593.66', 'Discover Card', 8, '2024-02-07 12:19:41', '2024-02-07 12:19:41'),
(111, '7047.21', 'MasterCard', 2, '2024-02-07 12:19:41', '2024-02-07 12:19:41'),
(112, '2641.31', 'Visa', 10, '2024-02-07 12:19:41', '2024-02-07 12:19:41'),
(113, '446.71', 'Visa', 1, '2024-02-07 12:19:41', '2024-02-07 12:19:41'),
(114, '3765.94', 'American Express', 1, '2024-02-07 12:19:41', '2024-02-07 12:19:41'),
(115, '4926.16', 'MasterCard', 1, '2024-02-07 12:19:41', '2024-02-07 12:19:41'),
(116, '3573.41', 'Visa Retired', 2, '2024-02-07 12:19:41', '2024-02-07 12:19:41'),
(117, '5290.07', 'MasterCard', 1, '2024-02-07 12:19:41', '2024-02-07 12:19:41'),
(118, '6148.99', 'Discover Card', 10, '2024-02-07 12:19:41', '2024-02-07 12:19:41'),
(119, '2295.41', 'MasterCard', 9, '2024-02-07 12:19:41', '2024-02-07 12:19:41'),
(120, '5394.00', 'Visa', 5, '2024-02-07 12:19:41', '2024-02-07 12:19:41'),
(121, '9726.00', 'Visa Retired', 1, '2024-02-07 12:19:41', '2024-02-07 12:19:41'),
(122, '1414.68', 'MasterCard', 4, '2024-02-07 12:19:41', '2024-02-07 12:19:41'),
(123, '890.58', 'MasterCard', 6, '2024-02-07 12:19:41', '2024-02-07 12:19:41'),
(124, '9466.66', 'Visa', 1, '2024-02-07 12:19:41', '2024-02-07 12:19:41'),
(125, '6671.77', 'American Express', 10, '2024-02-07 12:19:41', '2024-02-07 12:19:41'),
(126, '9348.83', 'Visa', 1, '2024-02-07 12:19:41', '2024-02-07 12:19:41'),
(127, '546.39', 'MasterCard', 7, '2024-02-07 12:19:41', '2024-02-07 12:19:41'),
(128, '8488.49', 'MasterCard', 5, '2024-02-07 12:19:41', '2024-02-07 12:19:41'),
(129, '5211.50', 'Visa', 5, '2024-02-07 12:19:41', '2024-02-07 12:19:41'),
(130, '5682.50', 'JCB', 3, '2024-02-07 12:19:41', '2024-02-07 12:19:41'),
(131, '8980.36', 'Visa Retired', 1, '2024-02-07 12:19:41', '2024-02-07 12:19:41'),
(132, '8457.74', 'Visa', 3, '2024-02-07 12:19:41', '2024-02-07 12:19:41'),
(133, '1891.22', 'MasterCard', 2, '2024-02-07 12:19:41', '2024-02-07 12:19:41'),
(134, '3911.74', 'Visa', 5, '2024-02-07 12:19:41', '2024-02-07 12:19:41'),
(135, '1658.28', 'MasterCard', 9, '2024-02-07 12:19:41', '2024-02-07 12:19:41'),
(136, '6509.19', 'American Express', 8, '2024-02-07 12:19:41', '2024-02-07 12:19:41'),
(137, '4904.27', 'American Express', 1, '2024-02-07 12:19:41', '2024-02-07 12:19:41'),
(138, '4481.20', 'MasterCard', 7, '2024-02-07 12:19:41', '2024-02-07 12:19:41'),
(139, '658.35', 'Visa Retired', 8, '2024-02-07 12:19:41', '2024-02-07 12:19:41'),
(140, '8703.93', 'Visa', 4, '2024-02-07 12:19:41', '2024-02-07 12:19:41'),
(141, '5492.16', 'Discover Card', 1, '2024-02-07 12:19:41', '2024-02-07 12:19:41'),
(142, '9861.97', 'Visa', 1, '2024-02-07 12:19:41', '2024-02-07 12:19:41'),
(143, '208.29', 'MasterCard', 5, '2024-02-07 12:19:41', '2024-02-07 12:19:41'),
(144, '4700.41', 'MasterCard', 4, '2024-02-07 12:19:41', '2024-02-07 12:19:41'),
(145, '3536.62', 'American Express', 1, '2024-02-07 12:19:41', '2024-02-07 12:19:41'),
(146, '8121.94', 'Visa', 9, '2024-02-07 12:19:41', '2024-02-07 12:19:41'),
(147, '1440.88', 'Visa', 2, '2024-02-07 12:19:41', '2024-02-07 12:19:41'),
(148, '5108.87', 'Visa', 7, '2024-02-07 12:19:41', '2024-02-07 12:19:41'),
(149, '7232.66', 'JCB', 6, '2024-02-07 12:19:41', '2024-02-07 12:19:41'),
(150, '746.80', 'Visa', 2, '2024-02-07 12:19:41', '2024-02-07 12:19:41'),
(151, '2229.06', 'Visa', 1, '2024-02-07 12:19:41', '2024-02-07 12:19:41'),
(152, '4260.86', 'Visa', 1, '2024-02-07 12:19:41', '2024-02-07 12:19:41'),
(153, '6787.42', 'American Express', 1, '2024-02-07 12:19:41', '2024-02-07 12:19:41'),
(154, '7396.54', 'MasterCard', 2, '2024-02-07 12:19:41', '2024-02-07 12:19:41'),
(155, '3398.37', 'Visa', 3, '2024-02-07 12:19:41', '2024-02-07 12:19:41'),
(156, '1473.65', 'Visa', 10, '2024-02-07 12:19:41', '2024-02-07 12:19:41'),
(157, '7546.15', 'Visa', 1, '2024-02-07 12:19:41', '2024-02-07 12:19:41'),
(158, '5710.39', 'American Express', 1, '2024-02-07 12:19:41', '2024-02-07 12:19:41'),
(159, '5047.98', 'American Express', 5, '2024-02-07 12:19:41', '2024-02-07 12:19:41'),
(160, '7793.54', 'Visa', 3, '2024-02-07 12:19:41', '2024-02-07 12:19:41'),
(161, '6055.00', 'Discover Card', 9, '2024-02-07 12:19:41', '2024-02-07 12:19:41'),
(162, '627.05', 'MasterCard', 1, '2024-02-07 12:19:41', '2024-02-07 12:19:41'),
(163, '9649.80', 'MasterCard', 5, '2024-02-07 12:19:41', '2024-02-07 12:19:41'),
(164, '1806.06', 'Visa', 3, '2024-02-07 12:19:41', '2024-02-07 12:19:41'),
(165, '635.94', 'MasterCard', 2, '2024-02-07 12:19:41', '2024-02-07 12:19:41'),
(166, '7163.95', 'Visa', 5, '2024-02-07 12:19:41', '2024-02-07 12:19:41'),
(167, '4604.95', 'Visa', 7, '2024-02-07 12:19:41', '2024-02-07 12:19:41'),
(168, '734.52', 'MasterCard', 4, '2024-02-07 12:19:41', '2024-02-07 12:19:41'),
(169, '7326.75', 'Visa', 1, '2024-02-07 12:19:41', '2024-02-07 12:19:41'),
(170, '6570.60', 'American Express', 2, '2024-02-07 12:19:41', '2024-02-07 12:19:41'),
(171, '6772.15', 'Visa', 4, '2024-02-07 12:19:41', '2024-02-07 12:19:41'),
(172, '5886.77', 'MasterCard', 9, '2024-02-07 12:19:41', '2024-02-07 12:19:41'),
(173, '9719.46', 'Visa', 5, '2024-02-07 12:19:41', '2024-02-07 12:19:41'),
(174, '1868.81', 'Visa Retired', 10, '2024-02-07 12:19:41', '2024-02-07 12:19:41'),
(175, '913.24', 'MasterCard', 5, '2024-02-07 12:19:41', '2024-02-07 12:19:41'),
(176, '4891.23', 'Visa', 5, '2024-02-07 12:19:41', '2024-02-07 12:19:41'),
(177, '765.49', 'Visa', 2, '2024-02-07 12:19:41', '2024-02-07 12:19:41'),
(178, '2285.18', 'MasterCard', 1, '2024-02-07 12:19:41', '2024-02-07 12:19:41'),
(179, '9694.12', 'Visa', 7, '2024-02-07 12:19:41', '2024-02-07 12:19:41'),
(180, '9152.74', 'Visa', 3, '2024-02-07 12:19:41', '2024-02-07 12:19:41'),
(181, '6031.50', 'Visa', 10, '2024-02-07 12:19:41', '2024-02-07 12:19:41'),
(182, '7476.24', 'Visa Retired', 9, '2024-02-07 12:19:41', '2024-02-07 12:19:41'),
(183, '5941.64', 'MasterCard', 8, '2024-02-07 12:19:41', '2024-02-07 12:19:41'),
(184, '9994.12', 'MasterCard', 8, '2024-02-07 12:19:41', '2024-02-07 12:19:41'),
(185, '834.14', 'JCB', 4, '2024-02-07 12:19:41', '2024-02-07 12:19:41'),
(186, '2607.23', 'Visa', 4, '2024-02-07 12:19:41', '2024-02-07 12:19:41'),
(187, '2459.11', 'Visa Retired', 7, '2024-02-07 12:19:41', '2024-02-07 12:19:41'),
(188, '5953.37', 'Visa', 9, '2024-02-07 12:19:41', '2024-02-07 12:19:41'),
(189, '2939.85', 'Visa', 3, '2024-02-07 12:19:41', '2024-02-07 12:19:41'),
(190, '6306.28', 'Visa Retired', 3, '2024-02-07 12:19:41', '2024-02-07 12:19:41'),
(191, '238.10', 'Visa', 5, '2024-02-07 12:19:41', '2024-02-07 12:19:41'),
(192, '3036.04', 'MasterCard', 6, '2024-02-07 12:19:41', '2024-02-07 12:19:41'),
(193, '1537.78', 'Visa', 5, '2024-02-07 12:19:41', '2024-02-07 12:19:41'),
(194, '7777.17', 'Visa Retired', 6, '2024-02-07 12:19:41', '2024-02-07 12:19:41'),
(195, '5361.85', 'Visa', 5, '2024-02-07 12:19:41', '2024-02-07 12:19:41'),
(196, '5288.24', 'Visa', 7, '2024-02-07 12:19:41', '2024-02-07 12:19:41'),
(197, '5346.77', 'Discover Card', 6, '2024-02-07 12:19:41', '2024-02-07 12:19:41'),
(198, '1415.12', 'Visa', 10, '2024-02-07 12:19:41', '2024-02-07 12:19:41'),
(199, '2702.25', 'Discover Card', 3, '2024-02-07 12:19:41', '2024-02-07 12:19:41'),
(200, '5355.91', 'Visa', 7, '2024-02-07 12:19:41', '2024-02-07 12:19:41'),
(201, '6088.57', 'Discover Card', 2, '2024-02-07 12:19:41', '2024-02-07 12:19:41'),
(202, '5530.55', 'MasterCard', 10, '2024-02-07 12:19:41', '2024-02-07 12:19:41'),
(203, '4370.28', 'MasterCard', 1, '2024-02-07 12:19:41', '2024-02-07 12:19:41'),
(204, '9132.63', 'Visa Retired', 9, '2024-02-07 12:19:41', '2024-02-07 12:19:41'),
(205, '914.78', 'MasterCard', 8, '2024-02-07 12:19:41', '2024-02-07 12:19:41'),
(206, '7404.82', 'MasterCard', 4, '2024-02-07 12:19:41', '2024-02-07 12:19:41'),
(207, '8100.37', 'Visa', 3, '2024-02-07 12:19:41', '2024-02-07 12:19:41'),
(208, '6555.83', 'Visa Retired', 1, '2024-02-07 12:19:41', '2024-02-07 12:19:41'),
(209, '4301.45', 'Visa', 1, '2024-02-07 12:19:41', '2024-02-07 12:19:41'),
(210, '6254.30', 'MasterCard', 6, '2024-02-07 12:19:41', '2024-02-07 12:19:41'),
(211, '3563.85', 'Visa Retired', 4, '2024-02-07 12:19:41', '2024-02-07 12:19:41'),
(212, '2873.38', 'MasterCard', 7, '2024-02-07 12:19:41', '2024-02-07 12:19:41'),
(213, '9586.66', 'MasterCard', 7, '2024-02-07 12:19:41', '2024-02-07 12:19:41'),
(214, '8817.47', 'MasterCard', 8, '2024-02-07 12:19:41', '2024-02-07 12:19:41'),
(215, '1496.90', 'Visa', 7, '2024-02-07 12:19:41', '2024-02-07 12:19:41'),
(216, '791.44', 'American Express', 3, '2024-02-07 12:19:41', '2024-02-07 12:19:41'),
(217, '5103.83', 'MasterCard', 7, '2024-02-07 12:19:41', '2024-02-07 12:19:41'),
(218, '2288.22', 'MasterCard', 9, '2024-02-07 12:19:41', '2024-02-07 12:19:41'),
(219, '5927.48', 'JCB', 8, '2024-02-07 12:19:41', '2024-02-07 12:19:41'),
(220, '7220.95', 'Visa Retired', 8, '2024-02-07 12:19:41', '2024-02-07 12:19:41'),
(221, '7277.96', 'Visa', 8, '2024-02-07 12:19:41', '2024-02-07 12:19:41'),
(222, '7953.53', 'Visa', 10, '2024-02-07 12:19:41', '2024-02-07 12:19:41'),
(223, '5683.18', 'MasterCard', 8, '2024-02-07 12:19:41', '2024-02-07 12:19:41'),
(224, '2560.93', 'JCB', 7, '2024-02-07 12:19:41', '2024-02-07 12:19:41'),
(225, '8449.10', 'Visa', 10, '2024-02-07 12:19:41', '2024-02-07 12:19:41'),
(226, '2024.18', 'Visa', 5, '2024-02-07 12:19:41', '2024-02-07 12:19:41'),
(227, '7345.87', 'Visa', 5, '2024-02-07 12:19:41', '2024-02-07 12:19:41'),
(228, '4939.07', 'American Express', 3, '2024-02-07 12:19:41', '2024-02-07 12:19:41'),
(229, '2680.62', 'MasterCard', 10, '2024-02-07 12:19:41', '2024-02-07 12:19:41'),
(230, '8263.67', 'MasterCard', 6, '2024-02-07 12:19:41', '2024-02-07 12:19:41'),
(231, '4171.94', 'Visa', 3, '2024-02-07 12:19:41', '2024-02-07 12:19:41'),
(232, '5095.24', 'American Express', 3, '2024-02-07 12:19:41', '2024-02-07 12:19:41'),
(233, '8037.85', 'Visa', 9, '2024-02-07 12:19:41', '2024-02-07 12:19:41'),
(234, '3453.60', 'MasterCard', 6, '2024-02-07 12:19:41', '2024-02-07 12:19:41'),
(235, '2250.39', 'MasterCard', 4, '2024-02-07 12:19:41', '2024-02-07 12:19:41'),
(236, '5141.75', 'MasterCard', 10, '2024-02-07 12:19:41', '2024-02-07 12:19:41'),
(237, '3265.56', 'JCB', 8, '2024-02-07 12:19:41', '2024-02-07 12:19:41'),
(238, '1294.20', 'Visa', 1, '2024-02-07 12:19:41', '2024-02-07 12:19:41'),
(239, '3715.32', 'JCB', 9, '2024-02-07 12:19:41', '2024-02-07 12:19:41'),
(240, '5525.87', 'Visa', 6, '2024-02-07 12:19:41', '2024-02-07 12:19:41'),
(241, '8166.18', 'Discover Card', 9, '2024-02-07 12:19:41', '2024-02-07 12:19:41'),
(242, '5214.51', 'MasterCard', 6, '2024-02-07 12:19:41', '2024-02-07 12:19:41'),
(243, '4134.47', 'MasterCard', 2, '2024-02-07 12:19:41', '2024-02-07 12:19:41'),
(244, '3237.33', 'Visa', 1, '2024-02-07 12:19:41', '2024-02-07 12:19:41'),
(245, '989.98', 'MasterCard', 4, '2024-02-07 12:19:41', '2024-02-07 12:19:41'),
(246, '6903.82', 'Discover Card', 3, '2024-02-07 12:19:41', '2024-02-07 12:19:41'),
(247, '4390.89', 'MasterCard', 1, '2024-02-07 12:19:41', '2024-02-07 12:19:41'),
(248, '5332.12', 'MasterCard', 2, '2024-02-07 12:19:41', '2024-02-07 12:19:41'),
(249, '5192.00', 'MasterCard', 3, '2024-02-07 12:19:41', '2024-02-07 12:19:41'),
(250, '6091.36', 'JCB', 6, '2024-02-07 12:19:41', '2024-02-07 12:19:41'),
(251, '953.26', 'Visa', 1, '2024-02-07 12:19:41', '2024-02-07 12:19:41'),
(252, '9140.68', 'Visa', 3, '2024-02-07 12:19:41', '2024-02-07 12:19:41'),
(253, '8574.68', 'Visa', 6, '2024-02-07 12:19:41', '2024-02-07 12:19:41'),
(254, '2950.09', 'MasterCard', 2, '2024-02-07 12:19:42', '2024-02-07 12:19:42'),
(255, '8518.23', 'American Express', 3, '2024-02-07 12:19:42', '2024-02-07 12:19:42'),
(256, '1410.39', 'Visa', 9, '2024-02-07 12:19:42', '2024-02-07 12:19:42'),
(257, '6544.33', 'Visa', 5, '2024-02-07 12:19:42', '2024-02-07 12:19:42'),
(258, '5412.61', 'Visa', 7, '2024-02-07 12:19:42', '2024-02-07 12:19:42'),
(259, '2034.88', 'JCB', 9, '2024-02-07 12:19:42', '2024-02-07 12:19:42'),
(260, '7295.91', 'Visa', 1, '2024-02-07 12:19:42', '2024-02-07 12:19:42'),
(261, '4961.48', 'Discover Card', 3, '2024-02-07 12:19:42', '2024-02-07 12:19:42'),
(262, '4346.37', 'Visa Retired', 7, '2024-02-07 12:19:42', '2024-02-07 12:19:42'),
(263, '5322.57', 'MasterCard', 4, '2024-02-07 12:19:42', '2024-02-07 12:19:42'),
(264, '3384.70', 'MasterCard', 1, '2024-02-07 12:19:42', '2024-02-07 12:19:42'),
(265, '7788.32', 'American Express', 2, '2024-02-07 12:19:42', '2024-02-07 12:19:42'),
(266, '5386.79', 'MasterCard', 10, '2024-02-07 12:19:42', '2024-02-07 12:19:42'),
(267, '3241.81', 'Visa', 1, '2024-02-07 12:19:42', '2024-02-07 12:19:42'),
(268, '3672.12', 'American Express', 4, '2024-02-07 12:19:42', '2024-02-07 12:19:42'),
(269, '8262.86', 'Visa', 1, '2024-02-07 12:19:42', '2024-02-07 12:19:42'),
(270, '1002.67', 'Visa', 10, '2024-02-07 12:19:42', '2024-02-07 12:19:42'),
(271, '8784.80', 'Visa Retired', 10, '2024-02-07 12:19:42', '2024-02-07 12:19:42'),
(272, '2310.42', 'Visa', 7, '2024-02-07 12:19:42', '2024-02-07 12:19:42'),
(273, '8637.08', 'Visa', 9, '2024-02-07 12:19:42', '2024-02-07 12:19:42'),
(274, '6163.05', 'MasterCard', 8, '2024-02-07 12:19:42', '2024-02-07 12:19:42'),
(275, '4008.41', 'MasterCard', 9, '2024-02-07 12:19:42', '2024-02-07 12:19:42'),
(276, '8819.91', 'MasterCard', 8, '2024-02-07 12:19:42', '2024-02-07 12:19:42'),
(277, '9082.02', 'American Express', 9, '2024-02-07 12:19:42', '2024-02-07 12:19:42'),
(278, '5250.41', 'Visa', 6, '2024-02-07 12:19:42', '2024-02-07 12:19:42'),
(279, '7910.31', 'Visa', 6, '2024-02-07 12:19:42', '2024-02-07 12:19:42'),
(280, '8242.74', 'Visa', 4, '2024-02-07 12:19:42', '2024-02-07 12:19:42'),
(281, '5340.31', 'Discover Card', 4, '2024-02-07 12:19:42', '2024-02-07 12:19:42'),
(282, '4688.60', 'Visa Retired', 9, '2024-02-07 12:19:42', '2024-02-07 12:19:42'),
(283, '1525.13', 'MasterCard', 1, '2024-02-07 12:19:42', '2024-02-07 12:19:42'),
(284, '5026.31', 'Visa', 6, '2024-02-07 12:19:42', '2024-02-07 12:19:42'),
(285, '4102.31', 'MasterCard', 3, '2024-02-07 12:19:42', '2024-02-07 12:19:42'),
(286, '4595.81', 'Visa', 1, '2024-02-07 12:19:42', '2024-02-07 12:19:42'),
(287, '1447.15', 'MasterCard', 3, '2024-02-07 12:19:42', '2024-02-07 12:19:42'),
(288, '3194.62', 'Visa', 7, '2024-02-07 12:19:42', '2024-02-07 12:19:42'),
(289, '5792.48', 'JCB', 6, '2024-02-07 12:19:42', '2024-02-07 12:19:42'),
(290, '5481.19', 'MasterCard', 1, '2024-02-07 12:19:42', '2024-02-07 12:19:42'),
(291, '7654.03', 'Visa', 5, '2024-02-07 12:19:42', '2024-02-07 12:19:42'),
(292, '5819.50', 'MasterCard', 6, '2024-02-07 12:19:42', '2024-02-07 12:19:42'),
(293, '6062.93', 'Visa Retired', 1, '2024-02-07 12:19:42', '2024-02-07 12:19:42'),
(294, '2763.92', 'MasterCard', 4, '2024-02-07 12:19:42', '2024-02-07 12:19:42'),
(295, '2844.00', 'Visa', 4, '2024-02-07 12:19:42', '2024-02-07 12:19:42'),
(296, '4815.37', 'MasterCard', 2, '2024-02-07 12:19:42', '2024-02-07 12:19:42'),
(297, '2136.94', 'MasterCard', 5, '2024-02-07 12:19:42', '2024-02-07 12:19:42'),
(298, '6685.97', 'Visa', 9, '2024-02-07 12:19:42', '2024-02-07 12:19:42'),
(299, '3752.28', 'Visa', 7, '2024-02-07 12:19:42', '2024-02-07 12:19:42'),
(300, '463.03', 'JCB', 3, '2024-02-07 12:19:42', '2024-02-07 12:19:42'),
(301, '2017.13', 'JCB', 4, '2024-02-07 12:19:42', '2024-02-07 12:19:42'),
(302, '981.50', 'MasterCard', 3, '2024-02-07 12:19:42', '2024-02-07 12:19:42'),
(303, '8267.14', 'American Express', 6, '2024-02-07 12:19:42', '2024-02-07 12:19:42'),
(304, '7149.28', 'Discover Card', 9, '2024-02-07 12:19:42', '2024-02-07 12:19:42'),
(305, '7315.03', 'MasterCard', 10, '2024-02-07 12:19:42', '2024-02-07 12:19:42'),
(306, '553.77', 'Visa', 8, '2024-02-07 12:19:42', '2024-02-07 12:19:42'),
(307, '5883.01', 'Visa', 6, '2024-02-07 12:19:42', '2024-02-07 12:19:42'),
(308, '3975.75', 'MasterCard', 2, '2024-02-07 12:19:42', '2024-02-07 12:19:42'),
(309, '1658.21', 'Visa', 8, '2024-02-07 12:19:42', '2024-02-07 12:19:42'),
(310, '632.60', 'Visa Retired', 3, '2024-02-07 12:19:42', '2024-02-07 12:19:42'),
(311, '8385.62', 'Visa', 7, '2024-02-07 12:19:42', '2024-02-07 12:19:42'),
(312, '7211.81', 'Visa', 7, '2024-02-07 12:19:42', '2024-02-07 12:19:42'),
(313, '7724.76', 'Visa', 8, '2024-02-07 12:19:42', '2024-02-07 12:19:42'),
(314, '1315.02', 'Visa', 1, '2024-02-07 12:19:42', '2024-02-07 12:19:42'),
(315, '1934.32', 'MasterCard', 4, '2024-02-07 12:19:42', '2024-02-07 12:19:42'),
(316, '6664.57', 'Visa', 2, '2024-02-07 12:19:42', '2024-02-07 12:19:42'),
(317, '1381.98', 'MasterCard', 8, '2024-02-07 12:19:42', '2024-02-07 12:19:42'),
(318, '3237.58', 'American Express', 3, '2024-02-07 12:19:42', '2024-02-07 12:19:42'),
(319, '9198.77', 'Visa', 8, '2024-02-07 12:19:42', '2024-02-07 12:19:42'),
(320, '7192.45', 'Visa Retired', 4, '2024-02-07 12:19:42', '2024-02-07 12:19:42'),
(321, '5936.62', 'MasterCard', 1, '2024-02-07 12:19:42', '2024-02-07 12:19:42'),
(322, '6832.24', 'Visa', 4, '2024-02-07 12:19:42', '2024-02-07 12:19:42'),
(323, '7974.06', 'MasterCard', 10, '2024-02-07 12:19:42', '2024-02-07 12:19:42'),
(324, '389.39', 'MasterCard', 6, '2024-02-07 12:19:42', '2024-02-07 12:19:42'),
(325, '2693.94', 'MasterCard', 4, '2024-02-07 12:19:42', '2024-02-07 12:19:42'),
(326, '4260.48', 'JCB', 2, '2024-02-07 12:19:42', '2024-02-07 12:19:42'),
(327, '3165.76', 'Visa Retired', 4, '2024-02-07 12:19:42', '2024-02-07 12:19:42'),
(328, '8680.06', 'Discover Card', 3, '2024-02-07 12:19:42', '2024-02-07 12:19:42'),
(329, '6436.07', 'MasterCard', 3, '2024-02-07 12:19:42', '2024-02-07 12:19:42'),
(330, '8656.57', 'Visa', 7, '2024-02-07 12:19:42', '2024-02-07 12:19:42'),
(331, '3638.43', 'MasterCard', 3, '2024-02-07 12:19:42', '2024-02-07 12:19:42'),
(332, '8512.59', 'Visa Retired', 9, '2024-02-07 12:19:42', '2024-02-07 12:19:42'),
(333, '2358.50', 'JCB', 10, '2024-02-07 12:19:42', '2024-02-07 12:19:42'),
(334, '6025.04', 'MasterCard', 10, '2024-02-07 12:19:42', '2024-02-07 12:19:42'),
(335, '9043.48', 'Visa', 8, '2024-02-07 12:19:42', '2024-02-07 12:19:42'),
(336, '1167.63', 'MasterCard', 2, '2024-02-07 12:19:42', '2024-02-07 12:19:42'),
(337, '7904.73', 'MasterCard', 3, '2024-02-07 12:19:42', '2024-02-07 12:19:42'),
(338, '6528.02', 'MasterCard', 7, '2024-02-07 12:19:42', '2024-02-07 12:19:42'),
(339, '2561.97', 'Visa', 2, '2024-02-07 12:19:42', '2024-02-07 12:19:42'),
(340, '7312.14', 'Visa Retired', 3, '2024-02-07 12:19:42', '2024-02-07 12:19:42'),
(341, '7351.27', 'Visa', 8, '2024-02-07 12:19:42', '2024-02-07 12:19:42'),
(342, '9483.50', 'MasterCard', 10, '2024-02-07 12:19:42', '2024-02-07 12:19:42'),
(343, '3317.50', 'MasterCard', 6, '2024-02-07 12:19:42', '2024-02-07 12:19:42'),
(344, '903.85', 'JCB', 3, '2024-02-07 12:19:42', '2024-02-07 12:19:42'),
(345, '444.25', 'MasterCard', 1, '2024-02-07 12:19:42', '2024-02-07 12:19:42'),
(346, '4683.51', 'Visa', 10, '2024-02-07 12:19:42', '2024-02-07 12:19:42'),
(347, '8359.25', 'MasterCard', 1, '2024-02-07 12:19:42', '2024-02-07 12:19:42'),
(348, '2252.90', 'Visa', 10, '2024-02-07 12:19:42', '2024-02-07 12:19:42'),
(349, '1904.97', 'Visa', 4, '2024-02-07 12:19:42', '2024-02-07 12:19:42'),
(350, '9392.76', 'Discover Card', 9, '2024-02-07 12:19:42', '2024-02-07 12:19:42'),
(351, '9420.55', 'Visa Retired', 9, '2024-02-07 12:19:42', '2024-02-07 12:19:42'),
(352, '1721.42', 'MasterCard', 9, '2024-02-07 12:19:42', '2024-02-07 12:19:42'),
(353, '2697.63', 'Discover Card', 6, '2024-02-07 12:19:42', '2024-02-07 12:19:42'),
(354, '6363.55', 'Visa Retired', 1, '2024-02-07 12:19:42', '2024-02-07 12:19:42'),
(355, '1496.36', 'Visa', 4, '2024-02-07 12:19:42', '2024-02-07 12:19:42'),
(356, '4891.69', 'MasterCard', 7, '2024-02-07 12:19:42', '2024-02-07 12:19:42'),
(357, '1967.77', 'Visa', 6, '2024-02-07 12:19:42', '2024-02-07 12:19:42'),
(358, '2231.83', 'American Express', 10, '2024-02-07 12:19:42', '2024-02-07 12:19:42'),
(359, '6188.07', 'MasterCard', 6, '2024-02-07 12:19:42', '2024-02-07 12:19:42'),
(360, '5643.18', 'MasterCard', 8, '2024-02-07 12:19:42', '2024-02-07 12:19:42'),
(361, '4749.88', 'Visa', 7, '2024-02-07 12:19:42', '2024-02-07 12:19:42'),
(362, '7954.07', 'MasterCard', 9, '2024-02-07 12:19:42', '2024-02-07 12:19:42'),
(363, '7285.77', 'MasterCard', 1, '2024-02-07 12:19:42', '2024-02-07 12:19:42'),
(364, '2996.39', 'Visa', 4, '2024-02-07 12:19:42', '2024-02-07 12:19:42'),
(365, '7633.54', 'MasterCard', 4, '2024-02-07 12:19:42', '2024-02-07 12:19:42'),
(366, '1999.98', 'MasterCard', 6, '2024-02-07 12:19:42', '2024-02-07 12:19:42'),
(367, '9279.01', 'Visa', 7, '2024-02-07 12:19:42', '2024-02-07 12:19:42'),
(368, '2510.97', 'Visa', 3, '2024-02-07 12:19:42', '2024-02-07 12:19:42'),
(369, '2620.81', 'MasterCard', 6, '2024-02-07 12:19:42', '2024-02-07 12:19:42'),
(370, '3881.75', 'MasterCard', 9, '2024-02-07 12:19:42', '2024-02-07 12:19:42'),
(371, '1620.04', 'Visa Retired', 10, '2024-02-07 12:19:42', '2024-02-07 12:19:42'),
(372, '6025.58', 'MasterCard', 2, '2024-02-07 12:19:42', '2024-02-07 12:19:42'),
(373, '2668.78', 'MasterCard', 1, '2024-02-07 12:19:42', '2024-02-07 12:19:42'),
(374, '9649.63', 'Visa', 7, '2024-02-07 12:19:42', '2024-02-07 12:19:42'),
(375, '1302.71', 'MasterCard', 8, '2024-02-07 12:19:42', '2024-02-07 12:19:42'),
(376, '6480.86', 'Discover Card', 6, '2024-02-07 12:19:42', '2024-02-07 12:19:42'),
(377, '7020.25', 'Visa', 4, '2024-02-07 12:19:42', '2024-02-07 12:19:42'),
(378, '5032.61', 'MasterCard', 10, '2024-02-07 12:19:42', '2024-02-07 12:19:42'),
(379, '3321.87', 'MasterCard', 10, '2024-02-07 12:19:42', '2024-02-07 12:19:42'),
(380, '9389.36', 'MasterCard', 4, '2024-02-07 12:19:42', '2024-02-07 12:19:42'),
(381, '8601.02', 'Visa', 6, '2024-02-07 12:19:42', '2024-02-07 12:19:42'),
(382, '7613.69', 'MasterCard', 1, '2024-02-07 12:19:42', '2024-02-07 12:19:42'),
(383, '733.78', 'MasterCard', 9, '2024-02-07 12:19:42', '2024-02-07 12:19:42'),
(384, '3316.39', 'JCB', 3, '2024-02-07 12:19:42', '2024-02-07 12:19:42'),
(385, '2580.80', 'Visa', 5, '2024-02-07 12:19:42', '2024-02-07 12:19:42'),
(386, '7426.06', 'MasterCard', 5, '2024-02-07 12:19:42', '2024-02-07 12:19:42'),
(387, '3193.07', 'Visa', 10, '2024-02-07 12:19:42', '2024-02-07 12:19:42'),
(388, '1573.94', 'Visa', 3, '2024-02-07 12:19:42', '2024-02-07 12:19:42'),
(389, '2504.67', 'Discover Card', 3, '2024-02-07 12:19:42', '2024-02-07 12:19:42'),
(390, '6597.61', 'Visa Retired', 9, '2024-02-07 12:19:42', '2024-02-07 12:19:42'),
(391, '5751.89', 'MasterCard', 4, '2024-02-07 12:19:42', '2024-02-07 12:19:42'),
(392, '716.06', 'Discover Card', 2, '2024-02-07 12:19:42', '2024-02-07 12:19:42'),
(393, '580.05', 'American Express', 5, '2024-02-07 12:19:42', '2024-02-07 12:19:42'),
(394, '6552.40', 'Visa', 6, '2024-02-07 12:19:42', '2024-02-07 12:19:42'),
(395, '9005.73', 'MasterCard', 3, '2024-02-07 12:19:42', '2024-02-07 12:19:42'),
(396, '2778.99', 'MasterCard', 7, '2024-02-07 12:19:42', '2024-02-07 12:19:42'),
(397, '8577.72', 'Visa', 7, '2024-02-07 12:19:42', '2024-02-07 12:19:42'),
(398, '2114.71', 'Discover Card', 8, '2024-02-07 12:19:42', '2024-02-07 12:19:42'),
(399, '222.35', 'American Express', 3, '2024-02-07 12:19:42', '2024-02-07 12:19:42'),
(400, '400.25', 'MasterCard', 8, '2024-02-07 12:19:42', '2024-02-07 12:19:42'),
(401, '4613.52', 'MasterCard', 7, '2024-02-07 12:19:42', '2024-02-07 12:19:42'),
(402, '4628.46', 'Visa', 7, '2024-02-07 12:19:42', '2024-02-07 12:19:42'),
(403, '4102.93', 'MasterCard', 8, '2024-02-07 12:19:42', '2024-02-07 12:19:42'),
(404, '9442.28', 'Visa', 1, '2024-02-07 12:19:42', '2024-02-07 12:19:42'),
(405, '3672.88', 'Visa', 7, '2024-02-07 12:19:42', '2024-02-07 12:19:42'),
(406, '2189.94', 'Discover Card', 1, '2024-02-07 12:19:42', '2024-02-07 12:19:42'),
(407, '6721.58', 'Visa', 10, '2024-02-07 12:19:42', '2024-02-07 12:19:42'),
(408, '967.90', 'Visa', 5, '2024-02-07 12:19:42', '2024-02-07 12:19:42'),
(409, '6366.49', 'MasterCard', 10, '2024-02-07 12:19:42', '2024-02-07 12:19:42'),
(410, '8947.58', 'MasterCard', 1, '2024-02-07 12:19:42', '2024-02-07 12:19:42'),
(411, '4962.29', 'Visa', 1, '2024-02-07 12:19:42', '2024-02-07 12:19:42'),
(412, '4593.98', 'Visa Retired', 10, '2024-02-07 12:19:42', '2024-02-07 12:19:42'),
(413, '1795.61', 'MasterCard', 8, '2024-02-07 12:19:42', '2024-02-07 12:19:42'),
(414, '8765.40', 'American Express', 1, '2024-02-07 12:19:42', '2024-02-07 12:19:42'),
(415, '9111.82', 'Visa Retired', 2, '2024-02-07 12:19:42', '2024-02-07 12:19:42'),
(416, '7560.25', 'MasterCard', 2, '2024-02-07 12:19:42', '2024-02-07 12:19:42'),
(417, '2862.26', 'MasterCard', 1, '2024-02-07 12:19:42', '2024-02-07 12:19:42'),
(418, '5348.68', 'Visa', 8, '2024-02-07 12:19:42', '2024-02-07 12:19:42'),
(419, '926.07', 'JCB', 5, '2024-02-07 12:19:42', '2024-02-07 12:19:42'),
(420, '6236.41', 'MasterCard', 4, '2024-02-07 12:19:42', '2024-02-07 12:19:42'),
(421, '2002.32', 'Visa Retired', 2, '2024-02-07 12:19:42', '2024-02-07 12:19:42'),
(422, '8268.95', 'JCB', 3, '2024-02-07 12:19:42', '2024-02-07 12:19:42'),
(423, '9392.45', 'JCB', 7, '2024-02-07 12:19:42', '2024-02-07 12:19:42'),
(424, '127.22', 'MasterCard', 9, '2024-02-07 12:19:42', '2024-02-07 12:19:42'),
(425, '2065.28', 'Visa', 8, '2024-02-07 12:19:42', '2024-02-07 12:19:42'),
(426, '9454.74', 'Visa', 1, '2024-02-07 12:19:42', '2024-02-07 12:19:42'),
(427, '690.39', 'MasterCard', 1, '2024-02-07 12:19:42', '2024-02-07 12:19:42'),
(428, '1600.43', 'MasterCard', 10, '2024-02-07 12:19:42', '2024-02-07 12:19:42'),
(429, '2017.55', 'Visa', 3, '2024-02-07 12:19:42', '2024-02-07 12:19:42'),
(430, '8389.29', 'Visa Retired', 1, '2024-02-07 12:19:42', '2024-02-07 12:19:42');

-- --------------------------------------------------------

--
-- Table structure for table `personal_access_tokens`
--

CREATE TABLE `personal_access_tokens` (
  `id` bigint(20) UNSIGNED NOT NULL,
  `tokenable_type` varchar(255) NOT NULL,
  `tokenable_id` bigint(20) UNSIGNED NOT NULL,
  `name` varchar(255) NOT NULL,
  `token` varchar(64) NOT NULL,
  `abilities` text DEFAULT NULL,
  `last_used_at` timestamp NULL DEFAULT NULL,
  `expires_at` timestamp NULL DEFAULT NULL,
  `created_at` timestamp NULL DEFAULT NULL,
  `updated_at` timestamp NULL DEFAULT NULL
) ENGINE=InnoDB DEFAULT CHARSET=utf8mb4 COLLATE=utf8mb4_unicode_ci;

-- --------------------------------------------------------

--
-- Table structure for table `products`
--

CREATE TABLE `products` (
  `id` bigint(20) UNSIGNED NOT NULL,
  `product` varchar(255) NOT NULL,
  `description` varchar(255) NOT NULL,
  `category` varchar(255) NOT NULL,
  `user_id` bigint(20) UNSIGNED NOT NULL,
  `created_at` timestamp NULL DEFAULT NULL,
  `updated_at` timestamp NULL DEFAULT NULL,
  `price` decimal(10,2) NOT NULL,
  `image_link` varchar(255) NOT NULL
) ENGINE=InnoDB DEFAULT CHARSET=utf8mb4 COLLATE=utf8mb4_unicode_ci;

--
-- Dumping data for table `products`
--

INSERT INTO `products` (`id`, `product`, `description`, `category`, `user_id`, `created_at`, `updated_at`, `price`, `image_link`) VALUES
(1, 'Sitarchitecto.', 'Omnis magni aut hic.', 'NejL4wgj4w', 10, '2024-02-07 12:19:30', '2024-02-07 12:19:30', '249.30', 'Aut aut temporibus.'),
(2, 'Ametducimus.', 'Officia quia quasi rerum.', 'XDfFcXgT2G', 9, '2024-02-07 12:19:30', '2024-02-07 12:19:30', '315.00', 'Voluptatum.'),
(3, 'Etmodinon.', 'Hic et quo ex velit.', 'Ns3an1ZfUF', 9, '2024-02-07 12:19:30', '2024-02-07 12:19:30', '366.70', 'Qui corporis omnis.'),
(4, 'Nonaperiamsed.', 'In et voluptas nostrum.', 'k7MRmVY0X8', 4, '2024-02-07 12:19:30', '2024-02-07 12:19:30', '319.50', 'Harum quos adipisci.'),
(5, 'Estrem.', 'Doloribus sed quis vel.', 'Qrs72gsjGa', 6, '2024-02-07 12:19:30', '2024-02-07 12:19:30', '300.40', 'Suscipit labore.'),
(6, 'Reiciendis.', 'Id optio harum magni.', '2X4ye9PhIh', 1, '2024-02-07 12:19:30', '2024-02-07 12:19:30', '215.60', 'Expedita voluptatem.'),
(7, 'Saepeharum.', 'Tempore in quis a dolor.', 'F8ioxlh8VT', 9, '2024-02-07 12:19:30', '2024-02-07 12:19:30', '264.70', 'Voluptatem eum ab.'),
(8, 'Autvoluptatem.', 'Animi aut fugiat et.', 'k7MRmVY0X8', 8, '2024-02-07 12:19:30', '2024-02-07 12:19:30', '275.80', 'Consectetur.'),
(9, 'Eumdoloribus.', 'Et ut quo temporibus qui.', '9BIOIxokpy', 8, '2024-02-07 12:19:30', '2024-02-07 12:19:30', '313.00', 'Officiis labore.'),
(10, 'Perspiciatisin.', 'Aperiam ut est optio ea.', '0mocKkZUwr', 3, '2024-02-07 12:19:30', '2024-02-07 12:19:30', '255.50', 'Consequatur hic.'),
(11, 'Etetsint.', 'Fugiat nihil rem harum.', 'Ns3an1ZfUF', 2, '2024-02-07 12:19:30', '2024-02-07 12:19:30', '347.90', 'Vero nam in.'),
(12, 'Debitis.', 'Qui non ea molestias et.', 'XDfFcXgT2G', 5, '2024-02-07 12:19:30', '2024-02-07 12:19:30', '324.40', 'Labore ad ad.'),
(13, 'Harumautipsa.', 'Labore est ut inventore.', 'QydRVo7tLd', 2, '2024-02-07 12:19:30', '2024-02-07 12:19:30', '289.50', 'Qui consequatur.'),
(14, 'Voluptateest.', 'Iste quaerat et autem.', 'NejL4wgj4w', 6, '2024-02-07 12:19:30', '2024-02-07 12:19:30', '216.50', 'Ut eaque ex.'),
(15, 'Incidunt.', 'In quia veritatis vel.', '9uzI7NiOao', 4, '2024-02-07 12:19:30', '2024-02-07 12:19:30', '327.10', 'Illum voluptatem.'),
(16, 'Aliquambeatae.', 'Sapiente suscipit ut et.', 'k7MRmVY0X8', 2, '2024-02-07 12:19:30', '2024-02-07 12:19:30', '239.20', 'Ut numquam sapiente.'),
(17, 'Evenietimpedit.', 'Est animi ut sed atque.', '8FWOY90d3u', 7, '2024-02-07 12:19:30', '2024-02-07 12:19:30', '359.90', 'Quo sunt.'),
(18, 'Hiciureipsa.', 'Qui tempore id eligendi.', 'XDfFcXgT2G', 10, '2024-02-07 12:19:30', '2024-02-07 12:19:30', '259.10', 'Molestias enim aut.'),
(19, 'Odiodoloremque.', 'Non sit qui hic fuga.', 'c8cv2wvB8l', 7, '2024-02-07 12:19:30', '2024-02-07 12:19:30', '319.10', 'Facilis quo laborum.'),
(20, 'Velsed.', 'Ex fugit non sit.', 'XDfFcXgT2G', 9, '2024-02-07 12:19:30', '2024-02-07 12:19:30', '334.50', 'Vero repellendus ut.'),
(21, 'Debitissitrem.', 'Et quia itaque ut.', '8FWOY90d3u', 1, '2024-02-07 12:19:30', '2024-02-07 12:19:30', '385.10', 'Animi aliquid vel.'),
(22, 'Quosetneque.', 'Voluptate qui est alias.', 'NejL4wgj4w', 1, '2024-02-07 12:19:30', '2024-02-07 12:19:30', '261.90', 'Et rerum nostrum.'),
(23, 'Ipsum.', 'Ab vitae ipsam nulla.', '4z9mSD6fzr', 1, '2024-02-07 12:19:30', '2024-02-07 12:19:30', '280.60', 'Similique quibusdam.'),
(24, 'Architecto.', 'Eligendi modi id labore.', '9uzI7NiOao', 9, '2024-02-07 12:19:30', '2024-02-07 12:19:30', '286.20', 'Quis rerum enim.'),
(25, 'Velomnisesse.', 'Eum eligendi velit et.', 'RWmotgOYvt', 2, '2024-02-07 12:19:30', '2024-02-07 12:19:30', '248.80', 'Et qui.'),
(26, 'Eligendi.', 'Id assumenda qui quas.', '9uzI7NiOao', 1, '2024-02-07 12:19:30', '2024-02-07 12:19:30', '297.60', 'Pariatur suscipit.'),
(27, 'Quiailloautem.', 'Id voluptatibus ipsam et.', 'F8ioxlh8VT', 2, '2024-02-07 12:19:30', '2024-02-07 12:19:30', '327.20', 'Sit rem enim culpa.'),
(28, 'Consequatur.', 'Accusamus et et officiis.', 'XDfFcXgT2G', 4, '2024-02-07 12:19:30', '2024-02-07 12:19:30', '270.80', 'Consectetur.'),
(29, 'Quascorrupti.', 'Modi velit omnis qui quo.', '4z9mSD6fzr', 2, '2024-02-07 12:19:30', '2024-02-07 12:19:30', '329.40', 'Dignissimos eaque.'),
(30, 'Quidemquidem.', 'Harum ut neque nulla.', 'c8cv2wvB8l', 10, '2024-02-07 12:19:30', '2024-02-07 12:19:30', '284.90', 'Provident iure.'),
(31, 'Optioofficiis.', 'Nihil et est repudiandae.', 'f3xiCdq81k', 7, '2024-02-07 12:19:30', '2024-02-07 12:19:30', '334.50', 'Rem exercitationem.'),
(32, 'Nullaprovident.', 'Sapiente aut ut ut.', 'NejL4wgj4w', 7, '2024-02-07 12:19:30', '2024-02-07 12:19:30', '282.30', 'Soluta rerum.'),
(33, 'Estrerumsunt.', 'Dolore unde esse quidem.', 'RWmotgOYvt', 10, '2024-02-07 12:19:30', '2024-02-07 12:19:30', '355.70', 'Qui qui odit.'),
(34, 'Nonteneturquo.', 'Et ex dicta sint in quo.', 'k7MRmVY0X8', 1, '2024-02-07 12:19:30', '2024-02-07 12:19:30', '220.50', 'Eveniet et numquam.'),
(35, 'Eossitquos.', 'Fuga et corporis sit.', 'c8cv2wvB8l', 4, '2024-02-07 12:19:30', '2024-02-07 12:19:30', '306.60', 'Earum rerum quo.'),
(36, 'Autnesciunt.', 'Unde aut eos omnis ipsa.', 'NejL4wgj4w', 5, '2024-02-07 12:19:30', '2024-02-07 12:19:30', '311.00', 'Et vero et sed.'),
(37, 'Illumillum.', 'Ut et molestias quas.', '9BIOIxokpy', 10, '2024-02-07 12:19:30', '2024-02-07 12:19:30', '213.80', 'Et magni voluptas.'),
(38, 'Accusamus.', 'Totam illum et enim sed.', 'sUJN8HxgFg', 2, '2024-02-07 12:19:30', '2024-02-07 12:19:30', '249.70', 'Quam velit.'),
(39, 'Corruptiharum.', 'Sint sit sit sed libero.', 'NejL4wgj4w', 10, '2024-02-07 12:19:30', '2024-02-07 12:19:30', '214.40', 'Ut velit qui nobis.'),
(40, 'Cupiditatehic.', 'Alias est ut id.', 'MY16uYysyt', 8, '2024-02-07 12:19:30', '2024-02-07 12:19:30', '256.20', 'Aut amet.'),
(41, 'Necessitatibus.', 'Illum et vel maiores quo.', 'sUJN8HxgFg', 5, '2024-02-07 12:19:30', '2024-02-07 12:19:30', '315.80', 'Reiciendis et natus.'),
(42, 'Corporis.', 'Illo iure quo ex.', 'Ns3an1ZfUF', 6, '2024-02-07 12:19:30', '2024-02-07 12:19:30', '339.40', 'Vel explicabo quam.'),
(43, 'Similiqueoptio.', 'Qui molestiae dolor sit.', 'XDfFcXgT2G', 5, '2024-02-07 12:19:30', '2024-02-07 12:19:30', '231.70', 'Facilis quidem.'),
(44, 'Enimet.', 'Velit sint et qui rerum.', 'c8cv2wvB8l', 9, '2024-02-07 12:19:30', '2024-02-07 12:19:30', '250.50', 'Quae sunt eaque.'),
(45, 'Autemexpedita.', 'Omnis error est modi quo.', 'QydRVo7tLd', 8, '2024-02-07 12:19:30', '2024-02-07 12:19:30', '220.90', 'Eum in labore.'),
(46, 'Rationeeos.', 'Aut et est quidem.', 'c8cv2wvB8l', 1, '2024-02-07 12:19:30', '2024-02-07 12:19:30', '248.70', 'Vel corporis sint.'),
(47, 'Dolorumtotam.', 'Ab et at et error.', 'c8cv2wvB8l', 9, '2024-02-07 12:19:30', '2024-02-07 12:19:30', '379.60', 'Nihil et.'),
(48, 'Minuseligendi.', 'Ipsam aut voluptatem id.', 'QydRVo7tLd', 1, '2024-02-07 12:19:30', '2024-02-07 12:19:30', '264.70', 'At libero dolorum.'),
(49, 'Utdolores.', 'Et et aut omnis.', 'MY16uYysyt', 9, '2024-02-07 12:19:30', '2024-02-07 12:19:30', '289.80', 'Voluptatem laborum.'),
(50, 'Automnis.', 'Debitis in a sit aut est.', 'wbGnntQmil', 4, '2024-02-07 12:19:30', '2024-02-07 12:19:30', '331.10', 'Nihil minus.'),
(51, 'Assumenda.', 'Hic et eius vitae.', 'bEUYRWupM5', 3, '2024-02-07 12:19:30', '2024-02-07 12:19:30', '329.30', 'Qui quam est modi.'),
(52, 'Fugiatrerum.', 'Non autem autem ut in ut.', 'c8cv2wvB8l', 4, '2024-02-07 12:19:30', '2024-02-07 12:19:30', '300.40', 'Rerum quo.'),
(53, 'Voluptate.', 'Nobis modi ipsam et.', 'Qrs72gsjGa', 9, '2024-02-07 12:19:30', '2024-02-07 12:19:30', '299.20', 'Facilis illum fuga.'),
(54, 'Eumutfacere.', 'Hic tenetur tempore et.', '9BIOIxokpy', 8, '2024-02-07 12:19:30', '2024-02-07 12:19:30', '282.00', 'Eligendi magnam.'),
(55, 'Voluptatemin.', 'Ea incidunt in et.', 'F8ioxlh8VT', 10, '2024-02-07 12:19:30', '2024-02-07 12:19:30', '306.60', 'Dolor quisquam est.'),
(56, 'Veniamcumque.', 'Et non est quasi rem.', 'XDfFcXgT2G', 1, '2024-02-07 12:19:30', '2024-02-07 12:19:30', '366.30', 'Exercitationem.'),
(57, 'Estpraesentium.', 'Maxime sed aut quasi qui.', 'NejL4wgj4w', 4, '2024-02-07 12:19:30', '2024-02-07 12:19:30', '339.10', 'Labore enim omnis.'),
(58, 'Exercitationem.', 'Qui impedit omnis sunt.', '0mocKkZUwr', 10, '2024-02-07 12:19:30', '2024-02-07 12:19:30', '328.20', 'Quis nulla autem.'),
(59, 'Cupiditateet.', 'Voluptatem ut in et.', 'k7MRmVY0X8', 3, '2024-02-07 12:19:30', '2024-02-07 12:19:30', '204.70', 'Maiores quis sunt.'),
(60, 'Etcupiditate.', 'Nam sed ut ad et aperiam.', 'F8ioxlh8VT', 2, '2024-02-07 12:19:30', '2024-02-07 12:19:30', '328.70', 'Aut ratione.'),
(61, 'Doloremoptio.', 'Tenetur aut et sed illum.', 'F8ioxlh8VT', 10, '2024-02-07 12:19:30', '2024-02-07 12:19:30', '255.20', 'Adipisci enim ea et.'),
(62, 'Voluptateseum.', 'Quia quia odit culpa.', 'XDfFcXgT2G', 7, '2024-02-07 12:19:30', '2024-02-07 12:19:30', '311.90', 'Dolorem quo et.'),
(63, 'Veroeum.', 'Aut ad error et.', '2X4ye9PhIh', 9, '2024-02-07 12:19:30', '2024-02-07 12:19:30', '392.50', 'Culpa molestiae.'),
(64, 'Adipisci.', 'Nihil aut fugiat quaerat.', 'sUJN8HxgFg', 1, '2024-02-07 12:19:30', '2024-02-07 12:19:30', '242.00', 'Corporis quis.'),
(65, 'Impedit.', 'Enim optio eum error ex.', 'NejL4wgj4w', 7, '2024-02-07 12:19:30', '2024-02-07 12:19:30', '335.40', 'Fugiat eos iure.'),
(66, 'Veniam.', 'Sit qui vel in.', 'F8ioxlh8VT', 10, '2024-02-07 12:19:30', '2024-02-07 12:19:30', '281.70', 'Esse provident quo.'),
(67, 'Praesentiumaut.', 'Placeat est et quo qui.', 'MY16uYysyt', 3, '2024-02-07 12:19:30', '2024-02-07 12:19:30', '289.50', 'Dolor eaque cum.'),
(68, 'Sintrerum.', 'Et et aut magni quis.', 'Qrs72gsjGa', 3, '2024-02-07 12:19:30', '2024-02-07 12:19:30', '270.10', 'Repellat rerum.'),
(69, 'Culpaplaceat.', 'Et et explicabo qui.', 'MY16uYysyt', 4, '2024-02-07 12:19:30', '2024-02-07 12:19:30', '286.90', 'Excepturi repellat.'),
(70, 'Laudantiumquia.', 'Et eum sint quasi sint.', 'XDfFcXgT2G', 8, '2024-02-07 12:19:30', '2024-02-07 12:19:30', '369.00', 'Consectetur et.'),
(71, 'Eosquae.', 'Laborum in adipisci modi.', '8FWOY90d3u', 10, '2024-02-07 12:19:30', '2024-02-07 12:19:30', '349.40', 'Dolorem consequatur.'),
(72, 'Velfugiat.', 'Minima ut omnis sed odio.', 'c8cv2wvB8l', 3, '2024-02-07 12:19:30', '2024-02-07 12:19:30', '386.40', 'Ut corporis libero.'),
(73, 'Expeditaaut.', 'Qui est vel nostrum.', 'bEUYRWupM5', 3, '2024-02-07 12:19:30', '2024-02-07 12:19:30', '307.00', 'Et aut qui eveniet.'),
(74, 'Consequatureum.', 'Repellat quo quis rerum.', '0mocKkZUwr', 9, '2024-02-07 12:19:30', '2024-02-07 12:19:30', '219.40', 'Libero qui.'),
(75, 'Pariaturaut.', 'Nesciunt sed qui ad.', 'k7MRmVY0X8', 1, '2024-02-07 12:19:30', '2024-02-07 12:19:30', '279.50', 'Placeat est sint.'),
(76, 'Corporisid.', 'Rem ut voluptatibus a.', '9uzI7NiOao', 2, '2024-02-07 12:19:30', '2024-02-07 12:19:30', '246.60', 'Rerum ipsa at quo.'),
(77, 'Etin.', 'Ea labore id dolor vel.', 'wbGnntQmil', 3, '2024-02-07 12:19:30', '2024-02-07 12:19:30', '261.40', 'Velit sequi rem.'),
(78, 'Dignissimos.', 'Ipsum qui repellat fugit.', 'Ns3an1ZfUF', 6, '2024-02-07 12:19:30', '2024-02-07 12:19:30', '358.70', 'Et omnis quia.'),
(79, 'Voluptatem.', 'Et aut eaque est dolorum.', 'QydRVo7tLd', 2, '2024-02-07 12:19:30', '2024-02-07 12:19:30', '234.80', 'Enim recusandae.'),
(80, 'Rerumadsint.', 'Sunt alias et et.', 'sUJN8HxgFg', 1, '2024-02-07 12:19:30', '2024-02-07 12:19:30', '381.30', 'Explicabo.'),
(81, 'Aenimnesciunt.', 'Et sit aperiam eum.', 'QydRVo7tLd', 8, '2024-02-07 12:19:30', '2024-02-07 12:19:30', '313.10', 'Delectus culpa rem.'),
(82, 'Dolorem.', 'Harum non qui modi.', 'wbGnntQmil', 8, '2024-02-07 12:19:30', '2024-02-07 12:19:30', '386.90', 'Tempore corrupti.'),
(83, 'Ducimusnisi.', 'Dolore et eum iusto et.', '8FWOY90d3u', 1, '2024-02-07 12:19:30', '2024-02-07 12:19:30', '379.80', 'Velit et voluptatum.'),
(84, 'Quosdictaunde.', 'Ad nulla modi ut ut.', '2X4ye9PhIh', 7, '2024-02-07 12:19:30', '2024-02-07 12:19:30', '210.00', 'Esse consequatur.'),
(85, 'Etasperiores.', 'Culpa ut ab fugiat ut.', 'F8ioxlh8VT', 7, '2024-02-07 12:19:30', '2024-02-07 12:19:30', '363.50', 'Illum impedit.'),
(86, 'Quaeratipsa.', 'Praesentium eaque ut qui.', 'k7MRmVY0X8', 10, '2024-02-07 12:19:30', '2024-02-07 12:19:30', '340.40', 'Deserunt quibusdam.'),
(87, 'Ipsumoccaecati.', 'A qui provident officiis.', '0mocKkZUwr', 4, '2024-02-07 12:19:30', '2024-02-07 12:19:30', '357.90', 'Deserunt cum sint.'),
(88, 'Autmagniea.', 'Quo est vel quis.', 'c8cv2wvB8l', 7, '2024-02-07 12:19:30', '2024-02-07 12:19:30', '220.10', 'Nemo earum quia.'),
(89, 'Etdoloribus.', 'Est harum autem in id.', 'sUJN8HxgFg', 9, '2024-02-07 12:19:30', '2024-02-07 12:19:30', '322.90', 'Sint omnis ut qui.'),
(90, 'Quodquae.', 'Ut provident est eum aut.', 'XDfFcXgT2G', 3, '2024-02-07 12:19:30', '2024-02-07 12:19:30', '346.80', 'Expedita nihil.'),
(91, 'Illumharumea.', 'Iste sunt quis ab.', 'RWmotgOYvt', 2, '2024-02-07 12:19:30', '2024-02-07 12:19:30', '342.00', 'Placeat voluptas.'),
(92, 'Sitmolestiae.', 'Dolor non sint et neque.', 'bEUYRWupM5', 4, '2024-02-07 12:19:30', '2024-02-07 12:19:30', '380.40', 'Velit sed ipsa.'),
(93, 'Impeditcommodi.', 'Et est qui ut.', '4z9mSD6fzr', 9, '2024-02-07 12:19:30', '2024-02-07 12:19:30', '205.80', 'Similique enim.'),
(94, 'Doloribus.', 'Eos culpa amet ut.', 'wbGnntQmil', 8, '2024-02-07 12:19:30', '2024-02-07 12:19:30', '244.10', 'Sed ut praesentium.'),
(95, 'Doloremque.', 'Rerum qui saepe delectus.', '4z9mSD6fzr', 6, '2024-02-07 12:19:30', '2024-02-07 12:19:30', '241.10', 'Iure qui aut.'),
(96, 'Etfugadolores.', 'A ut quia et doloribus.', 'c8cv2wvB8l', 4, '2024-02-07 12:19:30', '2024-02-07 12:19:30', '308.80', 'Eligendi dolorem.'),
(97, 'Iustomodi.', 'Atque ut sapiente autem.', '2X4ye9PhIh', 3, '2024-02-07 12:19:30', '2024-02-07 12:19:30', '226.60', 'Libero facilis quas.'),
(98, 'Quirecusandae.', 'Non delectus aut sint.', 'wbGnntQmil', 7, '2024-02-07 12:19:30', '2024-02-07 12:19:30', '270.10', 'Architecto iste.'),
(99, 'Commodiet.', 'Fuga voluptate et maxime.', 'k7MRmVY0X8', 5, '2024-02-07 12:19:31', '2024-02-07 12:19:31', '276.60', 'Laborum culpa in.'),
(100, 'Optio.', 'Nam et possimus velit.', '9uzI7NiOao', 5, '2024-02-07 12:19:31', '2024-02-07 12:19:31', '282.50', 'Sit laboriosam quas.'),
(101, 'Quiaquisquam.', 'Id sit id autem.', 'k7MRmVY0X8', 9, '2024-02-07 12:19:31', '2024-02-07 12:19:31', '356.00', 'Consectetur ut aut.'),
(102, 'Quiavoluptates.', 'Suscipit eum quia beatae.', 'f3xiCdq81k', 4, '2024-02-07 12:19:31', '2024-02-07 12:19:31', '320.50', 'Fuga rerum.'),
(103, 'Veleaipsam.', 'Et qui nihil eligendi.', 'MY16uYysyt', 1, '2024-02-07 12:19:31', '2024-02-07 12:19:31', '246.90', 'Ut incidunt aut.'),
(104, 'Quasveritatis.', 'Est soluta ad amet.', 'XDfFcXgT2G', 6, '2024-02-07 12:19:31', '2024-02-07 12:19:31', '229.00', 'Est voluptatibus.'),
(105, 'Occaecatiin.', 'Asperiores aut harum et.', 'MY16uYysyt', 1, '2024-02-07 12:19:31', '2024-02-07 12:19:31', '267.80', 'Rerum nam aut.'),
(106, 'Quossoluta.', 'Aliquid iusto et qui.', 'F8ioxlh8VT', 3, '2024-02-07 12:19:31', '2024-02-07 12:19:31', '216.30', 'Aut quidem enim.'),
(107, 'Pariatur.', 'Enim dolores a odio vero.', '9BIOIxokpy', 6, '2024-02-07 12:19:31', '2024-02-07 12:19:31', '242.60', 'Ex sed nam quia.'),
(108, 'Commodiaperiam.', 'At vitae quam cumque.', '9uzI7NiOao', 1, '2024-02-07 12:19:31', '2024-02-07 12:19:31', '348.60', 'Temporibus esse ut.'),
(109, 'Estdolores.', 'Sed et non aut.', 'f3xiCdq81k', 3, '2024-02-07 12:19:31', '2024-02-07 12:19:31', '323.90', 'Reiciendis error.'),
(110, 'Ullamassumenda.', 'Earum quo qui quia non.', 'RWmotgOYvt', 8, '2024-02-07 12:19:31', '2024-02-07 12:19:31', '348.80', 'Tenetur omnis nihil.'),
(111, 'Inpraesentium.', 'Velit ex assumenda eum.', 'Qrs72gsjGa', 6, '2024-02-07 12:19:31', '2024-02-07 12:19:31', '289.00', 'Harum id et at.'),
(112, 'Autlibero.', 'Ea error et sit et.', '9uzI7NiOao', 2, '2024-02-07 12:19:31', '2024-02-07 12:19:31', '254.40', 'Sed sed aspernatur.'),
(113, 'Autemplaceat.', 'Consectetur et quo culpa.', '8FWOY90d3u', 2, '2024-02-07 12:19:31', '2024-02-07 12:19:31', '378.20', 'Ut cupiditate quia.'),
(114, 'Ametet.', 'Dolorem qui optio iure.', 'F8ioxlh8VT', 10, '2024-02-07 12:19:31', '2024-02-07 12:19:31', '328.90', 'Possimus est.'),
(115, 'Voluptaset.', 'Ducimus nam et dolore.', '9BIOIxokpy', 5, '2024-02-07 12:19:31', '2024-02-07 12:19:31', '326.80', 'Voluptatum harum.'),
(116, 'Nesciunt.', 'Corrupti in aut corrupti.', 'F8ioxlh8VT', 1, '2024-02-07 12:19:31', '2024-02-07 12:19:31', '381.80', 'Ea quia non.'),
(117, 'Odioetomnis.', 'Ut esse alias et eaque.', 'XDfFcXgT2G', 6, '2024-02-07 12:19:31', '2024-02-07 12:19:31', '363.80', 'Omnis cupiditate.'),
(118, 'Labore.', 'Quis sit sed et quia aut.', 'Ns3an1ZfUF', 8, '2024-02-07 12:19:31', '2024-02-07 12:19:31', '318.60', 'Deserunt et aut.'),
(119, 'Aspernaturquo.', 'Sed odit sit nesciunt.', 'f3xiCdq81k', 5, '2024-02-07 12:19:31', '2024-02-07 12:19:31', '254.70', 'Distinctio nam.'),
(120, 'Faceredolorem.', 'Ut eos sunt quo ut.', '0mocKkZUwr', 4, '2024-02-07 12:19:31', '2024-02-07 12:19:31', '292.30', 'Asperiores quis.'),
(121, 'Consectetur.', 'Odio et ut in aut.', 'k7MRmVY0X8', 5, '2024-02-07 12:19:31', '2024-02-07 12:19:31', '377.90', 'Nulla omnis.'),
(122, 'Idullam.', 'Et sint eum ea nesciunt.', 'RWmotgOYvt', 5, '2024-02-07 12:19:31', '2024-02-07 12:19:31', '207.70', 'Inventore est.'),
(123, 'Essedelectus.', 'Et eum numquam dolor.', 'RWmotgOYvt', 1, '2024-02-07 12:19:31', '2024-02-07 12:19:31', '207.50', 'Unde et consequatur.'),
(124, 'Idquaerat.', 'Velit sit nisi vitae.', 'MY16uYysyt', 4, '2024-02-07 12:19:31', '2024-02-07 12:19:31', '374.60', 'Temporibus possimus.'),
(125, 'Velit.', 'Error nam dolor est.', 'wbGnntQmil', 8, '2024-02-07 12:19:31', '2024-02-07 12:19:31', '269.40', 'Odit expedita enim.'),
(126, 'Ipsam.', 'Iste et nobis quia et.', '2X4ye9PhIh', 4, '2024-02-07 12:19:31', '2024-02-07 12:19:31', '215.70', 'Autem aut iure.'),
(127, 'Faceremollitia.', 'Sit qui consectetur enim.', 'bEUYRWupM5', 3, '2024-02-07 12:19:31', '2024-02-07 12:19:31', '212.20', 'Quae eos officiis.'),
(128, 'Veniamnisiat.', 'Non omnis et quos.', 'wbGnntQmil', 1, '2024-02-07 12:19:31', '2024-02-07 12:19:31', '377.70', 'Rerum neque aut aut.'),
(129, 'Vitaenostrum.', 'Ullam magnam nulla ut.', 'f3xiCdq81k', 6, '2024-02-07 12:19:31', '2024-02-07 12:19:31', '327.80', 'Nihil et quibusdam.'),
(130, 'Errorpossimus.', 'Ullam sint ad aut nobis.', 'c8cv2wvB8l', 9, '2024-02-07 12:19:31', '2024-02-07 12:19:31', '248.90', 'Sit perferendis.'),
(131, 'Asperiores.', 'Quia iste commodi nulla.', 'NejL4wgj4w', 4, '2024-02-07 12:19:31', '2024-02-07 12:19:31', '380.00', 'Voluptatem pariatur.'),
(132, 'Doloremqui.', 'Enim iure et qui ex.', '2X4ye9PhIh', 9, '2024-02-07 12:19:31', '2024-02-07 12:19:31', '266.50', 'Voluptates debitis.'),
(133, 'Idillorerum.', 'Sint ut quaerat ullam.', 'Ns3an1ZfUF', 7, '2024-02-07 12:19:31', '2024-02-07 12:19:31', '361.80', 'Molestiae et magni.'),
(134, 'Laboriosamsint.', 'Et est aut nam.', 'wbGnntQmil', 1, '2024-02-07 12:19:31', '2024-02-07 12:19:31', '305.80', 'Molestiae.'),
(135, 'Namtemporeut.', 'Quaerat sed et quia.', 'RWmotgOYvt', 8, '2024-02-07 12:19:31', '2024-02-07 12:19:31', '240.00', 'Rerum libero vel.'),
(136, 'Enimquidemqui.', 'Vel sunt illum explicabo.', '9uzI7NiOao', 3, '2024-02-07 12:19:31', '2024-02-07 12:19:31', '203.70', 'Mollitia sint.'),
(137, 'Quosed.', 'Ut enim qui ut.', 'bEUYRWupM5', 6, '2024-02-07 12:19:31', '2024-02-07 12:19:31', '378.30', 'Ullam quasi.'),
(138, 'Modirepellat.', 'Ut quis ut quia omnis.', '0mocKkZUwr', 6, '2024-02-07 12:19:31', '2024-02-07 12:19:31', '398.00', 'Soluta eveniet.'),
(139, 'Underepellat.', 'Unde molestias saepe quo.', '2X4ye9PhIh', 2, '2024-02-07 12:19:31', '2024-02-07 12:19:31', '369.70', 'Non fuga vel magnam.'),
(140, 'Atquimagnam.', 'Sit voluptas a ut qui.', 'sUJN8HxgFg', 1, '2024-02-07 12:19:31', '2024-02-07 12:19:31', '346.70', 'Dolores et.'),
(141, 'Suntesteius.', 'Culpa sunt modi maiores.', 'sUJN8HxgFg', 6, '2024-02-07 12:19:31', '2024-02-07 12:19:31', '340.50', 'Cupiditate ad.'),
(142, 'Voluptasnisi.', 'A occaecati vel omnis.', 'k7MRmVY0X8', 10, '2024-02-07 12:19:31', '2024-02-07 12:19:31', '313.50', 'Sunt quia adipisci.'),
(143, 'Corporisqui.', 'Ut qui ipsum veniam.', 'RWmotgOYvt', 4, '2024-02-07 12:19:31', '2024-02-07 12:19:31', '329.60', 'Et omnis ut facere.'),
(144, 'Autsaepe.', 'In ut incidunt quidem in.', 'XDfFcXgT2G', 4, '2024-02-07 12:19:31', '2024-02-07 12:19:31', '211.10', 'Illum veniam.'),
(145, 'Dolorvoluptate.', 'Nulla cupiditate cum et.', '4z9mSD6fzr', 5, '2024-02-07 12:19:31', '2024-02-07 12:19:31', '395.60', 'Ipsa eligendi quam.'),
(146, 'Nihilnon.', 'Sit maiores est esse ut.', 'Qrs72gsjGa', 5, '2024-02-07 12:19:31', '2024-02-07 12:19:31', '289.00', 'Quibusdam est ut.'),
(147, 'Aautquia.', 'Debitis est et velit.', 'MY16uYysyt', 1, '2024-02-07 12:19:31', '2024-02-07 12:19:31', '312.40', 'Omnis voluptates.'),
(148, 'Corrupti.', 'Aut quia ipsum qui at.', '4z9mSD6fzr', 7, '2024-02-07 12:19:31', '2024-02-07 12:19:31', '216.40', 'Illum nam nostrum.'),
(149, 'Inventore.', 'Saepe sint ipsam est et.', 'wbGnntQmil', 10, '2024-02-07 12:19:31', '2024-02-07 12:19:31', '310.20', 'Quia molestias.'),
(150, 'Utquamdebitis.', 'Qui ad sed quos.', 'MY16uYysyt', 5, '2024-02-07 12:19:31', '2024-02-07 12:19:31', '316.60', 'Necessitatibus.'),
(151, 'Addistinctio.', 'Ullam et dolores sed ex.', 'MY16uYysyt', 8, '2024-02-07 12:19:31', '2024-02-07 12:19:31', '216.90', 'Maiores cum nobis.'),
(152, 'Occaecatiid.', 'Qui natus optio in.', 'wbGnntQmil', 6, '2024-02-07 12:19:31', '2024-02-07 12:19:31', '357.10', 'Nisi dolor sint.'),
(153, 'Omnisdolorem.', 'Esse aut natus ut.', 'MY16uYysyt', 7, '2024-02-07 12:19:31', '2024-02-07 12:19:31', '278.70', 'Ab consequatur.'),
(154, 'Autautemaut.', 'In aut eos ut est.', '8FWOY90d3u', 9, '2024-02-07 12:19:31', '2024-02-07 12:19:31', '289.30', 'Id illo unde.'),
(155, 'Enimlaudantium.', 'Autem et non voluptas.', '2X4ye9PhIh', 10, '2024-02-07 12:19:31', '2024-02-07 12:19:31', '340.10', 'Iste magni eum.'),
(156, 'Laboriosam.', 'Harum vel et praesentium.', '9uzI7NiOao', 4, '2024-02-07 12:19:31', '2024-02-07 12:19:31', '283.50', 'Aspernatur quam.'),
(157, 'Ullamrerum.', 'Numquam ab eius qui qui.', 'c8cv2wvB8l', 5, '2024-02-07 12:19:31', '2024-02-07 12:19:31', '216.00', 'Harum molestiae.'),
(158, 'Sitnihil.', 'Nostrum qui omnis saepe.', 'QydRVo7tLd', 7, '2024-02-07 12:19:31', '2024-02-07 12:19:31', '254.20', 'Quia eos.'),
(159, 'Ipsumsit.', 'Vitae non enim et natus.', '0mocKkZUwr', 4, '2024-02-07 12:19:31', '2024-02-07 12:19:31', '387.20', 'Dolores dignissimos.'),
(160, 'Exestsuntnon.', 'Earum nihil qui nam.', 'wbGnntQmil', 1, '2024-02-07 12:19:31', '2024-02-07 12:19:31', '400.00', 'Exercitationem.'),
(161, 'Estasperiores.', 'Qui sed eos quod.', '8FWOY90d3u', 9, '2024-02-07 12:19:31', '2024-02-07 12:19:31', '369.70', 'Necessitatibus ut.'),
(162, 'Velitvitae.', 'Dolore fugiat in ut at.', 'bEUYRWupM5', 2, '2024-02-07 12:19:31', '2024-02-07 12:19:31', '248.40', 'Omnis dolorem.'),
(163, 'Quodvelit.', 'Ut qui est suscipit odit.', 'f3xiCdq81k', 2, '2024-02-07 12:19:31', '2024-02-07 12:19:31', '220.70', 'Cupiditate velit ad.'),
(164, 'Eaillum.', 'Ut modi tempora illum.', '2X4ye9PhIh', 4, '2024-02-07 12:19:31', '2024-02-07 12:19:31', '382.20', 'Earum quas quia.'),
(165, 'Recusandae.', 'Quis ipsam fugit ut.', 'f3xiCdq81k', 2, '2024-02-07 12:19:31', '2024-02-07 12:19:31', '275.90', 'Consequatur fuga.'),
(166, 'Velitquasiet.', 'Rem soluta quidem odio.', 'XDfFcXgT2G', 1, '2024-02-07 12:19:31', '2024-02-07 12:19:31', '308.20', 'Ipsum et vel at.'),
(167, 'Quianemo.', 'Non et deserunt quam sit.', 'wbGnntQmil', 9, '2024-02-07 12:19:31', '2024-02-07 12:19:31', '272.60', 'Repudiandae.'),
(168, 'Nihil.', 'Ut vel autem rerum porro.', 'Qrs72gsjGa', 6, '2024-02-07 12:19:31', '2024-02-07 12:19:31', '288.30', 'Quaerat consectetur.'),
(169, 'Repellatid.', 'Vel ad cum dolorem.', 'f3xiCdq81k', 4, '2024-02-07 12:19:31', '2024-02-07 12:19:31', '294.60', 'Ipsam voluptatibus.'),
(170, 'Estquaererum.', 'Rerum eius sed sit.', '0mocKkZUwr', 6, '2024-02-07 12:19:31', '2024-02-07 12:19:31', '362.10', 'Perferendis omnis.'),
(171, 'Nonitaqueeum.', 'At provident hic velit.', '4z9mSD6fzr', 1, '2024-02-07 12:19:31', '2024-02-07 12:19:31', '253.70', 'Recusandae facere.'),
(172, 'Doloresiste.', 'Ut nihil facilis fugit.', 'bEUYRWupM5', 1, '2024-02-07 12:19:31', '2024-02-07 12:19:31', '219.70', 'Omnis ad ab vero.'),
(173, 'Etdolorem.', 'Qui vel et ut doloremque.', 'Ns3an1ZfUF', 9, '2024-02-07 12:19:31', '2024-02-07 12:19:31', '250.30', 'Ut dolores.'),
(174, 'Quiaoccaecati.', 'Et odit est et.', 'XDfFcXgT2G', 8, '2024-02-07 12:19:31', '2024-02-07 12:19:31', '307.70', 'Suscipit similique.'),
(175, 'Nobisnamut.', 'Odit vel cumque qui.', '8FWOY90d3u', 6, '2024-02-07 12:19:31', '2024-02-07 12:19:31', '210.40', 'Nemo commodi.'),
(176, 'Maioresnobis.', 'In ullam sed et qui.', 'F8ioxlh8VT', 9, '2024-02-07 12:19:31', '2024-02-07 12:19:31', '375.30', 'Maiores nam.'),
(177, 'Numquam.', 'Fuga nisi aperiam ullam.', '8FWOY90d3u', 3, '2024-02-07 12:19:31', '2024-02-07 12:19:31', '398.60', 'Reprehenderit sit.'),
(178, 'Quiadipisci.', 'Labore atque et sit qui.', 'c8cv2wvB8l', 3, '2024-02-07 12:19:31', '2024-02-07 12:19:31', '254.70', 'Similique ut libero.'),
(179, 'Quaerat.', 'Aut odit ea velit in et.', '9BIOIxokpy', 5, '2024-02-07 12:19:31', '2024-02-07 12:19:31', '288.80', 'Nostrum ipsum.'),
(180, 'Commodifugiat.', 'Vel iste qui explicabo.', '9BIOIxokpy', 8, '2024-02-07 12:19:31', '2024-02-07 12:19:31', '283.30', 'Et provident in ex.'),
(181, 'Aperiamvero.', 'Veniam vel quos nisi vel.', '9uzI7NiOao', 9, '2024-02-07 12:19:31', '2024-02-07 12:19:31', '389.00', 'Consectetur ipsa id.'),
(182, 'Utcommodi.', 'Aut temporibus nam est.', 'RWmotgOYvt', 2, '2024-02-07 12:19:31', '2024-02-07 12:19:31', '246.80', 'Ut qui delectus.'),
(183, 'Quieosqui.', 'Eos sunt at aliquid amet.', '2X4ye9PhIh', 5, '2024-02-07 12:19:31', '2024-02-07 12:19:31', '279.80', 'Et architecto.'),
(184, 'Eosvoluptates.', 'Qui quae ut rerum quos.', '8FWOY90d3u', 4, '2024-02-07 12:19:31', '2024-02-07 12:19:31', '383.00', 'Adipisci eum.'),
(185, 'Quae.', 'Minus est culpa est sed.', 'NejL4wgj4w', 3, '2024-02-07 12:19:31', '2024-02-07 12:19:31', '326.80', 'Quas eos.'),
(186, 'Earemet.', 'Et perspiciatis et vel.', '8FWOY90d3u', 10, '2024-02-07 12:19:31', '2024-02-07 12:19:31', '344.60', 'Molestias.'),
(187, 'Modieos.', 'Id in velit adipisci est.', '8FWOY90d3u', 3, '2024-02-07 12:19:31', '2024-02-07 12:19:31', '386.90', 'Saepe ut iste.'),
(188, 'Cupiditatesit.', 'Non voluptas alias minus.', '4z9mSD6fzr', 8, '2024-02-07 12:19:31', '2024-02-07 12:19:31', '337.60', 'Quaerat omnis.'),
(189, 'Ametvoluptatum.', 'Accusamus est et eum.', '8FWOY90d3u', 10, '2024-02-07 12:19:31', '2024-02-07 12:19:31', '382.40', 'Molestiae suscipit.'),
(190, 'Accusantium.', 'Enim earum saepe odio.', 'c8cv2wvB8l', 7, '2024-02-07 12:19:31', '2024-02-07 12:19:31', '351.20', 'Vero qui aut eaque.'),
(191, 'Doloribustotam.', 'Doloribus et sunt id.', 'sUJN8HxgFg', 9, '2024-02-07 12:19:31', '2024-02-07 12:19:31', '380.50', 'Suscipit harum.'),
(192, 'Explicabo.', 'Vel ex repellat nihil.', '8FWOY90d3u', 3, '2024-02-07 12:19:31', '2024-02-07 12:19:31', '357.40', 'Earum ut optio vero.'),
(193, 'Commodiplaceat.', 'In et et reiciendis ab.', 'RWmotgOYvt', 3, '2024-02-07 12:19:31', '2024-02-07 12:19:31', '364.60', 'Sint aliquid sint.'),
(194, 'Distinctio.', 'Vel aut rerum et laborum.', 'wbGnntQmil', 6, '2024-02-07 12:19:31', '2024-02-07 12:19:31', '251.80', 'Quia nihil fugit.'),
(195, 'Sitinsitex.', 'Modi et sit assumenda.', 'XDfFcXgT2G', 5, '2024-02-07 12:19:31', '2024-02-07 12:19:31', '288.80', 'Quos qui occaecati.'),
(196, 'Rationequae.', 'Et optio sed et dolor ut.', 'Ns3an1ZfUF', 8, '2024-02-07 12:19:31', '2024-02-07 12:19:31', '332.50', 'Sit rem architecto.'),
(197, 'Utsednisi.', 'Et odit corrupti eum aut.', '9uzI7NiOao', 1, '2024-02-07 12:19:31', '2024-02-07 12:19:31', '209.90', 'Dolores.'),
(198, 'Providentvero.', 'Eos minima tempore sed.', 'c8cv2wvB8l', 6, '2024-02-07 12:19:31', '2024-02-07 12:19:31', '275.30', 'Quos eum sapiente.'),
(199, 'Optioanimi.', 'Facere deserunt alias ut.', '4z9mSD6fzr', 9, '2024-02-07 12:19:31', '2024-02-07 12:19:31', '211.10', 'Ex voluptatem.'),
(200, 'Voluptas.', 'Quia ullam et aut.', 'Ns3an1ZfUF', 7, '2024-02-07 12:19:31', '2024-02-07 12:19:31', '395.10', 'Odio corrupti.'),
(201, 'Earumautemet.', 'Minima quod dolorum a.', 'XDfFcXgT2G', 4, '2024-02-07 12:19:31', '2024-02-07 12:19:31', '312.40', 'Aliquid quam est et.'),
(202, 'Enimnatus.', 'Ut molestiae sunt nisi.', 'sUJN8HxgFg', 10, '2024-02-07 12:19:31', '2024-02-07 12:19:31', '298.90', 'Voluptatibus.'),
(203, 'Atfugiatdolor.', 'Rerum optio fugit qui id.', 'F8ioxlh8VT', 5, '2024-02-07 12:19:31', '2024-02-07 12:19:31', '346.10', 'Quis dolores.'),
(204, 'Suntsimilique.', 'Quisquam maxime qui est.', '4z9mSD6fzr', 9, '2024-02-07 12:19:31', '2024-02-07 12:19:31', '201.00', 'Iste odit sapiente.'),
(205, 'Velitsedautem.', 'Vel nobis velit dolores.', 'sUJN8HxgFg', 9, '2024-02-07 12:19:31', '2024-02-07 12:19:31', '319.30', 'Iusto est nisi eum.'),
(206, 'Quissapiente.', 'Non ea qui nostrum nihil.', 'NejL4wgj4w', 7, '2024-02-07 12:19:31', '2024-02-07 12:19:31', '233.80', 'Deserunt impedit.'),
(207, 'Omnisexcepturi.', 'Velit ea voluptatem est.', 'f3xiCdq81k', 10, '2024-02-07 12:19:31', '2024-02-07 12:19:31', '386.00', 'Non sequi ex.'),
(208, 'Sitsimilique.', 'Vel nihil id voluptatum.', 'MY16uYysyt', 8, '2024-02-07 12:19:31', '2024-02-07 12:19:31', '217.50', 'Possimus illum aut.'),
(209, 'Veritatiseos.', 'Sint ut aut soluta eum.', 'bEUYRWupM5', 4, '2024-02-07 12:19:31', '2024-02-07 12:19:31', '256.30', 'Consequatur hic.'),
(210, 'Nihildolorem.', 'Ut rem inventore omnis.', 'Ns3an1ZfUF', 7, '2024-02-07 12:19:31', '2024-02-07 12:19:31', '239.60', 'Assumenda eum.'),
(211, 'Omnismolestias.', 'Nobis dolorum est eius a.', '9BIOIxokpy', 5, '2024-02-07 12:19:31', '2024-02-07 12:19:31', '353.40', 'Corrupti eos ad et.'),
(212, 'Rerumetatet.', 'Quo labore ipsam maiores.', 'c8cv2wvB8l', 5, '2024-02-07 12:19:31', '2024-02-07 12:19:31', '204.40', 'Nihil praesentium.'),
(213, 'Nostrumqui.', 'Optio nobis qui id.', '8FWOY90d3u', 10, '2024-02-07 12:19:31', '2024-02-07 12:19:31', '314.80', 'Consequatur quaerat.'),
(214, 'Magnisit.', 'Unde natus ab aut.', '0mocKkZUwr', 4, '2024-02-07 12:19:31', '2024-02-07 12:19:31', '327.90', 'Pariatur aut ipsam.'),
(215, 'Excepturirerum.', 'Et ullam ipsum quidem et.', '8FWOY90d3u', 4, '2024-02-07 12:19:31', '2024-02-07 12:19:31', '255.40', 'Sit sint eos id.'),
(216, 'Etmagnam.', 'Omnis amet officia nisi.', 'RWmotgOYvt', 2, '2024-02-07 12:19:31', '2024-02-07 12:19:31', '390.00', 'Vero dolorem.'),
(217, 'Fugaaliquam.', 'Est sequi iure adipisci.', 'sUJN8HxgFg', 9, '2024-02-07 12:19:31', '2024-02-07 12:19:31', '379.40', 'Ea eaque qui sunt.'),
(218, 'Eaque.', 'Omnis nihil dolor neque.', 'RWmotgOYvt', 9, '2024-02-07 12:19:31', '2024-02-07 12:19:31', '299.70', 'Fugit tenetur quod.'),
(219, 'Voluptatemut.', 'Ut soluta facere cum.', '9BIOIxokpy', 2, '2024-02-07 12:19:31', '2024-02-07 12:19:31', '270.20', 'Nam exercitationem.'),
(220, 'Omnisquis.', 'Sit non et molestias sit.', '8FWOY90d3u', 7, '2024-02-07 12:19:31', '2024-02-07 12:19:31', '340.80', 'Velit maxime vel et.'),
(221, 'Quametquaerat.', 'Non natus quia et aut.', 'bEUYRWupM5', 1, '2024-02-07 12:19:31', '2024-02-07 12:19:31', '234.70', 'Qui nam quo quis.'),
(222, 'Etnatuseius.', 'Ut eos unde ut corrupti.', '9BIOIxokpy', 4, '2024-02-07 12:19:31', '2024-02-07 12:19:31', '335.50', 'Iste eos impedit.'),
(223, 'Cumqueerror.', 'Quibusdam eveniet ut rem.', 'F8ioxlh8VT', 3, '2024-02-07 12:19:31', '2024-02-07 12:19:31', '286.00', 'Sit dolores.'),
(224, 'Doloremnumquam.', 'Autem culpa officia aut.', 'sUJN8HxgFg', 4, '2024-02-07 12:19:31', '2024-02-07 12:19:31', '330.20', 'Quia sint atque.'),
(225, 'Eumetvelet.', 'A vitae et placeat.', '8FWOY90d3u', 3, '2024-02-07 12:19:31', '2024-02-07 12:19:31', '371.50', 'Consectetur quae.'),
(226, 'Delectusqui.', 'Maxime ipsa enim ut ut.', 'bEUYRWupM5', 3, '2024-02-07 12:19:31', '2024-02-07 12:19:31', '229.20', 'Eos perferendis.'),
(227, 'Etdolor.', 'Esse quo provident harum.', 'wbGnntQmil', 2, '2024-02-07 12:19:31', '2024-02-07 12:19:31', '299.80', 'Culpa officiis.'),
(228, 'Utnulla.', 'At qui iure architecto.', '9uzI7NiOao', 10, '2024-02-07 12:19:31', '2024-02-07 12:19:31', '263.80', 'Velit in.'),
(229, 'Nisisequi.', 'Alias et ea itaque.', 'k7MRmVY0X8', 2, '2024-02-07 12:19:31', '2024-02-07 12:19:31', '230.30', 'Et aut recusandae.'),
(230, 'Quibusdameum.', 'Omnis fuga est in.', '4z9mSD6fzr', 7, '2024-02-07 12:19:31', '2024-02-07 12:19:31', '262.50', 'Ipsum beatae magnam.'),
(231, 'Magniquiasint.', 'Rem quia non dolorem.', '4z9mSD6fzr', 10, '2024-02-07 12:19:31', '2024-02-07 12:19:31', '397.80', 'Dolor et numquam ex.'),
(232, 'Doloreaestut.', 'Autem cum sunt molestiae.', 'bEUYRWupM5', 7, '2024-02-07 12:19:31', '2024-02-07 12:19:31', '200.50', 'Maiores eius et aut.'),
(233, 'Beataemagnam.', 'Itaque non amet eius.', 'NejL4wgj4w', 8, '2024-02-07 12:19:31', '2024-02-07 12:19:31', '258.50', 'Labore dolorem et.'),
(234, 'Asequialiquam.', 'Dicta saepe ut eos non.', 'wbGnntQmil', 2, '2024-02-07 12:19:31', '2024-02-07 12:19:31', '378.70', 'Suscipit eum.'),
(235, 'Etmolestias.', 'Ut velit et impedit.', 'wbGnntQmil', 4, '2024-02-07 12:19:31', '2024-02-07 12:19:31', '339.40', 'Ut nisi tempora.'),
(236, 'Harumnonet.', 'Dicta dolores sunt et.', 'bEUYRWupM5', 5, '2024-02-07 12:19:31', '2024-02-07 12:19:31', '209.90', 'Et magnam qui ex.'),
(237, 'Fugiatomnis.', 'Culpa dolor fuga sint.', 'bEUYRWupM5', 5, '2024-02-07 12:19:31', '2024-02-07 12:19:31', '250.80', 'Quibusdam eaque.'),
(238, 'Nostrumculpa.', 'Sunt rerum incidunt nam.', 'c8cv2wvB8l', 8, '2024-02-07 12:19:31', '2024-02-07 12:19:31', '204.10', 'Eum ut.'),
(239, 'Aliquam.', 'Sit non aliquam sequi.', 'sUJN8HxgFg', 6, '2024-02-07 12:19:31', '2024-02-07 12:19:31', '361.60', 'Rerum iusto et.'),
(240, 'Faciliseos.', 'Dolorem a nam numquam et.', 'NejL4wgj4w', 1, '2024-02-07 12:19:31', '2024-02-07 12:19:31', '250.50', 'Exercitationem.'),
(241, 'Omnis.', 'Et velit id et atque sit.', '4z9mSD6fzr', 1, '2024-02-07 12:19:31', '2024-02-07 12:19:31', '377.30', 'Numquam quaerat.'),
(242, 'Rerumsequiut.', 'Ipsum nam id laborum et.', 'F8ioxlh8VT', 10, '2024-02-07 12:19:31', '2024-02-07 12:19:31', '346.80', 'Deserunt impedit.'),
(243, 'Culpaexpedita.', 'Et dicta cum vel tempore.', 'RWmotgOYvt', 8, '2024-02-07 12:19:31', '2024-02-07 12:19:31', '219.40', 'Adipisci voluptatem.'),
(244, 'Ametlaudantium.', 'Ea vel alias id officiis.', '8FWOY90d3u', 9, '2024-02-07 12:19:31', '2024-02-07 12:19:31', '261.00', 'Ipsum earum.'),
(245, 'Cumnihilsit.', 'Dolor iste placeat error.', 'XDfFcXgT2G', 10, '2024-02-07 12:19:31', '2024-02-07 12:19:31', '218.60', 'Veritatis maxime.'),
(246, 'Remetvel.', 'Non quis ab et a.', 'NejL4wgj4w', 4, '2024-02-07 12:19:31', '2024-02-07 12:19:31', '356.30', 'Veritatis aut.'),
(247, 'Natussimilique.', 'Itaque qui aut optio et.', 'f3xiCdq81k', 1, '2024-02-07 12:19:31', '2024-02-07 12:19:31', '206.90', 'Suscipit est eum.'),
(248, 'Eaqueinventore.', 'Quos fugit amet quos.', 'sUJN8HxgFg', 3, '2024-02-07 12:19:31', '2024-02-07 12:19:31', '224.20', 'Eum quod ullam quis.'),
(249, 'Etbeataesint.', 'Fuga fugiat eius qui quo.', 'bEUYRWupM5', 9, '2024-02-07 12:19:31', '2024-02-07 12:19:31', '342.60', 'Odit officiis.'),
(250, 'Commodifacere.', 'Natus aut animi beatae.', '0mocKkZUwr', 2, '2024-02-07 12:19:31', '2024-02-07 12:19:31', '291.00', 'Modi laboriosam.'),
(251, 'Quiaenim.', 'Nemo assumenda et ut.', 'wbGnntQmil', 6, '2024-02-07 12:19:31', '2024-02-07 12:19:31', '320.10', 'Et ea quo est.'),
(252, 'Autassumenda.', 'Ut sequi vel et non.', 'QydRVo7tLd', 1, '2024-02-07 12:19:31', '2024-02-07 12:19:31', '249.50', 'Velit suscipit.'),
(253, 'Quisquamrerum.', 'Id illum ex dolor qui.', 'RWmotgOYvt', 9, '2024-02-07 12:19:31', '2024-02-07 12:19:31', '253.40', 'Accusantium at ut.'),
(254, 'Estaliquid.', 'Saepe cum et quam nihil.', 'F8ioxlh8VT', 5, '2024-02-07 12:19:31', '2024-02-07 12:19:31', '307.20', 'Dolor in tempore.'),
(255, 'Corruptiipsam.', 'Ut numquam quidem aut.', 'RWmotgOYvt', 4, '2024-02-07 12:19:31', '2024-02-07 12:19:31', '306.00', 'Reiciendis harum.'),
(256, 'Dolor.', 'Iure hic aliquam non et.', 'Qrs72gsjGa', 2, '2024-02-07 12:19:31', '2024-02-07 12:19:31', '209.50', 'Ut voluptatem.'),
(257, 'Eaetcum.', 'Id eaque esse non et.', 'RWmotgOYvt', 3, '2024-02-07 12:19:31', '2024-02-07 12:19:31', '220.60', 'Enim non.'),
(258, 'Abodioeius.', 'Ab eos enim quas.', '4z9mSD6fzr', 3, '2024-02-07 12:19:31', '2024-02-07 12:19:31', '288.00', 'Amet culpa eum sed.'),
(259, 'Consequaturid.', 'Aut aut ut ipsam.', 'bEUYRWupM5', 5, '2024-02-07 12:19:31', '2024-02-07 12:19:31', '391.40', 'Nemo voluptatibus.'),
(260, 'Verosapiente.', 'Sit eius nemo ullam.', '0mocKkZUwr', 8, '2024-02-07 12:19:31', '2024-02-07 12:19:31', '341.50', 'Omnis inventore at.'),
(261, 'Quibusdamaut.', 'Tenetur et dolorum ab.', '4z9mSD6fzr', 7, '2024-02-07 12:19:31', '2024-02-07 12:19:31', '397.40', 'Est reprehenderit.'),
(262, 'Ipsamveronon.', 'Qui corporis ut facilis.', 'Qrs72gsjGa', 3, '2024-02-07 12:19:31', '2024-02-07 12:19:31', '361.70', 'Amet unde sed nemo.'),
(263, 'Enimtempora.', 'Et et sit et est.', 'wbGnntQmil', 2, '2024-02-07 12:19:31', '2024-02-07 12:19:31', '306.10', 'Quas fugit beatae.'),
(264, 'Possimus.', 'Dolor sunt et officiis.', '8FWOY90d3u', 1, '2024-02-07 12:19:31', '2024-02-07 12:19:31', '396.00', 'Consequatur labore.'),
(265, 'Officianon.', 'Sunt sit voluptatem ut.', '4z9mSD6fzr', 7, '2024-02-07 12:19:31', '2024-02-07 12:19:31', '270.00', 'Facilis vel ut odio.'),
(266, 'Voluptatemest.', 'Ipsum sed quo minus enim.', 'wbGnntQmil', 3, '2024-02-07 12:19:31', '2024-02-07 12:19:31', '226.20', 'Explicabo.'),
(267, 'Nihilatqui.', 'Cumque impedit vero id.', 'k7MRmVY0X8', 5, '2024-02-07 12:19:31', '2024-02-07 12:19:31', '391.90', 'Ut esse nemo.'),
(268, 'Adquia.', 'Dolor ducimus qui amet.', 'wbGnntQmil', 10, '2024-02-07 12:19:31', '2024-02-07 12:19:31', '316.70', 'Perspiciatis sed id.'),
(269, 'Culpanihil.', 'Illo eos quo quia.', 'k7MRmVY0X8', 7, '2024-02-07 12:19:31', '2024-02-07 12:19:31', '225.70', 'Unde nemo velit sed.'),
(270, 'Omnismodiquod.', 'Et modi natus id beatae.', 'Ns3an1ZfUF', 9, '2024-02-07 12:19:31', '2024-02-07 12:19:31', '335.30', 'Veritatis ducimus.'),
(271, 'Ametdeserunt.', 'Ratione in eos minima.', '2X4ye9PhIh', 8, '2024-02-07 12:19:31', '2024-02-07 12:19:31', '344.50', 'Mollitia est eum.'),
(272, 'Nisifacilisut.', 'Velit veritatis ab optio.', 'MY16uYysyt', 2, '2024-02-07 12:19:31', '2024-02-07 12:19:31', '245.00', 'Quod exercitationem.'),
(273, 'Commodised.', 'Ut odio non in qui.', 'Qrs72gsjGa', 5, '2024-02-07 12:19:31', '2024-02-07 12:19:31', '225.50', 'Beatae est voluptas.'),
(274, 'Quiaet.', 'Et qui illum est quidem.', 'F8ioxlh8VT', 9, '2024-02-07 12:19:31', '2024-02-07 12:19:31', '201.40', 'Vitae molestiae et.'),
(275, 'Earumutsit.', 'Et amet ut quaerat id.', '8FWOY90d3u', 5, '2024-02-07 12:19:31', '2024-02-07 12:19:31', '231.60', 'Accusamus sapiente.'),
(276, 'Reprehenderit.', 'Corporis vel soluta quia.', '2X4ye9PhIh', 6, '2024-02-07 12:19:31', '2024-02-07 12:19:31', '213.30', 'Voluptate.'),
(277, 'Occaecatirem.', 'Ut ea est numquam in.', 'RWmotgOYvt', 7, '2024-02-07 12:19:31', '2024-02-07 12:19:31', '386.00', 'Rerum facilis quia.'),
(278, 'Aspernatur.', 'Quis ut nam omnis omnis.', '4z9mSD6fzr', 8, '2024-02-07 12:19:31', '2024-02-07 12:19:31', '365.60', 'Quod exercitationem.'),
(279, 'Culpaquod.', 'Officiis dicta unde cum.', 'F8ioxlh8VT', 4, '2024-02-07 12:19:31', '2024-02-07 12:19:31', '228.00', 'Recusandae aut aut.'),
(280, 'Nonomnis.', 'Omnis unde qui ut.', 'sUJN8HxgFg', 2, '2024-02-07 12:19:31', '2024-02-07 12:19:31', '320.10', 'Sit ipsum quo et.'),
(281, 'Itaquequiaet.', 'Illum debitis minima ut.', 'c8cv2wvB8l', 4, '2024-02-07 12:19:31', '2024-02-07 12:19:31', '259.50', 'Ex est totam odit.'),
(282, 'Etquae.', 'Sunt quaerat qui tempora.', '0mocKkZUwr', 10, '2024-02-07 12:19:31', '2024-02-07 12:19:31', '270.90', 'Quo non est vel.'),
(283, 'Autcum.', 'Aut autem ab commodi.', 'wbGnntQmil', 2, '2024-02-07 12:19:31', '2024-02-07 12:19:31', '342.00', 'Qui quis occaecati.'),
(284, 'Officianihil.', 'Numquam corrupti est sed.', 'F8ioxlh8VT', 1, '2024-02-07 12:19:31', '2024-02-07 12:19:31', '335.90', 'Autem earum quasi.'),
(285, 'Adlaudantium.', 'Aut sunt eum sunt neque.', 'Qrs72gsjGa', 3, '2024-02-07 12:19:31', '2024-02-07 12:19:31', '376.90', 'Dolorem itaque aut.'),
(286, 'Adipisciut.', 'Non reprehenderit aut et.', 'k7MRmVY0X8', 7, '2024-02-07 12:19:31', '2024-02-07 12:19:31', '366.90', 'Ut quos ipsa.'),
(287, 'Quodsintnon.', 'In vero harum voluptas.', 'k7MRmVY0X8', 7, '2024-02-07 12:19:31', '2024-02-07 12:19:31', '267.60', 'Quaerat consequatur.'),
(288, 'Sintetquaset.', 'Et nam non sunt aliquam.', 'f3xiCdq81k', 9, '2024-02-07 12:19:31', '2024-02-07 12:19:31', '305.30', 'Adipisci qui saepe.'),
(289, 'Etetdolores.', 'Non id illum repellat.', '8FWOY90d3u', 10, '2024-02-07 12:19:31', '2024-02-07 12:19:31', '357.90', 'Aut praesentium.'),
(290, 'Accusamusquas.', 'Reiciendis quis est quo.', 'k7MRmVY0X8', 4, '2024-02-07 12:19:31', '2024-02-07 12:19:31', '210.80', 'Aut modi adipisci.'),
(291, 'Quisquamut.', 'Quam ipsum atque rerum.', 'k7MRmVY0X8', 5, '2024-02-07 12:19:31', '2024-02-07 12:19:31', '305.90', 'Nemo sit quasi.'),
(292, 'Omnisexplicabo.', 'Id ea dolor modi est.', '9BIOIxokpy', 3, '2024-02-07 12:19:31', '2024-02-07 12:19:31', '338.90', 'Cum laboriosam.'),
(293, 'Sapiente.', 'Et facilis voluptas esse.', '0mocKkZUwr', 4, '2024-02-07 12:19:31', '2024-02-07 12:19:31', '266.00', 'Eum et temporibus.'),
(294, 'Voluptasea.', 'Sit ut tempora et et.', '9BIOIxokpy', 6, '2024-02-07 12:19:31', '2024-02-07 12:19:31', '239.10', 'Aspernatur earum.'),
(295, 'Rerumtempora.', 'In corrupti fuga est sit.', '4z9mSD6fzr', 9, '2024-02-07 12:19:31', '2024-02-07 12:19:31', '214.00', 'Voluptatem.'),
(296, 'Undedoloremque.', 'Qui id natus explicabo.', '4z9mSD6fzr', 8, '2024-02-07 12:19:31', '2024-02-07 12:19:31', '320.20', 'Sint facilis minima.'),
(297, 'Autmagnamaut.', 'Quis quia ipsa ipsam et.', 'bEUYRWupM5', 8, '2024-02-07 12:19:31', '2024-02-07 12:19:31', '292.50', 'Error quis nihil.'),
(298, 'Eumearumtotam.', 'Nobis error id est aut.', 'bEUYRWupM5', 1, '2024-02-07 12:19:31', '2024-02-07 12:19:31', '393.60', 'Fugiat corrupti.'),
(299, 'Solutaquis.', 'Et et rerum velit.', '9BIOIxokpy', 5, '2024-02-07 12:19:31', '2024-02-07 12:19:31', '352.90', 'Fugiat odio eius.'),
(300, 'Beataeest.', 'Est possimus cum qui.', 'NejL4wgj4w', 7, '2024-02-07 12:19:31', '2024-02-07 12:19:31', '316.50', 'Voluptas qui.'),
(301, 'Errorullamqui.', 'Vero adipisci et et in.', '9uzI7NiOao', 2, '2024-02-07 12:19:31', '2024-02-07 12:19:31', '311.30', 'Praesentium iure.'),
(302, 'Etquasmagni.', 'Dolores ex non omnis et.', 'MY16uYysyt', 10, '2024-02-07 12:19:31', '2024-02-07 12:19:31', '342.30', 'Pariatur labore.'),
(303, 'Assumendanatus.', 'Non ad alias omnis est.', 'XDfFcXgT2G', 8, '2024-02-07 12:19:31', '2024-02-07 12:19:31', '271.50', 'Magni nihil culpa.'),
(304, 'Quidoloremque.', 'Sed ipsum tempore qui.', 'QydRVo7tLd', 9, '2024-02-07 12:19:31', '2024-02-07 12:19:31', '234.70', 'Eos eligendi.'),
(305, 'Quaeratquos.', 'Sint sed dolores eius.', 'NejL4wgj4w', 4, '2024-02-07 12:19:31', '2024-02-07 12:19:31', '216.50', 'Blanditiis nemo.'),
(306, 'Atab.', 'Expedita et cumque sit.', 'wbGnntQmil', 4, '2024-02-07 12:19:31', '2024-02-07 12:19:31', '342.10', 'Ullam omnis aut.'),
(307, 'Molestias.', 'Culpa quia eius ut.', 'MY16uYysyt', 4, '2024-02-07 12:19:31', '2024-02-07 12:19:31', '216.30', 'Non minus.'),
(308, 'Repudiandae.', 'Eum doloribus ut quos.', 'bEUYRWupM5', 6, '2024-02-07 12:19:31', '2024-02-07 12:19:31', '390.90', 'Recusandae quo.'),
(309, 'Iustoitaque.', 'Et illo facilis corporis.', 'wbGnntQmil', 5, '2024-02-07 12:19:31', '2024-02-07 12:19:31', '231.00', 'Incidunt accusamus.'),
(310, 'Rerumdicta.', 'A eum eos assumenda et.', 'NejL4wgj4w', 3, '2024-02-07 12:19:31', '2024-02-07 12:19:31', '300.30', 'Et voluptatem cum.'),
(311, 'Liberocorrupti.', 'A ut alias quae.', '2X4ye9PhIh', 10, '2024-02-07 12:19:31', '2024-02-07 12:19:31', '262.00', 'Aut velit.'),
(312, 'Explicaboest.', 'Amet est sit illum.', 'Ns3an1ZfUF', 6, '2024-02-07 12:19:31', '2024-02-07 12:19:31', '294.90', 'Dolor quo tenetur.'),
(313, 'Utquodet.', 'Optio ut ex sint iusto.', 'bEUYRWupM5', 10, '2024-02-07 12:19:31', '2024-02-07 12:19:31', '310.20', 'Veniam qui.'),
(314, 'Etautcorporis.', 'Amet sint non libero.', '0mocKkZUwr', 8, '2024-02-07 12:19:31', '2024-02-07 12:19:31', '293.10', 'Neque illo ut quasi.'),
(315, 'Sintvel.', 'Dolore autem et earum.', 'XDfFcXgT2G', 4, '2024-02-07 12:19:31', '2024-02-07 12:19:31', '383.20', 'Adipisci aliquam.'),
(316, 'Nobis.', 'Ea eius expedita dolores.', 'wbGnntQmil', 5, '2024-02-07 12:19:31', '2024-02-07 12:19:31', '386.30', 'Corporis et aliquid.'),
(317, 'Velitdeleniti.', 'Quam et et dolorum harum.', '4z9mSD6fzr', 2, '2024-02-07 12:19:31', '2024-02-07 12:19:31', '345.60', 'Aut tenetur.'),
(318, 'Quibusdamquia.', 'Dolores sed error sed.', 'Ns3an1ZfUF', 2, '2024-02-07 12:19:31', '2024-02-07 12:19:31', '226.30', 'Eum quibusdam ut.'),
(319, 'Etaccusamus.', 'Ut nemo nulla aut.', 'bEUYRWupM5', 2, '2024-02-07 12:19:31', '2024-02-07 12:19:31', '324.20', 'Officia odio ea aut.'),
(320, 'Esteumsunt.', 'Consectetur eos et velit.', '2X4ye9PhIh', 1, '2024-02-07 12:19:31', '2024-02-07 12:19:31', '386.10', 'Temporibus vel.'),
(321, 'Blanditiis.', 'At est neque eos.', '8FWOY90d3u', 8, '2024-02-07 12:19:31', '2024-02-07 12:19:31', '204.20', 'Iusto quia et quis.'),
(322, 'Sitvoluptatem.', 'At rerum in velit quo.', 'RWmotgOYvt', 2, '2024-02-07 12:19:31', '2024-02-07 12:19:31', '206.00', 'Voluptatem.'),
(323, 'Ducimusquia.', 'Hic eum culpa non ut.', 'sUJN8HxgFg', 10, '2024-02-07 12:19:31', '2024-02-07 12:19:31', '351.40', 'Porro facere rerum.'),
(324, 'Natusvoluptas.', 'Nemo enim ab vel minima.', 'bEUYRWupM5', 9, '2024-02-07 12:19:31', '2024-02-07 12:19:31', '354.70', 'Voluptatum est.'),
(325, 'Etsediure.', 'Veniam est rerum qui aut.', 'XDfFcXgT2G', 2, '2024-02-07 12:19:31', '2024-02-07 12:19:31', '275.70', 'Cumque magnam nemo.'),
(326, 'Fugitutvelit.', 'Ipsam nostrum sit aut.', '8FWOY90d3u', 4, '2024-02-07 12:19:31', '2024-02-07 12:19:31', '380.30', 'Quaerat perferendis.'),
(327, 'Assumendaiusto.', 'Eum animi iste autem et.', 'k7MRmVY0X8', 2, '2024-02-07 12:19:31', '2024-02-07 12:19:31', '255.60', 'Temporibus sint.'),
(328, 'Aliquid.', 'Cum sint enim qui.', 'Ns3an1ZfUF', 5, '2024-02-07 12:19:31', '2024-02-07 12:19:31', '243.20', 'Et eum quidem.'),
(329, 'Deserunt.', 'Sit quis est eius fugiat.', 'sUJN8HxgFg', 9, '2024-02-07 12:19:31', '2024-02-07 12:19:31', '376.40', 'Voluptas ea nemo.'),
(330, 'Sitaliquam.', 'Est et quia non.', 'F8ioxlh8VT', 4, '2024-02-07 12:19:31', '2024-02-07 12:19:31', '305.50', 'Et qui sed officiis.'),
(331, 'Quasideleniti.', 'Iste enim tenetur ut in.', 'QydRVo7tLd', 6, '2024-02-07 12:19:31', '2024-02-07 12:19:31', '242.10', 'Totam et non.'),
(332, 'Harumearum.', 'Non eum ut rerum in ea.', 'sUJN8HxgFg', 9, '2024-02-07 12:19:31', '2024-02-07 12:19:31', '373.90', 'Incidunt deleniti.'),
(333, 'Eumminima.', 'Velit quia enim ullam et.', '9uzI7NiOao', 5, '2024-02-07 12:19:31', '2024-02-07 12:19:31', '341.50', 'Est quia.'),
(334, 'Fugitquodet.', 'Illo aut repudiandae aut.', '2X4ye9PhIh', 8, '2024-02-07 12:19:31', '2024-02-07 12:19:31', '316.00', 'Est incidunt totam.'),
(335, 'Nonetalias.', 'Hic ducimus at rerum.', '2X4ye9PhIh', 8, '2024-02-07 12:19:31', '2024-02-07 12:19:31', '294.70', 'Sit delectus ut.'),
(336, 'Temporibus.', 'Eaque ea aut et ut.', 'RWmotgOYvt', 5, '2024-02-07 12:19:31', '2024-02-07 12:19:31', '393.40', 'Ducimus non.'),
(337, 'Autetaut.', 'In molestiae et culpa a.', '4z9mSD6fzr', 1, '2024-02-07 12:19:31', '2024-02-07 12:19:31', '344.90', 'Impedit suscipit.'),
(338, 'Molestiae.', 'Et rem ut velit neque.', '4z9mSD6fzr', 3, '2024-02-07 12:19:31', '2024-02-07 12:19:31', '343.80', 'Tenetur sint fuga.'),
(339, 'Earumquaequi.', 'Dolor ut dolor ut.', 'QydRVo7tLd', 10, '2024-02-07 12:19:31', '2024-02-07 12:19:31', '250.90', 'Alias eos esse qui.'),
(340, 'Aperiam.', 'Ex quo est qui ut non.', 'k7MRmVY0X8', 7, '2024-02-07 12:19:31', '2024-02-07 12:19:31', '300.50', 'Mollitia laboriosam.'),
(341, 'Uterror.', 'Ipsum eius aut quam.', 'c8cv2wvB8l', 10, '2024-02-07 12:19:31', '2024-02-07 12:19:31', '233.00', 'Odio in cumque.'),
(342, 'Fugiatquod.', 'Delectus et qui est.', '9uzI7NiOao', 7, '2024-02-07 12:19:31', '2024-02-07 12:19:31', '386.30', 'Ut debitis ducimus.'),
(343, 'Perferendisea.', 'Eos nulla soluta unde.', 'RWmotgOYvt', 5, '2024-02-07 12:19:31', '2024-02-07 12:19:31', '384.10', 'Harum enim sit sunt.'),
(344, 'Doloribusatque.', 'Sed ut eos quasi.', 'Qrs72gsjGa', 3, '2024-02-07 12:19:31', '2024-02-07 12:19:31', '281.40', 'Omnis at deleniti.'),
(345, 'Quissuntdicta.', 'Voluptatem non et in eos.', '2X4ye9PhIh', 4, '2024-02-07 12:19:31', '2024-02-07 12:19:31', '366.30', 'Aliquid omnis.'),
(346, 'Etquisquam.', 'Id a laborum eum.', 'RWmotgOYvt', 2, '2024-02-07 12:19:31', '2024-02-07 12:19:31', '265.90', 'Quis molestiae.'),
(347, 'Animicommodi.', 'Sint praesentium qui est.', 'F8ioxlh8VT', 3, '2024-02-07 12:19:31', '2024-02-07 12:19:31', '270.70', 'Earum dolores eos.'),
(348, 'Utvoluptate.', 'Dolores optio velit sit.', 'NejL4wgj4w', 7, '2024-02-07 12:19:31', '2024-02-07 12:19:31', '308.10', 'Qui quis reiciendis.'),
(349, 'Ipsumculpaex.', 'Et veritatis eos aut vel.', '4z9mSD6fzr', 6, '2024-02-07 12:19:31', '2024-02-07 12:19:31', '298.50', 'Suscipit non ipsum.'),
(350, 'Sintilloqui.', 'Deleniti non eos ad et.', 'k7MRmVY0X8', 6, '2024-02-07 12:19:31', '2024-02-07 12:19:31', '254.30', 'Est mollitia ut.'),
(351, 'Totam.', 'Qui et laborum est ut.', 'QydRVo7tLd', 4, '2024-02-07 12:19:31', '2024-02-07 12:19:31', '205.00', 'Sint voluptas autem.'),
(352, 'Voluptatumvel.', 'Dolor amet beatae facere.', 'XDfFcXgT2G', 2, '2024-02-07 12:19:31', '2024-02-07 12:19:31', '310.90', 'Et et culpa ex.'),
(353, 'Autnihilqui.', 'Iste in et aut sit illo.', 'wbGnntQmil', 3, '2024-02-07 12:19:31', '2024-02-07 12:19:31', '363.20', 'Qui ut veniam.'),
(354, 'Utestmagnam.', 'Ut et deserunt nostrum.', 'Ns3an1ZfUF', 4, '2024-02-07 12:19:31', '2024-02-07 12:19:31', '287.30', 'Dolor iusto fugiat.'),
(355, 'Doloresvitae.', 'Itaque vel eius modi.', '9BIOIxokpy', 6, '2024-02-07 12:19:31', '2024-02-07 12:19:31', '354.30', 'Omnis dolorem vel.');
INSERT INTO `products` (`id`, `product`, `description`, `category`, `user_id`, `created_at`, `updated_at`, `price`, `image_link`) VALUES
(356, 'Quaeratlibero.', 'Ratione ad qui et et.', 'k7MRmVY0X8', 2, '2024-02-07 12:19:31', '2024-02-07 12:19:31', '373.00', 'Dignissimos veniam.'),
(357, 'Nonpossimus.', 'Minima non omnis modi ut.', 'Ns3an1ZfUF', 4, '2024-02-07 12:19:31', '2024-02-07 12:19:31', '367.80', 'Eum dolore cumque.'),
(358, 'Commodiest.', 'In quia ut ut.', 'c8cv2wvB8l', 1, '2024-02-07 12:19:31', '2024-02-07 12:19:31', '263.80', 'Repellat nihil.'),
(359, 'Quamquosodio.', 'Alias sit officia et.', 'wbGnntQmil', 7, '2024-02-07 12:19:31', '2024-02-07 12:19:31', '300.40', 'Iste vero in nisi.'),
(360, 'Autvoluptatum.', 'Rerum omnis qui eos.', '4z9mSD6fzr', 2, '2024-02-07 12:19:31', '2024-02-07 12:19:31', '264.70', 'Voluptas dolores.'),
(361, 'Delectuseius.', 'Aut omnis ut nemo rerum.', 'XDfFcXgT2G', 5, '2024-02-07 12:19:31', '2024-02-07 12:19:31', '250.20', 'Doloremque saepe id.'),
(362, 'Voluptatumest.', 'Quam non ipsum molestias.', 'wbGnntQmil', 2, '2024-02-07 12:19:31', '2024-02-07 12:19:31', '296.90', 'Voluptates quos.'),
(363, 'Vitaesunt.', 'Sint qui quia in.', 'F8ioxlh8VT', 5, '2024-02-07 12:19:31', '2024-02-07 12:19:31', '347.10', 'Quis ut optio.'),
(364, 'Culpaeiusat.', 'Ut fugit eos repellendus.', 'QydRVo7tLd', 4, '2024-02-07 12:19:31', '2024-02-07 12:19:31', '311.40', 'Voluptas est.'),
(365, 'Etitaquesit.', 'Vero at quam dicta.', 'NejL4wgj4w', 10, '2024-02-07 12:19:31', '2024-02-07 12:19:31', '384.90', 'Sed consectetur.'),
(366, 'Similiqueut.', 'Rerum dolorum vel quod.', 'bEUYRWupM5', 9, '2024-02-07 12:19:31', '2024-02-07 12:19:31', '215.20', 'Mollitia magni est.'),
(367, 'Inventoresequi.', 'Qui aut sint quia optio.', '8FWOY90d3u', 10, '2024-02-07 12:19:31', '2024-02-07 12:19:31', '263.60', 'Aut pariatur.'),
(368, 'Etpossimus.', 'Adipisci aut ipsam a id.', 'RWmotgOYvt', 5, '2024-02-07 12:19:31', '2024-02-07 12:19:31', '255.40', 'Id laboriosam.'),
(369, 'Sitperferendis.', 'Autem aut in et at est.', '0mocKkZUwr', 7, '2024-02-07 12:19:31', '2024-02-07 12:19:31', '270.40', 'Aliquam libero.'),
(370, 'Harumcommodi.', 'Et velit sit et illo.', 'F8ioxlh8VT', 1, '2024-02-07 12:19:31', '2024-02-07 12:19:31', '307.50', 'Rerum nobis et.'),
(371, 'Sitmaiores.', 'Vel aut in eos animi et.', 'bEUYRWupM5', 9, '2024-02-07 12:19:31', '2024-02-07 12:19:31', '346.90', 'Neque quos ut.'),
(372, 'Iureaperiam.', 'Odio atque explicabo ut.', 'wbGnntQmil', 2, '2024-02-07 12:19:31', '2024-02-07 12:19:31', '388.50', 'Tempora laudantium.'),
(373, 'Quiseumveniam.', 'Est officia sit vel quos.', 'NejL4wgj4w', 4, '2024-02-07 12:19:31', '2024-02-07 12:19:31', '236.90', 'Impedit commodi.'),
(374, 'Quosipsamat.', 'Eius et quae quasi.', '8FWOY90d3u', 5, '2024-02-07 12:19:31', '2024-02-07 12:19:31', '262.10', 'Quo doloremque.'),
(375, 'Hicquiaomnis.', 'A et sit nemo unde in.', 'wbGnntQmil', 9, '2024-02-07 12:19:31', '2024-02-07 12:19:31', '369.80', 'Et non sit.'),
(376, 'Ullamsuntut.', 'Ut sit voluptas aut.', 'NejL4wgj4w', 6, '2024-02-07 12:19:31', '2024-02-07 12:19:31', '236.60', 'Praesentium nihil.'),
(377, 'Ipsumquaerat.', 'Laborum ab est id soluta.', 'MY16uYysyt', 8, '2024-02-07 12:19:31', '2024-02-07 12:19:31', '212.90', 'Voluptatem ab.'),
(378, 'Nihilipsa.', 'Delectus eos fuga sit et.', 'F8ioxlh8VT', 7, '2024-02-07 12:19:31', '2024-02-07 12:19:31', '371.70', 'Est voluptates.'),
(379, 'Inventoreporro.', 'At et et neque.', 'QydRVo7tLd', 10, '2024-02-07 12:19:31', '2024-02-07 12:19:31', '204.60', 'Et est delectus.'),
(380, 'Eumautiste.', 'Cum est ullam earum.', '8FWOY90d3u', 10, '2024-02-07 12:19:31', '2024-02-07 12:19:31', '379.60', 'Autem fuga odio.'),
(381, 'Estquodautem.', 'Ut cum eos enim ea.', 'wbGnntQmil', 5, '2024-02-07 12:19:31', '2024-02-07 12:19:31', '241.70', 'Minima possimus.'),
(382, 'Dolores.', 'Ut doloremque eaque modi.', 'XDfFcXgT2G', 9, '2024-02-07 12:19:31', '2024-02-07 12:19:31', '390.00', 'Voluptatem magnam.'),
(383, 'Repellendus.', 'Nemo error dolores est.', 'wbGnntQmil', 9, '2024-02-07 12:19:31', '2024-02-07 12:19:31', '201.40', 'Blanditiis ipsum.'),
(384, 'Voluptateset.', 'Ut sequi debitis aut et.', 'c8cv2wvB8l', 4, '2024-02-07 12:19:31', '2024-02-07 12:19:31', '288.10', 'Ut ipsum saepe.'),
(385, 'Nisidelectus.', 'Hic fugit eaque omnis et.', 'RWmotgOYvt', 8, '2024-02-07 12:19:31', '2024-02-07 12:19:31', '287.80', 'Esse rerum.'),
(386, 'Quamnatus.', 'Aut qui ut voluptas.', 'F8ioxlh8VT', 6, '2024-02-07 12:19:31', '2024-02-07 12:19:31', '390.50', 'Qui voluptate autem.'),
(387, 'Velitfugiat.', 'Qui ea cum dolor.', 'wbGnntQmil', 6, '2024-02-07 12:19:31', '2024-02-07 12:19:31', '366.20', 'Doloribus quod.'),
(388, 'Autlaborumquo.', 'Delectus iure cum culpa.', 'MY16uYysyt', 8, '2024-02-07 12:19:31', '2024-02-07 12:19:31', '371.40', 'Rem qui eaque.'),
(389, 'Illumatminus.', 'Eos culpa ex vero.', '4z9mSD6fzr', 4, '2024-02-07 12:19:31', '2024-02-07 12:19:31', '351.90', 'Debitis quasi.'),
(390, 'Eumet.', 'Nobis ex ab et.', '2X4ye9PhIh', 3, '2024-02-07 12:19:31', '2024-02-07 12:19:31', '206.00', 'Et animi rerum.'),
(391, 'Quiamaiores.', 'Aliquid ab aut sed sint.', 'QydRVo7tLd', 2, '2024-02-07 12:19:31', '2024-02-07 12:19:31', '239.70', 'Ad ducimus omnis.'),
(392, 'Suntrerumut.', 'Quis soluta esse et.', 'bEUYRWupM5', 10, '2024-02-07 12:19:31', '2024-02-07 12:19:31', '361.40', 'Beatae modi et sed.'),
(393, 'Utquiafacilis.', 'Quis aperiam labore quod.', 'f3xiCdq81k', 8, '2024-02-07 12:19:31', '2024-02-07 12:19:31', '249.30', 'Sed aut laboriosam.'),
(394, 'Inventorequi.', 'Qui at in velit.', 'wbGnntQmil', 6, '2024-02-07 12:19:31', '2024-02-07 12:19:31', '313.10', 'Quia velit velit.'),
(395, 'Consequuntur.', 'Nisi sed eos quis.', '9uzI7NiOao', 1, '2024-02-07 12:19:31', '2024-02-07 12:19:31', '374.70', 'Aut eum commodi.'),
(396, 'Omniscommodi.', 'Natus sit voluptatem eos.', 'sUJN8HxgFg', 8, '2024-02-07 12:19:31', '2024-02-07 12:19:31', '349.20', 'Repudiandae rerum.'),
(397, 'Quisintut.', 'Hic unde qui culpa illum.', 'c8cv2wvB8l', 2, '2024-02-07 12:19:31', '2024-02-07 12:19:31', '389.30', 'Excepturi veritatis.'),
(398, 'Mollitia.', 'Aut et vel ipsa.', 'f3xiCdq81k', 9, '2024-02-07 12:19:31', '2024-02-07 12:19:31', '222.80', 'Facilis totam et.'),
(399, 'Nisietvel.', 'Sit vero ex ab ea.', 'Ns3an1ZfUF', 10, '2024-02-07 12:19:31', '2024-02-07 12:19:31', '317.70', 'Aperiam soluta.'),
(400, 'Veroeveniet.', 'Iste impedit velit illum.', 'Qrs72gsjGa', 3, '2024-02-07 12:19:31', '2024-02-07 12:19:31', '340.50', 'Unde provident.'),
(401, 'Sapienteveniam.', 'Enim illo porro non.', '2X4ye9PhIh', 4, '2024-02-07 12:19:31', '2024-02-07 12:19:31', '372.30', 'Fuga sit delectus.'),
(402, 'Aut.', 'Quo velit et aut.', 'MY16uYysyt', 3, '2024-02-07 12:19:31', '2024-02-07 12:19:31', '294.20', 'Soluta molestiae.'),
(403, 'Vitaemagnam.', 'Quo vel inventore sed.', '2X4ye9PhIh', 9, '2024-02-07 12:19:31', '2024-02-07 12:19:31', '216.70', 'Et qui enim porro.'),
(404, 'Asperioresnisi.', 'Ut tempora et officia.', 'bEUYRWupM5', 6, '2024-02-07 12:19:31', '2024-02-07 12:19:31', '258.80', 'Maxime quod ut.'),
(405, 'Etperspiciatis.', 'Quisquam at et rerum.', 'wbGnntQmil', 8, '2024-02-07 12:19:31', '2024-02-07 12:19:31', '364.30', 'Illum qui dolorem.'),
(406, 'Quiaea.', 'Ea eaque aut libero ea.', 'Qrs72gsjGa', 1, '2024-02-07 12:19:31', '2024-02-07 12:19:31', '386.70', 'Accusamus non.'),
(407, 'Eveniet.', 'Et ad molestiae qui.', 'Qrs72gsjGa', 3, '2024-02-07 12:19:31', '2024-02-07 12:19:31', '219.20', 'Rerum enim debitis.'),
(408, 'Istequia.', 'Omnis quis culpa iste.', 'QydRVo7tLd', 3, '2024-02-07 12:19:31', '2024-02-07 12:19:31', '359.60', 'A odio omnis et non.'),
(409, 'Minima.', 'Et beatae nihil sequi.', '8FWOY90d3u', 6, '2024-02-07 12:19:31', '2024-02-07 12:19:31', '365.90', 'Natus et ea qui.'),
(410, 'Blanditiisut.', 'Eos quod commodi fuga.', 'f3xiCdq81k', 9, '2024-02-07 12:19:31', '2024-02-07 12:19:31', '209.20', 'Alias totam nihil.'),
(411, 'Uteavitae.', 'Et et enim ut fugit.', '9BIOIxokpy', 2, '2024-02-07 12:19:31', '2024-02-07 12:19:31', '304.70', 'Qui aut ipsa.'),
(412, 'Consequaturaut.', 'Sed assumenda amet quis.', 'Ns3an1ZfUF', 2, '2024-02-07 12:19:31', '2024-02-07 12:19:31', '350.10', 'Quia vel.'),
(413, 'Praesentiuma.', 'In vel autem est cum.', '4z9mSD6fzr', 1, '2024-02-07 12:19:31', '2024-02-07 12:19:31', '375.10', 'Nulla natus cum.'),
(414, 'Idautem.', 'Ea culpa et est qui esse.', 'f3xiCdq81k', 7, '2024-02-07 12:19:31', '2024-02-07 12:19:31', '260.70', 'Qui ullam culpa.'),
(415, 'Hicsunt.', 'In vero et sit animi.', 'XDfFcXgT2G', 6, '2024-02-07 12:19:31', '2024-02-07 12:19:31', '251.40', 'Dolore rem deserunt.'),
(416, 'Quasutomnis.', 'Et quos voluptate sed ad.', 'XDfFcXgT2G', 6, '2024-02-07 12:19:31', '2024-02-07 12:19:31', '218.50', 'Quasi distinctio.'),
(417, 'Dolorfugaqui.', 'Soluta non aperiam modi.', 'RWmotgOYvt', 2, '2024-02-07 12:19:31', '2024-02-07 12:19:31', '208.60', 'Consequatur est.'),
(418, 'Sedneque.', 'Non dicta officiis culpa.', 'f3xiCdq81k', 2, '2024-02-07 12:19:31', '2024-02-07 12:19:31', '359.30', 'Qui natus quasi.'),
(419, 'Remfugitipsum.', 'Maiores et debitis et.', '2X4ye9PhIh', 2, '2024-02-07 12:19:31', '2024-02-07 12:19:31', '260.10', 'Ut ducimus incidunt.'),
(420, 'Estautem.', 'Rem est hic illo quae.', 'XDfFcXgT2G', 8, '2024-02-07 12:19:31', '2024-02-07 12:19:31', '203.50', 'Rerum tenetur aut.');

-- --------------------------------------------------------

--
-- Table structure for table `products_event`
--

CREATE TABLE `products_event` (
  `id` bigint(20) UNSIGNED NOT NULL,
  `product` varchar(255) NOT NULL,
  `description` varchar(255) NOT NULL,
  `category` varchar(255) NOT NULL,
  `user_id` bigint(20) UNSIGNED NOT NULL,
  `created_at` timestamp NULL DEFAULT NULL,
  `updated_at` timestamp NULL DEFAULT NULL,
  `price` decimal(10,2) NOT NULL,
  `image_link` varchar(255) NOT NULL
) ENGINE=InnoDB DEFAULT CHARSET=utf8mb4 COLLATE=utf8mb4_unicode_ci;

-- --------------------------------------------------------

--
-- Table structure for table `prod_categories`
--

CREATE TABLE `prod_categories` (
  `id` bigint(20) UNSIGNED NOT NULL,
  `category` varchar(255) NOT NULL,
  `description` varchar(255) NOT NULL,
  `user_id` bigint(20) UNSIGNED NOT NULL,
  `created_at` timestamp NULL DEFAULT NULL,
  `updated_at` timestamp NULL DEFAULT NULL,
  `image_link` varchar(255) NOT NULL
) ENGINE=InnoDB DEFAULT CHARSET=utf8mb4 COLLATE=utf8mb4_unicode_ci;

--
-- Dumping data for table `prod_categories`
--

INSERT INTO `prod_categories` (`id`, `category`, `description`, `user_id`, `created_at`, `updated_at`, `image_link`) VALUES
(1, 'F8ioxlh8VT', 'Ea ut et minus ut.', 4, '2024-02-07 12:19:29', '2024-02-07 12:19:29', 'Vel maxime voluptas.'),
(2, 'Qrs72gsjGa', 'Nihil eum dolorem aut.', 10, '2024-02-07 12:19:29', '2024-02-07 12:19:29', 'Itaque consequatur.'),
(3, '9uzI7NiOao', 'Voluptate nulla non et.', 2, '2024-02-07 12:19:29', '2024-02-07 12:19:29', 'Officia earum quam.'),
(4, 'QydRVo7tLd', 'Et est ut sint culpa.', 10, '2024-02-07 12:19:29', '2024-02-07 12:19:29', 'Aspernatur delectus.'),
(5, 'sUJN8HxgFg', 'Nisi natus est atque aut.', 2, '2024-02-07 12:19:29', '2024-02-07 12:19:29', 'Iusto voluptas.'),
(6, 'RWmotgOYvt', 'Fuga deleniti quasi qui.', 1, '2024-02-07 12:19:29', '2024-02-07 12:19:29', 'Sint facilis.'),
(7, 'c8cv2wvB8l', 'Nemo facilis ut sit sed.', 3, '2024-02-07 12:19:29', '2024-02-07 12:19:29', 'Quidem consequatur.'),
(8, '2X4ye9PhIh', 'Officia cum iste error.', 5, '2024-02-07 12:19:29', '2024-02-07 12:19:29', 'Dolorem rerum.'),
(9, 'f3xiCdq81k', 'Ut qui et consequatur.', 1, '2024-02-07 12:19:29', '2024-02-07 12:19:29', 'Quos fuga accusamus.'),
(10, 'NejL4wgj4w', 'Dolores ut animi cum qui.', 2, '2024-02-07 12:19:29', '2024-02-07 12:19:29', 'Quisquam.'),
(11, 'XDfFcXgT2G', 'Aliquid rerum est ea et.', 5, '2024-02-07 12:19:29', '2024-02-07 12:19:29', 'Ut deleniti unde.'),
(12, 'Ns3an1ZfUF', 'Qui animi aut est ea ut.', 3, '2024-02-07 12:19:29', '2024-02-07 12:19:29', 'Consectetur alias.'),
(13, 'MY16uYysyt', 'Aperiam eligendi ad sint.', 7, '2024-02-07 12:19:29', '2024-02-07 12:19:29', 'Amet ad dolores qui.'),
(14, '8FWOY90d3u', 'Nulla enim sint culpa.', 7, '2024-02-07 12:19:29', '2024-02-07 12:19:29', 'Debitis maiores ab.'),
(15, '4z9mSD6fzr', 'Eos libero sed beatae.', 5, '2024-02-07 12:19:29', '2024-02-07 12:19:29', 'Voluptas ea.'),
(16, 'k7MRmVY0X8', 'Enim quo qui quo est.', 10, '2024-02-07 12:19:29', '2024-02-07 12:19:29', 'Excepturi voluptas.'),
(17, 'bEUYRWupM5', 'Ut culpa qui fugit.', 8, '2024-02-07 12:19:29', '2024-02-07 12:19:29', 'Rerum distinctio.'),
(18, 'wbGnntQmil', 'Officiis adipisci nam et.', 1, '2024-02-07 12:19:29', '2024-02-07 12:19:29', 'Expedita et omnis.'),
(19, '9BIOIxokpy', 'Fuga et voluptatem ut.', 3, '2024-02-07 12:19:29', '2024-02-07 12:19:29', 'Soluta error beatae.'),
(20, '0mocKkZUwr', 'Quis minus eaque autem.', 3, '2024-02-07 12:19:29', '2024-02-07 12:19:29', 'Molestias et nihil.');

-- --------------------------------------------------------

--
-- Table structure for table `prod_categories_event`
--

CREATE TABLE `prod_categories_event` (
  `id` bigint(20) UNSIGNED NOT NULL,
  `category` varchar(255) NOT NULL,
  `description` varchar(255) NOT NULL,
  `user_id` bigint(20) UNSIGNED NOT NULL,
  `created_at` timestamp NULL DEFAULT NULL,
  `updated_at` timestamp NULL DEFAULT NULL,
  `image_link` varchar(255) NOT NULL
) ENGINE=InnoDB DEFAULT CHARSET=utf8mb4 COLLATE=utf8mb4_unicode_ci;

-- --------------------------------------------------------

--
-- Table structure for table `shippers`
--

CREATE TABLE `shippers` (
  `id` bigint(20) UNSIGNED NOT NULL,
  `company_name` varchar(255) NOT NULL,
  `company_contact` varchar(255) NOT NULL,
  `company_email` varchar(255) NOT NULL,
  `user_id` bigint(20) UNSIGNED NOT NULL,
  `created_at` timestamp NULL DEFAULT NULL,
  `updated_at` timestamp NULL DEFAULT NULL
) ENGINE=InnoDB DEFAULT CHARSET=utf8mb4 COLLATE=utf8mb4_unicode_ci;

--
-- Dumping data for table `shippers`
--

INSERT INTO `shippers` (`id`, `company_name`, `company_contact`, `company_email`, `user_id`, `created_at`, `updated_at`) VALUES
(1, 'A et rerum ut sed sit.', 'Non sunt aut id porro.', 'Quam aut sunt rem ut.', 10, '2024-02-07 12:19:45', '2024-02-07 12:19:45'),
(2, 'Placeat qui sit et.', 'Dolorum vero facilis sed.', 'Aut provident et aut at.', 5, '2024-02-07 12:19:45', '2024-02-07 12:19:45'),
(3, 'Illo iste mollitia qui.', 'A vero asperiores quo.', 'Et ex tenetur nemo.', 1, '2024-02-07 12:19:45', '2024-02-07 12:19:45'),
(4, 'Totam fuga incidunt sit.', 'Sed quo voluptatem ut.', 'Est non ipsa commodi.', 2, '2024-02-07 12:19:45', '2024-02-07 12:19:45'),
(5, 'Et vitae ad hic.', 'At ut et nihil ab sunt.', 'In aut natus nulla.', 9, '2024-02-07 12:19:45', '2024-02-07 12:19:45'),
(6, 'Quia illum et placeat.', 'Ut ea sequi dicta rerum.', 'Velit omnis rem fuga.', 6, '2024-02-07 12:19:45', '2024-02-07 12:19:45'),
(7, 'Est et dolore harum.', 'Qui eius atque fugiat.', 'Earum a omnis eius et.', 6, '2024-02-07 12:19:45', '2024-02-07 12:19:45'),
(8, 'Rerum nam aut qui.', 'Ad autem non commodi aut.', 'Sed fuga praesentium non.', 1, '2024-02-07 12:19:45', '2024-02-07 12:19:45'),
(9, 'Omnis sunt aperiam porro.', 'Sit qui illum eos ut.', 'Eius ut eius non.', 1, '2024-02-07 12:19:45', '2024-02-07 12:19:45'),
(10, 'Dolore nemo et dolore.', 'Eos sunt error non aut.', 'Sed harum iusto dolore.', 3, '2024-02-07 12:19:45', '2024-02-07 12:19:45'),
(11, 'Ut ut eos quasi ratione.', 'Aliquam rerum soluta vel.', 'A eum a qui.', 8, '2024-02-07 12:19:45', '2024-02-07 12:19:45'),
(12, 'Aut qui hic amet minus.', 'Ut et sunt hic quasi.', 'Sit minima quibusdam qui.', 6, '2024-02-07 12:19:45', '2024-02-07 12:19:45'),
(13, 'Et aut debitis sit est.', 'Porro at sed similique.', 'Odit sequi velit fugit.', 4, '2024-02-07 12:19:45', '2024-02-07 12:19:45'),
(14, 'Et ea ipsum ex.', 'Qui quia enim ea.', 'Omnis quis vel et.', 2, '2024-02-07 12:19:45', '2024-02-07 12:19:45'),
(15, 'Est voluptas soluta ut.', 'Quo esse culpa nam rerum.', 'Unde voluptas in sunt.', 5, '2024-02-07 12:19:45', '2024-02-07 12:19:45'),
(16, 'Quas quidem vel est nam.', 'Illum magnam dolor hic.', 'Quos est sit sapiente.', 7, '2024-02-07 12:19:45', '2024-02-07 12:19:45'),
(17, 'Ex quod omnis aut et et.', 'Est ut nemo aut iste.', 'Debitis nam magni ex.', 5, '2024-02-07 12:19:45', '2024-02-07 12:19:45'),
(18, 'Ut tempora et inventore.', 'Ut aut aliquid fuga eius.', 'Hic et dolores nostrum.', 9, '2024-02-07 12:19:45', '2024-02-07 12:19:45'),
(19, 'Eos cumque quia deserunt.', 'Odio aut id nisi non.', 'Odio atque voluptatem ea.', 3, '2024-02-07 12:19:45', '2024-02-07 12:19:45'),
(20, 'Sit quos ex voluptates.', 'Nihil ab error ut ipsam.', 'Non aut incidunt unde.', 3, '2024-02-07 12:19:45', '2024-02-07 12:19:45'),
(21, 'Magni quas vel magni eos.', 'Earum adipisci qui eaque.', 'Unde est et nobis unde.', 7, '2024-02-07 12:19:45', '2024-02-07 12:19:45'),
(22, 'In a sunt nisi aut qui.', 'Quo et voluptas quo enim.', 'Vel id qui culpa id.', 7, '2024-02-07 12:19:45', '2024-02-07 12:19:45'),
(23, 'Magni est repellat ea.', 'Esse maiores vitae quia.', 'Est id non sunt cumque.', 3, '2024-02-07 12:19:45', '2024-02-07 12:19:45'),
(24, 'Non ab ut ut ratione.', 'Consequatur ea illum eum.', 'Vero optio est natus qui.', 10, '2024-02-07 12:19:45', '2024-02-07 12:19:45'),
(25, 'Et est dolor maxime et.', 'Aut eius ad ea dolor.', 'Ipsam sed sit nisi sunt.', 7, '2024-02-07 12:19:45', '2024-02-07 12:19:45'),
(26, 'Odit sed non earum aut.', 'Rerum et ut eum minima.', 'Qui est tenetur non.', 6, '2024-02-07 12:19:45', '2024-02-07 12:19:45'),
(27, 'Eum quo odio quam.', 'Qui minima non sapiente.', 'Ea alias ut eum aliquam.', 2, '2024-02-07 12:19:45', '2024-02-07 12:19:45'),
(28, 'Fugit veniam odit vel.', 'Qui aut iste non facilis.', 'Ut officia quod et nemo.', 10, '2024-02-07 12:19:45', '2024-02-07 12:19:45'),
(29, 'Sequi debitis ut velit.', 'Fuga sunt alias deserunt.', 'Nemo provident id sed.', 1, '2024-02-07 12:19:45', '2024-02-07 12:19:45'),
(30, 'Sint id sit cumque ut.', 'Qui sunt voluptas neque.', 'Sunt ex commodi ea.', 1, '2024-02-07 12:19:45', '2024-02-07 12:19:45'),
(31, 'Ut ut natus consectetur.', 'Officia non impedit et.', 'Placeat aut suscipit cum.', 4, '2024-02-07 12:19:45', '2024-02-07 12:19:45'),
(32, 'Libero non voluptates ut.', 'Cum unde ea iure.', 'Qui odit a ex ea.', 9, '2024-02-07 12:19:45', '2024-02-07 12:19:45'),
(33, 'Ut ut dolor quo.', 'Ut numquam fugit et.', 'Et error est non qui.', 1, '2024-02-07 12:19:45', '2024-02-07 12:19:45'),
(34, 'Sunt cupiditate sint aut.', 'Ducimus vero quae ipsam.', 'Vitae fuga est eos et.', 2, '2024-02-07 12:19:45', '2024-02-07 12:19:45'),
(35, 'Eligendi unde quas et.', 'Et assumenda et est ut.', 'Voluptate aut magni et.', 1, '2024-02-07 12:19:45', '2024-02-07 12:19:45'),
(36, 'Totam sit qui totam.', 'Sunt ipsa architecto aut.', 'Dolore et et facere qui.', 1, '2024-02-07 12:19:45', '2024-02-07 12:19:45'),
(37, 'Enim aut corporis enim.', 'Aut in ea molestiae.', 'Minus qui repellat ad.', 10, '2024-02-07 12:19:45', '2024-02-07 12:19:45'),
(38, 'Totam magni nihil modi.', 'Quia adipisci eum qui id.', 'Nihil commodi nihil eum.', 8, '2024-02-07 12:19:45', '2024-02-07 12:19:45'),
(39, 'Minus ex quos ut.', 'Et quo fuga dolores.', 'Et iste aliquam qui et.', 8, '2024-02-07 12:19:45', '2024-02-07 12:19:45'),
(40, 'Nihil rerum eos aut iure.', 'Et est aut nulla magnam.', 'Iure et impedit est odit.', 10, '2024-02-07 12:19:45', '2024-02-07 12:19:45'),
(41, 'Libero ut non a.', 'A qui incidunt minima.', 'Iste hic sed quia rerum.', 6, '2024-02-07 12:19:45', '2024-02-07 12:19:45'),
(42, 'Aut quis quas rerum ut.', 'Est ad aut aut nihil.', 'Dolor fugit et quo animi.', 7, '2024-02-07 12:19:45', '2024-02-07 12:19:45'),
(43, 'Ut veritatis qui velit.', 'Et adipisci quis eos.', 'Et iusto eum similique.', 10, '2024-02-07 12:19:45', '2024-02-07 12:19:45'),
(44, 'Rerum sed ex iure.', 'Et cum sunt tempore.', 'Et dolore eligendi ut.', 5, '2024-02-07 12:19:45', '2024-02-07 12:19:45'),
(45, 'Fuga in placeat deserunt.', 'Earum iste sunt non enim.', 'Sunt qui animi optio eos.', 10, '2024-02-07 12:19:45', '2024-02-07 12:19:45'),
(46, 'Et sit non non.', 'Quia est voluptatem est.', 'Eum nihil autem est.', 2, '2024-02-07 12:19:45', '2024-02-07 12:19:45'),
(47, 'Quaerat illo ut omnis.', 'Dolore ut sed cumque ut.', 'Aut doloremque id autem.', 9, '2024-02-07 12:19:45', '2024-02-07 12:19:45'),
(48, 'Vel quae quis est maxime.', 'Iure iusto sequi quae.', 'Est fuga et nulla.', 2, '2024-02-07 12:19:45', '2024-02-07 12:19:45'),
(49, 'Et et rem qui sed.', 'Est voluptas nihil est.', 'Et inventore qui sunt.', 3, '2024-02-07 12:19:45', '2024-02-07 12:19:45'),
(50, 'A iure iste voluptatem.', 'Iure autem rerum sed et.', 'Ut aut officiis illo quo.', 9, '2024-02-07 12:19:45', '2024-02-07 12:19:45'),
(51, 'Id accusamus qui illum.', 'Id cumque sapiente fuga.', 'Tempore quia saepe amet.', 4, '2024-02-07 12:19:45', '2024-02-07 12:19:45'),
(52, 'Qui et voluptas qui sit.', 'Vitae et est omnis ad.', 'Dolores qui omnis omnis.', 9, '2024-02-07 12:19:45', '2024-02-07 12:19:45'),
(53, 'Optio quis magnam est ex.', 'Ullam quis modi quia et.', 'Vero et repellendus sit.', 8, '2024-02-07 12:19:45', '2024-02-07 12:19:45'),
(54, 'Sed quis est ea et.', 'Ut non nulla veniam.', 'Sed in sint inventore ut.', 10, '2024-02-07 12:19:45', '2024-02-07 12:19:45'),
(55, 'Et numquam odio omnis.', 'Sit tempore ipsam at.', 'Aut culpa et sed sed.', 1, '2024-02-07 12:19:45', '2024-02-07 12:19:45'),
(56, 'Modi fuga et commodi.', 'Velit quas libero quia.', 'Ullam id incidunt et.', 1, '2024-02-07 12:19:45', '2024-02-07 12:19:45'),
(57, 'Tempore error et nostrum.', 'Ducimus a dolorem soluta.', 'Dolor minima ullam est.', 9, '2024-02-07 12:19:45', '2024-02-07 12:19:45'),
(58, 'Itaque odit id amet qui.', 'Eos reiciendis magni eum.', 'Unde quos odio ab id.', 9, '2024-02-07 12:19:45', '2024-02-07 12:19:45'),
(59, 'Corporis sunt sequi enim.', 'Ea non vel cumque unde.', 'Aliquam ab est eveniet.', 7, '2024-02-07 12:19:45', '2024-02-07 12:19:45'),
(60, 'Illo sequi ipsum ea.', 'Cum illum maiores qui.', 'Facere quasi cumque quae.', 4, '2024-02-07 12:19:45', '2024-02-07 12:19:45'),
(61, 'Rerum et ut et non omnis.', 'Est dolores sed earum.', 'Veritatis quia et aut et.', 7, '2024-02-07 12:19:45', '2024-02-07 12:19:45'),
(62, 'Ut maxime quis a enim.', 'Facilis est aut minus.', 'Error ut nisi voluptas.', 10, '2024-02-07 12:19:45', '2024-02-07 12:19:45'),
(63, 'Assumenda nihil et minus.', 'Enim quod nostrum autem.', 'Beatae at porro veniam.', 3, '2024-02-07 12:19:45', '2024-02-07 12:19:45'),
(64, 'Ut odio voluptas et et.', 'Ut id facilis vel.', 'Quia tempora natus et.', 4, '2024-02-07 12:19:45', '2024-02-07 12:19:45'),
(65, 'Ut quo sit repellat enim.', 'Non omnis ea et.', 'Et qui aut vel sed ut.', 10, '2024-02-07 12:19:45', '2024-02-07 12:19:45'),
(66, 'Sit consectetur ut optio.', 'Aut et id nulla quasi.', 'Nam modi qui in.', 9, '2024-02-07 12:19:45', '2024-02-07 12:19:45'),
(67, 'Perferendis dolore ad et.', 'Soluta tempore totam aut.', 'Nihil a aut nisi facere.', 3, '2024-02-07 12:19:45', '2024-02-07 12:19:45'),
(68, 'Eos est hic ipsum.', 'Cum nihil unde et modi.', 'Amet aut asperiores aut.', 7, '2024-02-07 12:19:45', '2024-02-07 12:19:45'),
(69, 'Quasi molestiae qui aut.', 'Fuga nulla sapiente fuga.', 'Et vel et est aut.', 10, '2024-02-07 12:19:45', '2024-02-07 12:19:45'),
(70, 'Recusandae eos nihil et.', 'Reprehenderit qui nam in.', 'In placeat possimus amet.', 7, '2024-02-07 12:19:45', '2024-02-07 12:19:45'),
(71, 'Rerum laboriosam sit a.', 'Eum vel esse rerum.', 'Id animi ex iure.', 1, '2024-02-07 12:19:45', '2024-02-07 12:19:45'),
(72, 'A vero ut vero dolores.', 'Qui et aut deserunt cum.', 'Ea qui id quo et.', 7, '2024-02-07 12:19:45', '2024-02-07 12:19:45'),
(73, 'Fuga eum commodi sit non.', 'Cumque ex et nobis.', 'In et quae omnis ut.', 6, '2024-02-07 12:19:45', '2024-02-07 12:19:45'),
(74, 'Qui quisquam enim ad aut.', 'Quas nam eveniet rerum.', 'Eius mollitia vel sequi.', 9, '2024-02-07 12:19:45', '2024-02-07 12:19:45'),
(75, 'Et et rerum quam.', 'Modi nam error vel et.', 'Ut a sunt illum omnis.', 5, '2024-02-07 12:19:45', '2024-02-07 12:19:45'),
(76, 'A quo autem minus quia.', 'Quam natus cumque minima.', 'Id molestias error nisi.', 4, '2024-02-07 12:19:45', '2024-02-07 12:19:45'),
(77, 'Velit animi qui vitae et.', 'Quos ab ut et ut.', 'Eum ipsa harum natus qui.', 10, '2024-02-07 12:19:45', '2024-02-07 12:19:45'),
(78, 'Aut eveniet unde aut.', 'Sed velit quo ducimus ea.', 'Vitae id autem nihil.', 4, '2024-02-07 12:19:45', '2024-02-07 12:19:45'),
(79, 'Amet quis in ipsum ullam.', 'Magnam enim quia eum ea.', 'Aut quam expedita sit.', 3, '2024-02-07 12:19:45', '2024-02-07 12:19:45'),
(80, 'In et debitis numquam.', 'Dolor magnam minus ab.', 'Odit sit sunt officiis.', 4, '2024-02-07 12:19:45', '2024-02-07 12:19:45'),
(81, 'Error id sed impedit.', 'Cumque quia et ut qui.', 'Sint ipsam aperiam ut.', 9, '2024-02-07 12:19:45', '2024-02-07 12:19:45'),
(82, 'Odit ipsum porro saepe.', 'Ipsam illo ab ut tempore.', 'Quia enim et velit.', 6, '2024-02-07 12:19:45', '2024-02-07 12:19:45'),
(83, 'Eos iste sit labore eius.', 'Nulla sit eos iste ab.', 'Fuga illo et recusandae.', 8, '2024-02-07 12:19:45', '2024-02-07 12:19:45'),
(84, 'Id minima veritatis fuga.', 'Dolorem eos non ratione.', 'Ea nihil quasi id nobis.', 1, '2024-02-07 12:19:45', '2024-02-07 12:19:45'),
(85, 'Id nam quam et aut qui.', 'Maiores ut sunt culpa.', 'Quod omnis eius expedita.', 4, '2024-02-07 12:19:45', '2024-02-07 12:19:45'),
(86, 'Fugit ipsa quaerat iste.', 'Ipsa sit in dolore sit.', 'Sint et quia autem.', 3, '2024-02-07 12:19:45', '2024-02-07 12:19:45'),
(87, 'Ut at eaque a.', 'Sapiente dolorum aut aut.', 'Cumque vitae eum sint.', 6, '2024-02-07 12:19:45', '2024-02-07 12:19:45'),
(88, 'At non quo ea.', 'Quis vitae aut ex rerum.', 'Et quia sunt illum qui.', 7, '2024-02-07 12:19:45', '2024-02-07 12:19:45'),
(89, 'Quis quia in eaque fugit.', 'At ut esse sed.', 'Unde ea sed explicabo.', 9, '2024-02-07 12:19:45', '2024-02-07 12:19:45'),
(90, 'Qui et ut quas totam.', 'Non sit aut ab autem.', 'Libero laborum sit at.', 2, '2024-02-07 12:19:45', '2024-02-07 12:19:45'),
(91, 'Fuga quod et ipsam non.', 'Ad qui illum dolor animi.', 'Quidem autem ut a ut.', 6, '2024-02-07 12:19:45', '2024-02-07 12:19:45'),
(92, 'Harum rerum quas odit.', 'Sint eum quo rerum.', 'Amet minima et et minus.', 7, '2024-02-07 12:19:45', '2024-02-07 12:19:45'),
(93, 'Ratione sunt enim et et.', 'Est aut natus vel ipsam.', 'Ab ut minima blanditiis.', 9, '2024-02-07 12:19:45', '2024-02-07 12:19:45'),
(94, 'Nisi excepturi neque non.', 'Amet aliquam qui ratione.', 'Et numquam quia facere.', 2, '2024-02-07 12:19:45', '2024-02-07 12:19:45'),
(95, 'Cumque eius et et.', 'Vitae et aut et tenetur.', 'Maiores vel est aut est.', 7, '2024-02-07 12:19:45', '2024-02-07 12:19:45'),
(96, 'Fugiat sunt vel et et.', 'Ipsa sed voluptas dolore.', 'Rem consectetur aut quas.', 10, '2024-02-07 12:19:45', '2024-02-07 12:19:45'),
(97, 'Enim pariatur est eum.', 'Quia saepe ut quia.', 'In ex sit illum velit.', 10, '2024-02-07 12:19:45', '2024-02-07 12:19:45'),
(98, 'Sunt et ut non.', 'Fugit ut fugiat sed.', 'Ducimus sed ut tempore.', 9, '2024-02-07 12:19:45', '2024-02-07 12:19:45'),
(99, 'Sit adipisci aliquam ut.', 'Sed quisquam animi qui.', 'Et aut autem nulla qui.', 1, '2024-02-07 12:19:45', '2024-02-07 12:19:45'),
(100, 'Assumenda eos qui minima.', 'Id velit sunt in et.', 'Ut odio molestiae velit.', 2, '2024-02-07 12:19:45', '2024-02-07 12:19:45'),
(101, 'Et error non ad ut.', 'Qui nobis voluptatem ut.', 'Optio quis vero eum rem.', 7, '2024-02-07 12:19:45', '2024-02-07 12:19:45'),
(102, 'Ab ut in quisquam aut.', 'Velit fugit et impedit.', 'Ducimus sed quos earum.', 5, '2024-02-07 12:19:45', '2024-02-07 12:19:45'),
(103, 'Quod quia omnis saepe.', 'Omnis rem rem facere.', 'Saepe maxime ea ea error.', 8, '2024-02-07 12:19:45', '2024-02-07 12:19:45'),
(104, 'Dolor at ut voluptatum.', 'Vero qui vel et est et.', 'Et at maxime est.', 10, '2024-02-07 12:19:45', '2024-02-07 12:19:45'),
(105, 'Natus omnis deserunt aut.', 'Blanditiis facilis id ut.', 'Et et similique omnis.', 10, '2024-02-07 12:19:45', '2024-02-07 12:19:45'),
(106, 'Facere nisi culpa ab.', 'Laborum explicabo et vel.', 'Porro ab ut libero.', 6, '2024-02-07 12:19:45', '2024-02-07 12:19:45'),
(107, 'Voluptatum neque ut sint.', 'Mollitia ex qui voluptas.', 'Aspernatur qui qui sint.', 2, '2024-02-07 12:19:45', '2024-02-07 12:19:45'),
(108, 'Ex et aut qui quia.', 'Vel iure aspernatur et.', 'Est qui beatae molestiae.', 8, '2024-02-07 12:19:45', '2024-02-07 12:19:45'),
(109, 'Sed aut rem nesciunt.', 'Id odio voluptatem velit.', 'Minus dolores et id.', 10, '2024-02-07 12:19:45', '2024-02-07 12:19:45'),
(110, 'Sed laudantium in minima.', 'Ut et qui nihil.', 'Itaque qui saepe sit a.', 6, '2024-02-07 12:19:45', '2024-02-07 12:19:45'),
(111, 'Est aliquid rerum et vel.', 'Eius aut sit facilis.', 'Iusto magni nemo non.', 10, '2024-02-07 12:19:45', '2024-02-07 12:19:45'),
(112, 'Quas ullam eos qui neque.', 'Sed aut aut maiores quis.', 'Cum autem facilis aut ad.', 5, '2024-02-07 12:19:45', '2024-02-07 12:19:45'),
(113, 'Quaerat et nulla porro.', 'Aut ut pariatur sed.', 'Hic qui et ut sit.', 5, '2024-02-07 12:19:45', '2024-02-07 12:19:45'),
(114, 'Aut alias sapiente iusto.', 'Qui eos accusamus et.', 'Dolore dolorem sunt ut.', 2, '2024-02-07 12:19:45', '2024-02-07 12:19:45'),
(115, 'Animi totam veniam quae.', 'Sapiente nostrum et qui.', 'Rem in placeat maiores.', 3, '2024-02-07 12:19:45', '2024-02-07 12:19:45'),
(116, 'Sint qui aut amet et.', 'Non illo modi ipsam.', 'Qui beatae quos qui in.', 1, '2024-02-07 12:19:45', '2024-02-07 12:19:45'),
(117, 'Quam pariatur sit et.', 'Dolorem eos qui ut omnis.', 'Et aut et id quos.', 6, '2024-02-07 12:19:45', '2024-02-07 12:19:45'),
(118, 'Quas et libero a.', 'Et quis autem dolor qui.', 'Sunt possimus quo cum.', 5, '2024-02-07 12:19:45', '2024-02-07 12:19:45'),
(119, 'Non molestiae non aut.', 'Sunt dolorum non aut ex.', 'Dolore eum odit sit in.', 9, '2024-02-07 12:19:45', '2024-02-07 12:19:45'),
(120, 'Quaerat odio et aut odit.', 'Aut eius sint et quia.', 'Enim qui amet eos sed.', 8, '2024-02-07 12:19:45', '2024-02-07 12:19:45'),
(121, 'Quas vel quaerat et nemo.', 'Rerum odit et alias.', 'Placeat saepe aut veniam.', 9, '2024-02-07 12:19:45', '2024-02-07 12:19:45'),
(122, 'Sunt rerum sed saepe.', 'Quasi et voluptas ab eum.', 'Quidem non et odit.', 4, '2024-02-07 12:19:45', '2024-02-07 12:19:45'),
(123, 'Ut natus iure quia.', 'A deserunt nemo veniam.', 'Voluptas quia at atque.', 5, '2024-02-07 12:19:45', '2024-02-07 12:19:45'),
(124, 'At natus sint voluptas.', 'Ut culpa id ut ab aut.', 'Eius sed tempore fugit.', 7, '2024-02-07 12:19:45', '2024-02-07 12:19:45'),
(125, 'Dicta aut ullam libero.', 'Qui minus magnam illo et.', 'Et sit qui aliquam.', 2, '2024-02-07 12:19:45', '2024-02-07 12:19:45'),
(126, 'Quaerat aut ut est ea.', 'Id a fugiat aliquam.', 'Nemo optio sed ut quia.', 1, '2024-02-07 12:19:45', '2024-02-07 12:19:45'),
(127, 'Nisi ipsa sunt eligendi.', 'Qui ut et qui rerum ut.', 'Doloribus eius sit magni.', 8, '2024-02-07 12:19:45', '2024-02-07 12:19:45'),
(128, 'A in porro aut magni.', 'Occaecati omnis aut eos.', 'Et laborum cum sint eos.', 9, '2024-02-07 12:19:45', '2024-02-07 12:19:45'),
(129, 'Et id cupiditate quo.', 'Voluptatibus est et ut.', 'Rem eos quo ad placeat.', 9, '2024-02-07 12:19:45', '2024-02-07 12:19:45'),
(130, 'Ut vel laboriosam labore.', 'Voluptatem eum qui aut.', 'Dolor velit et enim.', 7, '2024-02-07 12:19:45', '2024-02-07 12:19:45'),
(131, 'Hic ut error delectus.', 'Corrupti eius sunt sit.', 'Sed et nam sit.', 10, '2024-02-07 12:19:45', '2024-02-07 12:19:45'),
(132, 'Alias est hic pariatur.', 'Quae odio qui et in.', 'Cupiditate velit et sit.', 5, '2024-02-07 12:19:45', '2024-02-07 12:19:45'),
(133, 'Enim ut eum est.', 'Est hic delectus modi.', 'Et non sed a fugiat ut.', 2, '2024-02-07 12:19:45', '2024-02-07 12:19:45'),
(134, 'Ea rerum sit aut.', 'Est ad qui architecto.', 'Qui sunt enim et quo.', 6, '2024-02-07 12:19:45', '2024-02-07 12:19:45'),
(135, 'Debitis et placeat quia.', 'Et quia amet non commodi.', 'Nihil dolorem non in sit.', 6, '2024-02-07 12:19:45', '2024-02-07 12:19:45'),
(136, 'Autem enim eaque at rem.', 'Quia tempore sed rerum.', 'Debitis nemo quod vitae.', 4, '2024-02-07 12:19:45', '2024-02-07 12:19:45'),
(137, 'Corporis eveniet non qui.', 'Alias rerum voluptas ea.', 'Qui ipsam voluptatem est.', 7, '2024-02-07 12:19:45', '2024-02-07 12:19:45'),
(138, 'Et et impedit quidem.', 'Magni in nihil sint.', 'Esse et minus libero.', 9, '2024-02-07 12:19:45', '2024-02-07 12:19:45'),
(139, 'Ut aliquam et quisquam a.', 'Aut deleniti magni unde.', 'Fuga vel eos beatae.', 8, '2024-02-07 12:19:45', '2024-02-07 12:19:45'),
(140, 'Quia qui vitae qui.', 'Aut asperiores quas sed.', 'A est eum sit quia.', 10, '2024-02-07 12:19:45', '2024-02-07 12:19:45'),
(141, 'Ut et dolores ratione et.', 'Fugiat eos culpa id in.', 'Sunt minima quia iusto.', 4, '2024-02-07 12:19:45', '2024-02-07 12:19:45'),
(142, 'Ea quis sed esse.', 'Omnis nulla ut non et.', 'Nobis et impedit rem.', 6, '2024-02-07 12:19:45', '2024-02-07 12:19:45'),
(143, 'Hic et qui est.', 'Ducimus fugit aut ut.', 'Atque aut beatae non.', 3, '2024-02-07 12:19:45', '2024-02-07 12:19:45'),
(144, 'A veniam temporibus et.', 'Maxime quo et vero.', 'Ut est est ut provident.', 4, '2024-02-07 12:19:45', '2024-02-07 12:19:45'),
(145, 'Sed adipisci dicta optio.', 'Dolor ratione minus ut.', 'Consectetur sed est quam.', 7, '2024-02-07 12:19:45', '2024-02-07 12:19:45'),
(146, 'Sed et nihil iusto earum.', 'Aut non nobis et harum.', 'Amet ea eos in dolor.', 1, '2024-02-07 12:19:45', '2024-02-07 12:19:45'),
(147, 'Commodi et facere aut.', 'Ipsum cumque quasi alias.', 'In vitae illo aperiam.', 6, '2024-02-07 12:19:45', '2024-02-07 12:19:45'),
(148, 'Esse amet a explicabo.', 'Sint aperiam ea ab et.', 'Aut nesciunt non iure.', 8, '2024-02-07 12:19:45', '2024-02-07 12:19:45'),
(149, 'Aut et sunt nisi ut aut.', 'Et et aspernatur quia id.', 'Vero voluptas aut quos.', 6, '2024-02-07 12:19:45', '2024-02-07 12:19:45'),
(150, 'Est ut quas officiis non.', 'Nisi in aut ducimus ea.', 'Soluta sit fuga velit.', 4, '2024-02-07 12:19:45', '2024-02-07 12:19:45'),
(151, 'Nemo tempore odit ut sit.', 'Illum velit et molestiae.', 'Aut reiciendis vel totam.', 7, '2024-02-07 12:19:45', '2024-02-07 12:19:45'),
(152, 'Illo asperiores vel id.', 'Deleniti eum odit eum.', 'Dolor et aut at animi et.', 1, '2024-02-07 12:19:45', '2024-02-07 12:19:45'),
(153, 'Magni illum est harum ut.', 'Enim odit quos aut nisi.', 'Aut quo aut maxime omnis.', 1, '2024-02-07 12:19:45', '2024-02-07 12:19:45'),
(154, 'Nulla nesciunt rerum sed.', 'Qui dolore et aut aut.', 'Dolorum sed aut quae.', 10, '2024-02-07 12:19:45', '2024-02-07 12:19:45'),
(155, 'Ex nobis quae officiis.', 'Et quia autem itaque.', 'Id fugit qui quod sequi.', 8, '2024-02-07 12:19:45', '2024-02-07 12:19:45'),
(156, 'Ex odio non sunt et.', 'Est voluptas ipsa aut.', 'Ut in animi sit.', 3, '2024-02-07 12:19:45', '2024-02-07 12:19:45'),
(157, 'Est in dolores maxime.', 'Optio aspernatur aut ut.', 'Ea et et eaque sint.', 3, '2024-02-07 12:19:45', '2024-02-07 12:19:45'),
(158, 'Sunt sunt non totam.', 'Dolorem quo soluta quia.', 'Magni voluptas quia quae.', 9, '2024-02-07 12:19:45', '2024-02-07 12:19:45'),
(159, 'In eos eaque et culpa.', 'Possimus odit unde non.', 'Aut inventore ex libero.', 2, '2024-02-07 12:19:45', '2024-02-07 12:19:45'),
(160, 'Omnis labore et nisi et.', 'Iusto et id sed non.', 'Illo ipsam nisi odio.', 3, '2024-02-07 12:19:45', '2024-02-07 12:19:45'),
(161, 'Soluta est quo vitae sit.', 'Unde est minima ut.', 'Sed et fugit libero.', 2, '2024-02-07 12:19:45', '2024-02-07 12:19:45'),
(162, 'Et sunt ut et id qui.', 'Sit sed et ullam ut.', 'Ea ab illum sit sit.', 1, '2024-02-07 12:19:45', '2024-02-07 12:19:45'),
(163, 'Nihil harum neque et rem.', 'Quis quidem nam optio.', 'Eius nemo ut esse eos.', 3, '2024-02-07 12:19:45', '2024-02-07 12:19:45'),
(164, 'Et porro vel sapiente ut.', 'Cumque omnis aut enim.', 'Aut ut ut id sit quas.', 4, '2024-02-07 12:19:45', '2024-02-07 12:19:45'),
(165, 'Aut fuga adipisci quo.', 'Blanditiis earum hic ut.', 'Earum et ut ut earum.', 4, '2024-02-07 12:19:45', '2024-02-07 12:19:45'),
(166, 'Ut doloribus rerum in ea.', 'At eligendi sunt iste ut.', 'Esse ut iste error error.', 9, '2024-02-07 12:19:45', '2024-02-07 12:19:45'),
(167, 'Quidem minus id ad ab et.', 'Facere quis hic fuga eos.', 'Error culpa quam et et.', 3, '2024-02-07 12:19:45', '2024-02-07 12:19:45'),
(168, 'A est est dolorem.', 'Molestias et non qui et.', 'Aut hic nihil ipsa.', 10, '2024-02-07 12:19:45', '2024-02-07 12:19:45'),
(169, 'Quam ipsum quo amet.', 'Rem sit laborum amet.', 'Omnis nam autem et et.', 9, '2024-02-07 12:19:45', '2024-02-07 12:19:45'),
(170, 'Est id iure vel.', 'Ut qui consectetur ab.', 'Aut incidunt nulla nihil.', 1, '2024-02-07 12:19:45', '2024-02-07 12:19:45'),
(171, 'Neque ea vitae qui.', 'Modi et omnis provident.', 'Delectus error ut ab quo.', 5, '2024-02-07 12:19:46', '2024-02-07 12:19:46'),
(172, 'Ex et ut voluptas.', 'Voluptas et vel et saepe.', 'Modi aspernatur unde qui.', 10, '2024-02-07 12:19:46', '2024-02-07 12:19:46'),
(173, 'Et laborum qui rerum.', 'Modi aut iste vel cumque.', 'Qui cumque ea sed.', 5, '2024-02-07 12:19:46', '2024-02-07 12:19:46'),
(174, 'Quidem ad est hic itaque.', 'Ipsa tempore nam qui eos.', 'Iusto ut voluptatem quo.', 6, '2024-02-07 12:19:46', '2024-02-07 12:19:46'),
(175, 'Dolor quod ea id atque.', 'Eos laborum quos quod at.', 'Illo qui sunt rerum eum.', 6, '2024-02-07 12:19:46', '2024-02-07 12:19:46'),
(176, 'Ea in animi repellat aut.', 'Aut ipsum velit eos ut.', 'Vero tenetur eum aperiam.', 3, '2024-02-07 12:19:46', '2024-02-07 12:19:46'),
(177, 'Aut itaque quo veniam a.', 'Et dolores cum voluptas.', 'Dolores et ut ut.', 2, '2024-02-07 12:19:46', '2024-02-07 12:19:46'),
(178, 'Illum quis ea hic odit.', 'Rem odio cupiditate quia.', 'Iure cum incidunt et aut.', 4, '2024-02-07 12:19:46', '2024-02-07 12:19:46'),
(179, 'Ea ipsum vero hic non ut.', 'Et sed eos rerum earum.', 'Facilis natus earum et.', 8, '2024-02-07 12:19:46', '2024-02-07 12:19:46'),
(180, 'Repellat aut est vel.', 'Nulla quis modi et quia.', 'In quis hic doloremque.', 1, '2024-02-07 12:19:46', '2024-02-07 12:19:46'),
(181, 'Iste eveniet aut at hic.', 'Optio aut quia nemo ipsa.', 'Magnam optio harum natus.', 4, '2024-02-07 12:19:46', '2024-02-07 12:19:46'),
(182, 'Optio ea iste nostrum.', 'Et aut ad non incidunt.', 'Velit fugiat sit nulla.', 6, '2024-02-07 12:19:46', '2024-02-07 12:19:46'),
(183, 'Rem minus ex quo.', 'Aut ut voluptatem maxime.', 'Et ea est sit atque qui.', 2, '2024-02-07 12:19:46', '2024-02-07 12:19:46'),
(184, 'Magni aut dicta ea quos.', 'Et nihil aut velit non.', 'Non hic quia ut.', 10, '2024-02-07 12:19:46', '2024-02-07 12:19:46'),
(185, 'Vel unde et soluta.', 'Dolorum et quo iure.', 'Beatae amet quas qui.', 1, '2024-02-07 12:19:46', '2024-02-07 12:19:46'),
(186, 'Maiores vel ut et aut.', 'Est et ea laboriosam.', 'Et sit placeat et est.', 7, '2024-02-07 12:19:46', '2024-02-07 12:19:46'),
(187, 'Nesciunt nostrum ex quis.', 'Sit doloremque et natus.', 'Error ea illo neque sed.', 2, '2024-02-07 12:19:46', '2024-02-07 12:19:46'),
(188, 'Eligendi labore non et.', 'Sint sequi minima quas.', 'In sapiente id aut.', 9, '2024-02-07 12:19:46', '2024-02-07 12:19:46'),
(189, 'Est et non dolorum magni.', 'Quam qui fugit totam.', 'Modi quae quaerat ex.', 1, '2024-02-07 12:19:46', '2024-02-07 12:19:46'),
(190, 'Aut et sed nihil dolorem.', 'Et sint quia ut omnis.', 'Atque sequi aut unde.', 3, '2024-02-07 12:19:46', '2024-02-07 12:19:46'),
(191, 'Error ut ipsum at.', 'Ab laborum ad et a.', 'Aut maiores quasi qui ut.', 7, '2024-02-07 12:19:46', '2024-02-07 12:19:46'),
(192, 'Eum qui quod quaerat ut.', 'Quo error facere dolorem.', 'Rerum quam odit numquam.', 1, '2024-02-07 12:19:46', '2024-02-07 12:19:46'),
(193, 'Nisi iure cumque magni.', 'Totam sit assumenda vero.', 'Nihil quae non est.', 4, '2024-02-07 12:19:46', '2024-02-07 12:19:46'),
(194, 'Eveniet eum omnis enim.', 'Consequatur enim cum sed.', 'Iste iste minus ipsam.', 5, '2024-02-07 12:19:46', '2024-02-07 12:19:46'),
(195, 'Itaque cumque aut qui.', 'Sint aliquam et aut.', 'Delectus ut velit et.', 1, '2024-02-07 12:19:46', '2024-02-07 12:19:46'),
(196, 'Non non aut dicta veniam.', 'Placeat voluptas qui vel.', 'Nobis et nisi minima.', 8, '2024-02-07 12:19:46', '2024-02-07 12:19:46'),
(197, 'Et quo officiis repellat.', 'Sit aut et fugiat.', 'Ad nemo ut sed.', 10, '2024-02-07 12:19:46', '2024-02-07 12:19:46'),
(198, 'Quos blanditiis eos quos.', 'Rerum et nam atque ut.', 'Deleniti dolores et est.', 2, '2024-02-07 12:19:46', '2024-02-07 12:19:46'),
(199, 'Et sequi ut nemo.', 'Aut et soluta eaque.', 'Amet odit nisi excepturi.', 9, '2024-02-07 12:19:46', '2024-02-07 12:19:46'),
(200, 'Quia animi quam corporis.', 'Tempora harum aut magni.', 'Ab qui non id.', 8, '2024-02-07 12:19:46', '2024-02-07 12:19:46'),
(201, 'Quia et autem asperiores.', 'Ut quae tempore vel nisi.', 'Est aut sit ullam quas.', 10, '2024-02-07 12:19:46', '2024-02-07 12:19:46'),
(202, 'Et qui quis velit.', 'Porro quo qui a ratione.', 'Maiores beatae nam nam.', 4, '2024-02-07 12:19:46', '2024-02-07 12:19:46'),
(203, 'Ut qui et vel dolores.', 'Id eos possimus sit.', 'Architecto quod aut iste.', 4, '2024-02-07 12:19:46', '2024-02-07 12:19:46'),
(204, 'Sint id ea quasi id ut.', 'Quo commodi sit qui quia.', 'Aut illum id et earum.', 10, '2024-02-07 12:19:46', '2024-02-07 12:19:46'),
(205, 'Ut et ut aut totam id et.', 'Expedita id quo quis non.', 'Iusto sequi cumque et ut.', 8, '2024-02-07 12:19:46', '2024-02-07 12:19:46'),
(206, 'Omnis ex porro eum aut.', 'Omnis modi et sed et.', 'Expedita rem id aut.', 8, '2024-02-07 12:19:46', '2024-02-07 12:19:46'),
(207, 'Ut dicta qui aliquam.', 'Ullam ut qui nesciunt.', 'Porro eum et sit cum.', 10, '2024-02-07 12:19:46', '2024-02-07 12:19:46'),
(208, 'Qui et et et asperiores.', 'Enim id reprehenderit et.', 'Enim sed ut ut nobis.', 4, '2024-02-07 12:19:46', '2024-02-07 12:19:46'),
(209, 'Quia cupiditate et sit.', 'Non illo libero vero ut.', 'Porro quaerat in est et.', 10, '2024-02-07 12:19:46', '2024-02-07 12:19:46'),
(210, 'Cum aut est rem.', 'Porro error aut sed.', 'Eos autem ut expedita.', 2, '2024-02-07 12:19:46', '2024-02-07 12:19:46'),
(211, 'Amet ea et nobis optio.', 'Qui incidunt quasi et.', 'Aut aut reiciendis ut et.', 4, '2024-02-07 12:19:46', '2024-02-07 12:19:46'),
(212, 'Autem qui est in rerum.', 'Qui enim et occaecati.', 'Et velit ad vel est.', 8, '2024-02-07 12:19:46', '2024-02-07 12:19:46'),
(213, 'Non ea est sit deserunt.', 'Voluptatum sint et et.', 'Minima quo beatae a quia.', 6, '2024-02-07 12:19:46', '2024-02-07 12:19:46'),
(214, 'Aut rerum magni voluptas.', 'Ut dolor et qui aut.', 'Dolor eius nihil ullam.', 4, '2024-02-07 12:19:46', '2024-02-07 12:19:46'),
(215, 'At nisi sit et.', 'Deserunt soluta et illo.', 'Omnis ipsa et aut.', 7, '2024-02-07 12:19:46', '2024-02-07 12:19:46'),
(216, 'Qui qui fugit debitis a.', 'Quasi sit qui temporibus.', 'Hic magni quae quo totam.', 6, '2024-02-07 12:19:46', '2024-02-07 12:19:46'),
(217, 'Hic vel natus dolore.', 'Porro sed ut ut.', 'Odit sed ut sint quam.', 2, '2024-02-07 12:19:46', '2024-02-07 12:19:46'),
(218, 'Fuga ea beatae quod.', 'Aut enim est eos.', 'Et ut sequi aut.', 8, '2024-02-07 12:19:46', '2024-02-07 12:19:46'),
(219, 'Voluptas ea nisi et id.', 'Vitae sunt architecto et.', 'Ex et quo qui nobis.', 9, '2024-02-07 12:19:46', '2024-02-07 12:19:46'),
(220, 'Aliquam et dolorem cum.', 'Dignissimos in qui et.', 'Sunt tenetur sequi et.', 6, '2024-02-07 12:19:46', '2024-02-07 12:19:46'),
(221, 'Dolorem in qui vel minus.', 'Et eos et est.', 'Doloribus ut rerum fugit.', 4, '2024-02-07 12:19:46', '2024-02-07 12:19:46'),
(222, 'Quis omnis in sed.', 'Ad unde cumque nam est.', 'Vel non soluta qui.', 6, '2024-02-07 12:19:46', '2024-02-07 12:19:46'),
(223, 'Vero est nihil at.', 'Rerum natus ea eos quia.', 'Nihil quod quia possimus.', 6, '2024-02-07 12:19:46', '2024-02-07 12:19:46'),
(224, 'Sed animi culpa rerum id.', 'Ea atque nihil ab.', 'Quia omnis eligendi qui.', 7, '2024-02-07 12:19:46', '2024-02-07 12:19:46'),
(225, 'Harum non at vero.', 'Odio iste quis quas quos.', 'Et non est quia.', 9, '2024-02-07 12:19:46', '2024-02-07 12:19:46'),
(226, 'Placeat sed et sed saepe.', 'Facere est itaque natus.', 'Delectus qui ex et autem.', 8, '2024-02-07 12:19:46', '2024-02-07 12:19:46'),
(227, 'Sint totam dolores in.', 'Maxime non aut aut.', 'Laborum saepe rerum sit.', 8, '2024-02-07 12:19:46', '2024-02-07 12:19:46'),
(228, 'Enim in quia rerum eos.', 'Fuga soluta ut non.', 'Quia et a quas.', 3, '2024-02-07 12:19:46', '2024-02-07 12:19:46'),
(229, 'Nihil et qui sit.', 'Sed fugit magnam nihil.', 'Ipsa fuga qui ut.', 4, '2024-02-07 12:19:46', '2024-02-07 12:19:46'),
(230, 'Ut esse nihil quod nobis.', 'Eum quas vel eos.', 'Animi ut quos optio ea.', 7, '2024-02-07 12:19:46', '2024-02-07 12:19:46'),
(231, 'At est quibusdam quod.', 'Ex aut aliquid natus.', 'In nemo in id possimus.', 2, '2024-02-07 12:19:46', '2024-02-07 12:19:46'),
(232, 'Optio dicta dolor sit.', 'Ullam aspernatur in fuga.', 'Iusto ea eveniet laborum.', 2, '2024-02-07 12:19:46', '2024-02-07 12:19:46'),
(233, 'Est aut fugiat et et.', 'Est non cumque assumenda.', 'Sint qui sequi in.', 2, '2024-02-07 12:19:46', '2024-02-07 12:19:46'),
(234, 'Quam iusto sed id a.', 'Id est cumque ut quia.', 'Ut quia est ex aut.', 9, '2024-02-07 12:19:46', '2024-02-07 12:19:46'),
(235, 'Nobis at autem soluta ab.', 'Iure ut nisi illum quas.', 'Vel et et vitae quis.', 4, '2024-02-07 12:19:46', '2024-02-07 12:19:46'),
(236, 'Sed ipsa velit libero et.', 'Eos esse nostrum qui est.', 'Dolores unde qui qui et.', 7, '2024-02-07 12:19:46', '2024-02-07 12:19:46'),
(237, 'Ea earum sit nostrum.', 'Qui et est ut in beatae.', 'Quia rerum id et dolorum.', 7, '2024-02-07 12:19:46', '2024-02-07 12:19:46'),
(238, 'Nemo sunt voluptates sit.', 'Et voluptas earum eum.', 'Deleniti et totam qui ex.', 1, '2024-02-07 12:19:46', '2024-02-07 12:19:46'),
(239, 'Quasi vel fugiat quo.', 'Quas autem molestias est.', 'Est porro rem in.', 1, '2024-02-07 12:19:46', '2024-02-07 12:19:46'),
(240, 'Sit eum quas est.', 'Est beatae deserunt eius.', 'Sit qui nemo est.', 10, '2024-02-07 12:19:46', '2024-02-07 12:19:46'),
(241, 'Quia commodi nemo aut et.', 'Cumque nihil vitae ipsam.', 'Iusto aut non qui.', 7, '2024-02-07 12:19:46', '2024-02-07 12:19:46'),
(242, 'Quo nam culpa ut magnam.', 'Est a eum ex rerum enim.', 'Enim sapiente omnis cum.', 5, '2024-02-07 12:19:46', '2024-02-07 12:19:46'),
(243, 'Est ea ut est nesciunt.', 'Qui id in possimus rerum.', 'Qui qui at sunt aut iure.', 10, '2024-02-07 12:19:46', '2024-02-07 12:19:46'),
(244, 'Et eum fugit cupiditate.', 'Hic in qui ea quae.', 'Officiis dolores ut nemo.', 6, '2024-02-07 12:19:46', '2024-02-07 12:19:46'),
(245, 'Et sint qui eum.', 'Minima ut et error.', 'Autem totam sit sint eos.', 1, '2024-02-07 12:19:46', '2024-02-07 12:19:46'),
(246, 'Ea rerum enim veniam.', 'Et commodi at blanditiis.', 'Magni magni tempore iure.', 8, '2024-02-07 12:19:46', '2024-02-07 12:19:46'),
(247, 'Quis ipsum id a pariatur.', 'Aut et iusto fugiat.', 'Error ea ex ea in quo.', 6, '2024-02-07 12:19:46', '2024-02-07 12:19:46'),
(248, 'Commodi aut sed dolore.', 'Rerum ut velit in illum.', 'Enim et quaerat non ab.', 7, '2024-02-07 12:19:46', '2024-02-07 12:19:46'),
(249, 'Qui odit ut autem.', 'Odio unde sint aut.', 'Sequi aut et at.', 8, '2024-02-07 12:19:46', '2024-02-07 12:19:46'),
(250, 'Voluptatum eius et et.', 'Omnis ex quod enim dolor.', 'Fuga aut vel sit ipsum.', 10, '2024-02-07 12:19:46', '2024-02-07 12:19:46'),
(251, 'Ex qui autem id.', 'Et ab dolore quas.', 'Eum placeat placeat et.', 1, '2024-02-07 12:19:46', '2024-02-07 12:19:46'),
(252, 'Sit libero quo dolorem.', 'Illum ea qui similique.', 'In ut et aut.', 8, '2024-02-07 12:19:46', '2024-02-07 12:19:46'),
(253, 'In praesentium ad animi.', 'Aut pariatur qui est.', 'Non tempore ea ea.', 3, '2024-02-07 12:19:46', '2024-02-07 12:19:46'),
(254, 'Ut est neque quos qui.', 'Rerum ea est enim.', 'Quam sit non corrupti et.', 7, '2024-02-07 12:19:46', '2024-02-07 12:19:46'),
(255, 'Et a aut veritatis.', 'Sint minus beatae velit.', 'Enim esse alias at.', 3, '2024-02-07 12:19:46', '2024-02-07 12:19:46'),
(256, 'Id quo excepturi et.', 'Est rem non laborum ut.', 'Iusto et id eaque sunt.', 9, '2024-02-07 12:19:46', '2024-02-07 12:19:46'),
(257, 'Odit laboriosam et iusto.', 'Quas quo aut maxime.', 'Ipsum iusto ut est dolor.', 2, '2024-02-07 12:19:46', '2024-02-07 12:19:46'),
(258, 'Ut rerum quasi a aut eos.', 'Sit id ut magni qui.', 'Cumque id nam et.', 6, '2024-02-07 12:19:46', '2024-02-07 12:19:46'),
(259, 'Omnis autem quis nobis.', 'Est natus cum distinctio.', 'Non totam vitae aut sunt.', 4, '2024-02-07 12:19:46', '2024-02-07 12:19:46'),
(260, 'Sed ea qui qui labore.', 'Ab est eos sit repellat.', 'Unde est quo laboriosam.', 2, '2024-02-07 12:19:46', '2024-02-07 12:19:46'),
(261, 'Qui non ea ea id non.', 'Natus maiores sequi aut.', 'Et quasi sint ducimus ea.', 1, '2024-02-07 12:19:46', '2024-02-07 12:19:46'),
(262, 'Saepe veritatis ab id.', 'Et molestias eaque et.', 'A ratione earum id ipsa.', 7, '2024-02-07 12:19:46', '2024-02-07 12:19:46'),
(263, 'Ullam enim tempora ut.', 'Aut nam aut et minima.', 'At quod et est eius.', 10, '2024-02-07 12:19:46', '2024-02-07 12:19:46'),
(264, 'Est officiis a nesciunt.', 'Commodi sit tempore ut.', 'Cumque et id vel.', 6, '2024-02-07 12:19:46', '2024-02-07 12:19:46'),
(265, 'Aliquid eum ut in est.', 'Aperiam laborum qui ut.', 'Voluptate qui ut dolorum.', 5, '2024-02-07 12:19:46', '2024-02-07 12:19:46'),
(266, 'Id neque sit facere.', 'Nobis ullam id sit ad.', 'Ipsum est et quo quia.', 6, '2024-02-07 12:19:46', '2024-02-07 12:19:46'),
(267, 'Eum ut ut itaque.', 'Ut eum sunt expedita.', 'Quos illo magnam est id.', 6, '2024-02-07 12:19:46', '2024-02-07 12:19:46'),
(268, 'Est cum ab sint.', 'Et deleniti eos soluta.', 'Ut aut vero sunt.', 7, '2024-02-07 12:19:46', '2024-02-07 12:19:46'),
(269, 'Odit id quia assumenda.', 'Cum aut qui at et.', 'Aut accusamus ut aut id.', 4, '2024-02-07 12:19:46', '2024-02-07 12:19:46'),
(270, 'Placeat autem et sit.', 'Vero et mollitia animi.', 'Non non vel autem qui.', 6, '2024-02-07 12:19:46', '2024-02-07 12:19:46'),
(271, 'Rerum alias vero ut.', 'Dolores quia in aliquid.', 'Enim qui nisi autem id.', 10, '2024-02-07 12:19:46', '2024-02-07 12:19:46'),
(272, 'Quod ut animi fugit quod.', 'Numquam a qui quia nihil.', 'Quia rerum debitis quam.', 10, '2024-02-07 12:19:46', '2024-02-07 12:19:46'),
(273, 'Velit quod commodi saepe.', 'Veniam rerum aut et.', 'Et et non dolor velit.', 5, '2024-02-07 12:19:46', '2024-02-07 12:19:46'),
(274, 'Enim est ut atque odit.', 'Eos eveniet quia sed.', 'Quo non eius ut quasi.', 8, '2024-02-07 12:19:46', '2024-02-07 12:19:46'),
(275, 'Id mollitia et aut et.', 'Iste ducimus repellat ab.', 'Dolor et et harum totam.', 2, '2024-02-07 12:19:46', '2024-02-07 12:19:46'),
(276, 'Ex aut libero unde.', 'Ad aut est quia iure ex.', 'Et placeat sunt et.', 2, '2024-02-07 12:19:46', '2024-02-07 12:19:46'),
(277, 'Occaecati ab modi ad et.', 'Cum ut dolor aut tempora.', 'Laborum et ullam magnam.', 6, '2024-02-07 12:19:46', '2024-02-07 12:19:46'),
(278, 'Sed eveniet aut quas.', 'Doloremque hic et illum.', 'Et quo dolor rerum.', 6, '2024-02-07 12:19:46', '2024-02-07 12:19:46'),
(279, 'Iusto laborum itaque quo.', 'Vel aut qui laboriosam.', 'Odit aut quos non ut.', 10, '2024-02-07 12:19:46', '2024-02-07 12:19:46'),
(280, 'Totam non quia et libero.', 'Et quia non voluptas.', 'Voluptate aut est eius.', 6, '2024-02-07 12:19:46', '2024-02-07 12:19:46'),
(281, 'Hic ut dolorem aut vero.', 'Similique sit minima ut.', 'Et beatae sed sed quasi.', 10, '2024-02-07 12:19:46', '2024-02-07 12:19:46'),
(282, 'In in laudantium cum aut.', 'Ut maiores neque eius.', 'Maxime et ut facilis.', 5, '2024-02-07 12:19:46', '2024-02-07 12:19:46'),
(283, 'Omnis omnis non ullam.', 'Esse sit enim aliquid.', 'At quis unde dolorum qui.', 3, '2024-02-07 12:19:46', '2024-02-07 12:19:46'),
(284, 'Accusamus soluta et enim.', 'Adipisci sint in omnis.', 'Quae ea rem amet non non.', 2, '2024-02-07 12:19:46', '2024-02-07 12:19:46'),
(285, 'Ut sed est quisquam sunt.', 'Praesentium eum ut eos.', 'Est nihil ad aliquid.', 1, '2024-02-07 12:19:46', '2024-02-07 12:19:46'),
(286, 'Eaque eius nobis omnis.', 'Cum voluptas fugiat id.', 'Sed fuga veritatis in.', 6, '2024-02-07 12:19:46', '2024-02-07 12:19:46'),
(287, 'Facere non delectus aut.', 'Laudantium nemo quos non.', 'Non tempora et doloribus.', 4, '2024-02-07 12:19:46', '2024-02-07 12:19:46'),
(288, 'Quia cumque illum et non.', 'Eos quas quo neque.', 'Et quis atque qui nulla.', 5, '2024-02-07 12:19:46', '2024-02-07 12:19:46'),
(289, 'Minima et et non aut.', 'Officia quis amet quos.', 'Iure voluptatum sunt sit.', 1, '2024-02-07 12:19:46', '2024-02-07 12:19:46'),
(290, 'Et alias temporibus quia.', 'Doloribus nihil vero ut.', 'A optio molestiae non.', 10, '2024-02-07 12:19:46', '2024-02-07 12:19:46'),
(291, 'Et officia velit omnis.', 'Quia veritatis eaque sit.', 'Quia quidem deleniti et.', 5, '2024-02-07 12:19:46', '2024-02-07 12:19:46'),
(292, 'Dolor non ad rerum.', 'Earum facere quo est rem.', 'Et impedit et est autem.', 4, '2024-02-07 12:19:46', '2024-02-07 12:19:46'),
(293, 'Quaerat veniam amet et.', 'Quo nostrum iure nam.', 'Aut aut veniam sapiente.', 1, '2024-02-07 12:19:46', '2024-02-07 12:19:46'),
(294, 'Ut quaerat libero soluta.', 'Porro voluptatem sed et.', 'Iste eum fugit ut natus.', 7, '2024-02-07 12:19:46', '2024-02-07 12:19:46'),
(295, 'Enim minima in sunt quia.', 'Quia et sit ullam.', 'Iure nam deserunt et et.', 8, '2024-02-07 12:19:46', '2024-02-07 12:19:46'),
(296, 'Laudantium et fuga enim.', 'Unde natus non aut eaque.', 'Magni vel ea repellat.', 10, '2024-02-07 12:19:46', '2024-02-07 12:19:46'),
(297, 'Hic nulla quae id nihil.', 'Et sed ea non occaecati.', 'Sit omnis ut odio et et.', 2, '2024-02-07 12:19:46', '2024-02-07 12:19:46'),
(298, 'Et qui a quibusdam eos.', 'Quo modi nihil et quis.', 'Omnis quisquam aut est.', 7, '2024-02-07 12:19:46', '2024-02-07 12:19:46'),
(299, 'Aperiam aut aut quos.', 'Unde ab voluptate ad qui.', 'Rem sed cupiditate neque.', 9, '2024-02-07 12:19:46', '2024-02-07 12:19:46'),
(300, 'Ut dolore dolor vel fuga.', 'Amet hic quo ut magni.', 'Magnam aut voluptas odit.', 6, '2024-02-07 12:19:46', '2024-02-07 12:19:46');

-- --------------------------------------------------------

--
-- Table structure for table `suppliers`
--

CREATE TABLE `suppliers` (
  `id` bigint(20) UNSIGNED NOT NULL,
  `company_name` varchar(255) NOT NULL,
  `contact` varchar(255) NOT NULL,
  `city` varchar(255) NOT NULL,
  `state` varchar(255) NOT NULL,
  `country` varchar(255) NOT NULL,
  `user_id` bigint(20) UNSIGNED NOT NULL,
  `created_at` timestamp NULL DEFAULT NULL,
  `updated_at` timestamp NULL DEFAULT NULL
) ENGINE=InnoDB DEFAULT CHARSET=utf8mb4 COLLATE=utf8mb4_unicode_ci;

--
-- Dumping data for table `suppliers`
--

INSERT INTO `suppliers` (`id`, `company_name`, `contact`, `city`, `state`, `country`, `user_id`, `created_at`, `updated_at`) VALUES
(1, 'Et non consequatur dicta.', 'Est quis fuga sint.', 'Autem qui nisi nemo.', 'Sed ducimus quas et et.', 'Nobis vel ab magnam non.', 6, '2024-02-07 12:19:29', '2024-02-07 12:19:29'),
(2, 'Sint sed id dolorem in.', 'Sunt rem quo eaque.', 'Odio ut quaerat ut.', 'Qui in et ratione est.', 'Voluptas eos in iusto in.', 3, '2024-02-07 12:19:29', '2024-02-07 12:19:29'),
(3, 'Ut sint illo minus quis.', 'Beatae non nulla sed.', 'Quae nam non quia.', 'Ea magni et ipsa nihil.', 'Commodi ut et eaque eius.', 10, '2024-02-07 12:19:29', '2024-02-07 12:19:29'),
(4, 'Rerum enim commodi et et.', 'In odio et ut sed.', 'In eos eum minus aut.', 'Odio quia sunt ipsam.', 'Rem at et tenetur.', 2, '2024-02-07 12:19:29', '2024-02-07 12:19:29'),
(5, 'Assumenda non animi ea.', 'Et id et totam natus.', 'Nobis aut cum ex quam.', 'Possimus quo illum fugit.', 'Autem porro aut dolor.', 3, '2024-02-07 12:19:29', '2024-02-07 12:19:29'),
(6, 'Alias ut fugit aut aut.', 'Eveniet beatae et eius.', 'Sunt qui minus mollitia.', 'Animi quam et earum.', 'Rerum quia velit maiores.', 9, '2024-02-07 12:19:29', '2024-02-07 12:19:29'),
(7, 'Ut non earum in mollitia.', 'Excepturi non sed et ea.', 'Ut qui nesciunt deserunt.', 'Qui nam vel temporibus.', 'Nobis eius iure id.', 3, '2024-02-07 12:19:29', '2024-02-07 12:19:29'),
(8, 'Quam vel ex et labore.', 'Et et vero magni qui.', 'Quo ad assumenda ex quis.', 'Et saepe autem et nulla.', 'Laudantium at ab eius.', 2, '2024-02-07 12:19:29', '2024-02-07 12:19:29'),
(9, 'Vel totam quas vel.', 'Qui qui eos et sed vero.', 'Sed qui nulla cumque vel.', 'Et ut et ex culpa.', 'Est aliquid ut molestiae.', 10, '2024-02-07 12:19:29', '2024-02-07 12:19:29'),
(10, 'Iusto sit et et.', 'Aspernatur aut eum aut.', 'Et et eos animi.', 'Ipsa consequatur a sit.', 'Non quia sit harum.', 6, '2024-02-07 12:19:29', '2024-02-07 12:19:29');

-- --------------------------------------------------------

--
-- Table structure for table `supplier_payments`
--

CREATE TABLE `supplier_payments` (
  `id` bigint(20) UNSIGNED NOT NULL,
  `payment_amount` varchar(255) NOT NULL,
  `payment_method` varchar(255) NOT NULL,
  `supplier_id` bigint(20) UNSIGNED NOT NULL,
  `user_id` bigint(20) UNSIGNED NOT NULL,
  `created_at` timestamp NULL DEFAULT NULL,
  `updated_at` timestamp NULL DEFAULT NULL
) ENGINE=InnoDB DEFAULT CHARSET=utf8mb4 COLLATE=utf8mb4_unicode_ci;

--
-- Dumping data for table `supplier_payments`
--

INSERT INTO `supplier_payments` (`id`, `payment_amount`, `payment_method`, `supplier_id`, `user_id`, `created_at`, `updated_at`) VALUES
(1, '284.1', 'American Express', 5, 2, '2024-02-07 12:19:29', '2024-02-07 12:19:29'),
(2, '222.99', 'MasterCard', 6, 7, '2024-02-07 12:19:29', '2024-02-07 12:19:29'),
(3, '393.45', 'Visa', 3, 7, '2024-02-07 12:19:29', '2024-02-07 12:19:29'),
(4, '571.75', 'MasterCard', 4, 9, '2024-02-07 12:19:29', '2024-02-07 12:19:29'),
(5, '357.06', 'MasterCard', 5, 7, '2024-02-07 12:19:29', '2024-02-07 12:19:29'),
(6, '142.58', 'MasterCard', 1, 8, '2024-02-07 12:19:29', '2024-02-07 12:19:29'),
(7, '340.97', 'Visa Retired', 4, 1, '2024-02-07 12:19:29', '2024-02-07 12:19:29'),
(8, '189.07', 'Visa', 3, 8, '2024-02-07 12:19:29', '2024-02-07 12:19:29'),
(9, '372.96', 'Discover Card', 5, 4, '2024-02-07 12:19:29', '2024-02-07 12:19:29'),
(10, '190.94', 'JCB', 6, 3, '2024-02-07 12:19:29', '2024-02-07 12:19:29'),
(11, '419.02', 'Visa', 2, 4, '2024-02-07 12:19:29', '2024-02-07 12:19:29'),
(12, '473.86', 'American Express', 1, 7, '2024-02-07 12:19:29', '2024-02-07 12:19:29'),
(13, '328.93', 'MasterCard', 2, 4, '2024-02-07 12:19:29', '2024-02-07 12:19:29'),
(14, '270.83', 'Visa', 6, 3, '2024-02-07 12:19:29', '2024-02-07 12:19:29'),
(15, '537.96', 'Visa', 2, 8, '2024-02-07 12:19:29', '2024-02-07 12:19:29'),
(16, '548.56', 'American Express', 6, 9, '2024-02-07 12:19:29', '2024-02-07 12:19:29'),
(17, '429.07', 'MasterCard', 6, 7, '2024-02-07 12:19:29', '2024-02-07 12:19:29'),
(18, '407.27', 'MasterCard', 1, 9, '2024-02-07 12:19:29', '2024-02-07 12:19:29'),
(19, '464.21', 'MasterCard', 4, 10, '2024-02-07 12:19:29', '2024-02-07 12:19:29'),
(20, '222.95', 'MasterCard', 1, 9, '2024-02-07 12:19:29', '2024-02-07 12:19:29'),
(21, '263.3', 'Discover Card', 4, 10, '2024-02-07 12:19:29', '2024-02-07 12:19:29'),
(22, '562.33', 'Visa', 1, 8, '2024-02-07 12:19:29', '2024-02-07 12:19:29'),
(23, '454.2', 'MasterCard', 6, 4, '2024-02-07 12:19:29', '2024-02-07 12:19:29'),
(24, '434.21', 'Visa Retired', 1, 3, '2024-02-07 12:19:29', '2024-02-07 12:19:29'),
(25, '459.25', 'MasterCard', 6, 9, '2024-02-07 12:19:29', '2024-02-07 12:19:29'),
(26, '492.86', 'Visa', 6, 1, '2024-02-07 12:19:29', '2024-02-07 12:19:29'),
(27, '569.8', 'Visa', 3, 1, '2024-02-07 12:19:29', '2024-02-07 12:19:29'),
(28, '329.54', 'Visa', 3, 8, '2024-02-07 12:19:29', '2024-02-07 12:19:29'),
(29, '269.48', 'Visa', 3, 3, '2024-02-07 12:19:29', '2024-02-07 12:19:29'),
(30, '383.26', 'American Express', 4, 2, '2024-02-07 12:19:29', '2024-02-07 12:19:29'),
(31, '206.18', 'MasterCard', 2, 5, '2024-02-07 12:19:29', '2024-02-07 12:19:29'),
(32, '316.04', 'JCB', 3, 2, '2024-02-07 12:19:29', '2024-02-07 12:19:29'),
(33, '157', 'Discover Card', 4, 10, '2024-02-07 12:19:29', '2024-02-07 12:19:29'),
(34, '301.9', 'JCB', 4, 3, '2024-02-07 12:19:29', '2024-02-07 12:19:29'),
(35, '164.35', 'Visa', 4, 8, '2024-02-07 12:19:29', '2024-02-07 12:19:29'),
(36, '251.61', 'MasterCard', 1, 5, '2024-02-07 12:19:29', '2024-02-07 12:19:29'),
(37, '208.62', 'MasterCard', 3, 7, '2024-02-07 12:19:29', '2024-02-07 12:19:29'),
(38, '411.34', 'MasterCard', 5, 6, '2024-02-07 12:19:29', '2024-02-07 12:19:29'),
(39, '173.37', 'Visa', 1, 3, '2024-02-07 12:19:29', '2024-02-07 12:19:29'),
(40, '203.65', 'MasterCard', 3, 8, '2024-02-07 12:19:29', '2024-02-07 12:19:29'),
(41, '256.15', 'MasterCard', 3, 6, '2024-02-07 12:19:29', '2024-02-07 12:19:29'),
(42, '209.6', 'Visa', 6, 4, '2024-02-07 12:19:29', '2024-02-07 12:19:29'),
(43, '539.05', 'MasterCard', 4, 1, '2024-02-07 12:19:29', '2024-02-07 12:19:29'),
(44, '540.23', 'Discover Card', 5, 10, '2024-02-07 12:19:29', '2024-02-07 12:19:29'),
(45, '161.05', 'Visa', 1, 4, '2024-02-07 12:19:29', '2024-02-07 12:19:29'),
(46, '263.04', 'Visa Retired', 6, 3, '2024-02-07 12:19:29', '2024-02-07 12:19:29'),
(47, '228.24', 'MasterCard', 6, 10, '2024-02-07 12:19:29', '2024-02-07 12:19:29'),
(48, '559.64', 'MasterCard', 5, 7, '2024-02-07 12:19:29', '2024-02-07 12:19:29'),
(49, '427.48', 'Visa', 3, 10, '2024-02-07 12:19:29', '2024-02-07 12:19:29'),
(50, '394.1', 'Discover Card', 1, 10, '2024-02-07 12:19:29', '2024-02-07 12:19:29'),
(51, '457.53', 'Visa', 4, 7, '2024-02-07 12:19:29', '2024-02-07 12:19:29'),
(52, '315.15', 'Discover Card', 2, 10, '2024-02-07 12:19:29', '2024-02-07 12:19:29'),
(53, '479.89', 'Visa', 6, 10, '2024-02-07 12:19:29', '2024-02-07 12:19:29'),
(54, '514.44', 'MasterCard', 4, 10, '2024-02-07 12:19:29', '2024-02-07 12:19:29'),
(55, '509.59', 'Discover Card', 3, 9, '2024-02-07 12:19:29', '2024-02-07 12:19:29'),
(56, '570.76', 'Visa', 2, 1, '2024-02-07 12:19:29', '2024-02-07 12:19:29'),
(57, '138.18', 'American Express', 6, 7, '2024-02-07 12:19:29', '2024-02-07 12:19:29'),
(58, '130.98', 'Visa', 6, 5, '2024-02-07 12:19:29', '2024-02-07 12:19:29'),
(59, '360.55', 'Visa Retired', 6, 5, '2024-02-07 12:19:29', '2024-02-07 12:19:29'),
(60, '323.9', 'MasterCard', 1, 3, '2024-02-07 12:19:29', '2024-02-07 12:19:29'),
(61, '139.25', 'Visa', 4, 3, '2024-02-07 12:19:29', '2024-02-07 12:19:29'),
(62, '287.72', 'American Express', 1, 2, '2024-02-07 12:19:29', '2024-02-07 12:19:29'),
(63, '289.73', 'Visa', 3, 6, '2024-02-07 12:19:29', '2024-02-07 12:19:29'),
(64, '484.65', 'Visa Retired', 2, 5, '2024-02-07 12:19:29', '2024-02-07 12:19:29'),
(65, '449.95', 'Visa', 2, 8, '2024-02-07 12:19:29', '2024-02-07 12:19:29'),
(66, '559.77', 'Visa Retired', 6, 1, '2024-02-07 12:19:29', '2024-02-07 12:19:29'),
(67, '235.53', 'Visa', 5, 2, '2024-02-07 12:19:29', '2024-02-07 12:19:29'),
(68, '269.17', 'Visa', 1, 2, '2024-02-07 12:19:29', '2024-02-07 12:19:29'),
(69, '143.22', 'MasterCard', 4, 5, '2024-02-07 12:19:29', '2024-02-07 12:19:29'),
(70, '535.03', 'Visa', 6, 7, '2024-02-07 12:19:29', '2024-02-07 12:19:29'),
(71, '425', 'MasterCard', 3, 4, '2024-02-07 12:19:29', '2024-02-07 12:19:29'),
(72, '562.36', 'JCB', 2, 5, '2024-02-07 12:19:29', '2024-02-07 12:19:29'),
(73, '546.47', 'MasterCard', 2, 3, '2024-02-07 12:19:29', '2024-02-07 12:19:29'),
(74, '493.53', 'Visa', 2, 6, '2024-02-07 12:19:29', '2024-02-07 12:19:29'),
(75, '554.39', 'MasterCard', 5, 2, '2024-02-07 12:19:29', '2024-02-07 12:19:29'),
(76, '323.57', 'American Express', 1, 1, '2024-02-07 12:19:29', '2024-02-07 12:19:29'),
(77, '230.36', 'Visa', 2, 10, '2024-02-07 12:19:29', '2024-02-07 12:19:29'),
(78, '464.59', 'MasterCard', 1, 1, '2024-02-07 12:19:29', '2024-02-07 12:19:29'),
(79, '251.59', 'Visa', 3, 5, '2024-02-07 12:19:29', '2024-02-07 12:19:29'),
(80, '232', 'Visa', 1, 4, '2024-02-07 12:19:29', '2024-02-07 12:19:29'),
(81, '453.55', 'Discover Card', 5, 3, '2024-02-07 12:19:29', '2024-02-07 12:19:29'),
(82, '557.82', 'Visa', 4, 8, '2024-02-07 12:19:29', '2024-02-07 12:19:29'),
(83, '542.02', 'MasterCard', 5, 3, '2024-02-07 12:19:29', '2024-02-07 12:19:29'),
(84, '115.94', 'Visa', 1, 2, '2024-02-07 12:19:29', '2024-02-07 12:19:29'),
(85, '156.04', 'Visa', 5, 9, '2024-02-07 12:19:29', '2024-02-07 12:19:29'),
(86, '477.34', 'JCB', 1, 10, '2024-02-07 12:19:29', '2024-02-07 12:19:29'),
(87, '478.45', 'Discover Card', 1, 3, '2024-02-07 12:19:29', '2024-02-07 12:19:29'),
(88, '161.92', 'Visa', 5, 8, '2024-02-07 12:19:29', '2024-02-07 12:19:29'),
(89, '447.13', 'Visa', 4, 6, '2024-02-07 12:19:29', '2024-02-07 12:19:29'),
(90, '198.98', 'American Express', 5, 6, '2024-02-07 12:19:29', '2024-02-07 12:19:29'),
(91, '341.15', 'MasterCard', 3, 6, '2024-02-07 12:19:29', '2024-02-07 12:19:29'),
(92, '276.92', 'MasterCard', 6, 7, '2024-02-07 12:19:29', '2024-02-07 12:19:29'),
(93, '177.6', 'MasterCard', 4, 8, '2024-02-07 12:19:29', '2024-02-07 12:19:29'),
(94, '169.92', 'Visa', 2, 1, '2024-02-07 12:19:29', '2024-02-07 12:19:29'),
(95, '295.86', 'Visa', 4, 1, '2024-02-07 12:19:29', '2024-02-07 12:19:29'),
(96, '144.57', 'Visa', 3, 9, '2024-02-07 12:19:29', '2024-02-07 12:19:29'),
(97, '240.62', 'MasterCard', 1, 3, '2024-02-07 12:19:29', '2024-02-07 12:19:29'),
(98, '578.18', 'Discover Card', 6, 2, '2024-02-07 12:19:29', '2024-02-07 12:19:29'),
(99, '145.28', 'Visa', 5, 1, '2024-02-07 12:19:29', '2024-02-07 12:19:29'),
(100, '458.29', 'Visa', 4, 7, '2024-02-07 12:19:29', '2024-02-07 12:19:29');

-- --------------------------------------------------------

--
-- Table structure for table `users`
--

CREATE TABLE `users` (
  `id` bigint(20) UNSIGNED NOT NULL,
  `name` varchar(255) NOT NULL,
  `email` varchar(255) NOT NULL,
  `date_of_birth` date DEFAULT NULL,
  `role` varchar(255) DEFAULT NULL,
  `email_verified_at` timestamp NULL DEFAULT NULL,
  `password` varchar(255) NOT NULL,
  `remember_token` varchar(100) DEFAULT NULL,
  `created_at` timestamp NULL DEFAULT NULL,
  `updated_at` timestamp NULL DEFAULT NULL
) ENGINE=InnoDB DEFAULT CHARSET=utf8mb4 COLLATE=utf8mb4_unicode_ci;

--
-- Dumping data for table `users`
--

INSERT INTO `users` (`id`, `name`, `email`, `date_of_birth`, `role`, `email_verified_at`, `password`, `remember_token`, `created_at`, `updated_at`) VALUES
(1, 'Test User', 'test@test.com', NULL, 'admin', '2024-02-07 12:19:28', '$2y$10$92IXUNpkjO0rOQ5byMi.Ye4oKoEa3Ro9llC/.og/at2.uheWG/igi', 'RYgti5gogx', '2024-02-07 12:19:29', '2024-02-07 12:19:29'),
(2, 'Mariam Heller', 'nienow.fernando@example.org', NULL, NULL, '2024-02-07 12:19:28', '$2y$10$92IXUNpkjO0rOQ5byMi.Ye4oKoEa3Ro9llC/.og/at2.uheWG/igi', 'lg6jgIkg14', '2024-02-07 12:19:29', '2024-02-07 12:19:29'),
(3, 'Sammy Hand', 'crona.jammie@example.net', NULL, NULL, '2024-02-07 12:19:28', '$2y$10$92IXUNpkjO0rOQ5byMi.Ye4oKoEa3Ro9llC/.og/at2.uheWG/igi', '2KuBBBLjrW', '2024-02-07 12:19:29', '2024-02-07 12:19:29'),
(4, 'Albina Toy', 'worn@example.net', NULL, NULL, '2024-02-07 12:19:28', '$2y$10$92IXUNpkjO0rOQ5byMi.Ye4oKoEa3Ro9llC/.og/at2.uheWG/igi', 'ZoleNfG84P', '2024-02-07 12:19:29', '2024-02-07 12:19:29'),
(5, 'Mr. Oscar Sipes', 'kurt.volkman@example.org', NULL, NULL, '2024-02-07 12:19:28', '$2y$10$92IXUNpkjO0rOQ5byMi.Ye4oKoEa3Ro9llC/.og/at2.uheWG/igi', 'QiRUzEeKTH', '2024-02-07 12:19:29', '2024-02-07 12:19:29'),
(6, 'Miss Angelita Wuckert', 'lukas22@example.net', NULL, NULL, '2024-02-07 12:19:28', '$2y$10$92IXUNpkjO0rOQ5byMi.Ye4oKoEa3Ro9llC/.og/at2.uheWG/igi', 'pE7StqixAB', '2024-02-07 12:19:29', '2024-02-07 12:19:29'),
(7, 'Tara Stanton', 'schinner.flo@example.net', NULL, NULL, '2024-02-07 12:19:28', '$2y$10$92IXUNpkjO0rOQ5byMi.Ye4oKoEa3Ro9llC/.og/at2.uheWG/igi', 'YjbCxD8A6Y', '2024-02-07 12:19:29', '2024-02-07 12:19:29'),
(8, 'Anabel Hessel', 'mosciski.emilia@example.net', NULL, NULL, '2024-02-07 12:19:28', '$2y$10$92IXUNpkjO0rOQ5byMi.Ye4oKoEa3Ro9llC/.og/at2.uheWG/igi', 'mqNj5Cf8qh', '2024-02-07 12:19:29', '2024-02-07 12:19:29'),
(9, 'Laisha Ebert', 'lindgren.camilla@example.org', NULL, NULL, '2024-02-07 12:19:28', '$2y$10$92IXUNpkjO0rOQ5byMi.Ye4oKoEa3Ro9llC/.og/at2.uheWG/igi', 'Zx0BQIhEQM', '2024-02-07 12:19:29', '2024-02-07 12:19:29'),
(10, 'Miss Kirstin Wiegand II', 'marcella37@example.org', NULL, NULL, '2024-02-07 12:19:28', '$2y$10$92IXUNpkjO0rOQ5byMi.Ye4oKoEa3Ro9llC/.og/at2.uheWG/igi', 'dPDNHwHlh7', '2024-02-07 12:19:29', '2024-02-07 12:19:29');

-- --------------------------------------------------------

--
-- Table structure for table `user_login_history`
--

CREATE TABLE `user_login_history` (
  `id` bigint(20) UNSIGNED NOT NULL,
  `name` varchar(255) NOT NULL,
  `email` varchar(255) NOT NULL,
  `last_login_time` timestamp NOT NULL DEFAULT current_timestamp() ON UPDATE current_timestamp(),
  `created_at` timestamp NULL DEFAULT NULL,
  `updated_at` timestamp NULL DEFAULT NULL
) ENGINE=InnoDB DEFAULT CHARSET=utf8mb4 COLLATE=utf8mb4_unicode_ci;

-- --------------------------------------------------------

--
-- Stand-in structure for view `view_users`
-- (See below for the actual view)
--
CREATE TABLE `view_users` (
`id` bigint(20) unsigned
,`name` varchar(255)
,`email` varchar(255)
,`date_of_birth` date
,`role` varchar(255)
,`email_verified_at` timestamp
,`password` varchar(255)
,`remember_token` varchar(100)
,`created_at` timestamp
,`updated_at` timestamp
,`age` int(5)
);

-- --------------------------------------------------------

--
-- Structure for view `view_users`
--
DROP TABLE IF EXISTS `view_users`;

CREATE ALGORITHM=UNDEFINED DEFINER=`root`@`localhost` SQL SECURITY DEFINER VIEW `view_users`  AS SELECT `users`.`id` AS `id`, `users`.`name` AS `name`, `users`.`email` AS `email`, `users`.`date_of_birth` AS `date_of_birth`, `users`.`role` AS `role`, `users`.`email_verified_at` AS `email_verified_at`, `users`.`password` AS `password`, `users`.`remember_token` AS `remember_token`, `users`.`created_at` AS `created_at`, `users`.`updated_at` AS `updated_at`, year(current_timestamp()) - year(`users`.`date_of_birth`) AS `age` FROM `users``users`  ;

--
-- Indexes for dumped tables
--

--
-- Indexes for table `cache`
--
ALTER TABLE `cache`
  ADD PRIMARY KEY (`key`);

--
-- Indexes for table `cache_locks`
--
ALTER TABLE `cache_locks`
  ADD PRIMARY KEY (`key`);

--
-- Indexes for table `carts`
--
ALTER TABLE `carts`
  ADD PRIMARY KEY (`id`),
  ADD KEY `carts_user_id_foreign` (`user_id`),
  ADD KEY `carts_customer_id_foreign` (`customer_id`),
  ADD KEY `carts_payment_id_foreign` (`payment_id`),
  ADD KEY `carts_product_id_foreign` (`product_id`);

--
-- Indexes for table `carts_event`
--
ALTER TABLE `carts_event`
  ADD PRIMARY KEY (`id`),
  ADD KEY `carts_user_id_foreign` (`user_id`);

--
-- Indexes for table `customers`
--
ALTER TABLE `customers`
  ADD PRIMARY KEY (`id`),
  ADD KEY `customers_user_id_foreign` (`user_id`);

--
-- Indexes for table `failed_jobs`
--
ALTER TABLE `failed_jobs`
  ADD PRIMARY KEY (`id`),
  ADD UNIQUE KEY `failed_jobs_uuid_unique` (`uuid`);

--
-- Indexes for table `migrations`
--
ALTER TABLE `migrations`
  ADD PRIMARY KEY (`id`);

--
-- Indexes for table `order_details`
--
ALTER TABLE `order_details`
  ADD PRIMARY KEY (`id`),
  ADD KEY `order_details_product_id_foreign` (`product_id`),
  ADD KEY `order_details_customer_id_foreign` (`customer_id`),
  ADD KEY `order_details_payment_id_foreign` (`payment_id`),
  ADD KEY `order_details_user_id_foreign` (`user_id`);

--
-- Indexes for table `password_resets`
--
ALTER TABLE `password_resets`
  ADD PRIMARY KEY (`email`);

--
-- Indexes for table `payments`
--
ALTER TABLE `payments`
  ADD PRIMARY KEY (`id`),
  ADD KEY `payments_user_id_foreign` (`user_id`);

--
-- Indexes for table `personal_access_tokens`
--
ALTER TABLE `personal_access_tokens`
  ADD PRIMARY KEY (`id`),
  ADD UNIQUE KEY `personal_access_tokens_token_unique` (`token`),
  ADD KEY `personal_access_tokens_tokenable_type_tokenable_id_index` (`tokenable_type`,`tokenable_id`);

--
-- Indexes for table `products`
--
ALTER TABLE `products`
  ADD PRIMARY KEY (`id`),
  ADD KEY `products_category_foreign` (`category`),
  ADD KEY `products_user_id_foreign` (`user_id`);

--
-- Indexes for table `products_event`
--
ALTER TABLE `products_event`
  ADD PRIMARY KEY (`id`),
  ADD KEY `products_category_foreign` (`category`),
  ADD KEY `products_user_id_foreign` (`user_id`);

--
-- Indexes for table `prod_categories`
--
ALTER TABLE `prod_categories`
  ADD PRIMARY KEY (`id`),
  ADD UNIQUE KEY `prod_categories_category_unique` (`category`),
  ADD KEY `prod_categories_user_id_foreign` (`user_id`);

--
-- Indexes for table `prod_categories_event`
--
ALTER TABLE `prod_categories_event`
  ADD PRIMARY KEY (`id`),
  ADD UNIQUE KEY `prod_categories_category_unique` (`category`),
  ADD KEY `prod_categories_user_id_foreign` (`user_id`);

--
-- Indexes for table `shippers`
--
ALTER TABLE `shippers`
  ADD PRIMARY KEY (`id`),
  ADD KEY `shippers_user_id_foreign` (`user_id`);

--
-- Indexes for table `suppliers`
--
ALTER TABLE `suppliers`
  ADD PRIMARY KEY (`id`),
  ADD KEY `suppliers_user_id_foreign` (`user_id`);

--
-- Indexes for table `supplier_payments`
--
ALTER TABLE `supplier_payments`
  ADD PRIMARY KEY (`id`),
  ADD KEY `supplier_payments_supplier_id_foreign` (`supplier_id`),
  ADD KEY `supplier_payments_user_id_foreign` (`user_id`);

--
-- Indexes for table `users`
--
ALTER TABLE `users`
  ADD PRIMARY KEY (`id`),
  ADD UNIQUE KEY `users_email_unique` (`email`);

--
-- Indexes for table `user_login_history`
--
ALTER TABLE `user_login_history`
  ADD PRIMARY KEY (`id`);

--
-- AUTO_INCREMENT for dumped tables
--

--
-- AUTO_INCREMENT for table `carts`
--
ALTER TABLE `carts`
  MODIFY `id` bigint(20) UNSIGNED NOT NULL AUTO_INCREMENT, AUTO_INCREMENT=681;

--
-- AUTO_INCREMENT for table `carts_event`
--
ALTER TABLE `carts_event`
  MODIFY `id` bigint(20) UNSIGNED NOT NULL AUTO_INCREMENT;

--
-- AUTO_INCREMENT for table `customers`
--
ALTER TABLE `customers`
  MODIFY `id` bigint(20) UNSIGNED NOT NULL AUTO_INCREMENT, AUTO_INCREMENT=41;

--
-- AUTO_INCREMENT for table `failed_jobs`
--
ALTER TABLE `failed_jobs`
  MODIFY `id` bigint(20) UNSIGNED NOT NULL AUTO_INCREMENT;

--
-- AUTO_INCREMENT for table `migrations`
--
ALTER TABLE `migrations`
  MODIFY `id` int(10) UNSIGNED NOT NULL AUTO_INCREMENT, AUTO_INCREMENT=33;

--
-- AUTO_INCREMENT for table `order_details`
--
ALTER TABLE `order_details`
  MODIFY `id` bigint(20) UNSIGNED NOT NULL AUTO_INCREMENT, AUTO_INCREMENT=121;

--
-- AUTO_INCREMENT for table `payments`
--
ALTER TABLE `payments`
  MODIFY `id` bigint(20) UNSIGNED NOT NULL AUTO_INCREMENT, AUTO_INCREMENT=431;

--
-- AUTO_INCREMENT for table `personal_access_tokens`
--
ALTER TABLE `personal_access_tokens`
  MODIFY `id` bigint(20) UNSIGNED NOT NULL AUTO_INCREMENT;

--
-- AUTO_INCREMENT for table `products`
--
ALTER TABLE `products`
  MODIFY `id` bigint(20) UNSIGNED NOT NULL AUTO_INCREMENT, AUTO_INCREMENT=421;

--
-- AUTO_INCREMENT for table `products_event`
--
ALTER TABLE `products_event`
  MODIFY `id` bigint(20) UNSIGNED NOT NULL AUTO_INCREMENT;

--
-- AUTO_INCREMENT for table `prod_categories`
--
ALTER TABLE `prod_categories`
  MODIFY `id` bigint(20) UNSIGNED NOT NULL AUTO_INCREMENT, AUTO_INCREMENT=21;

--
-- AUTO_INCREMENT for table `prod_categories_event`
--
ALTER TABLE `prod_categories_event`
  MODIFY `id` bigint(20) UNSIGNED NOT NULL AUTO_INCREMENT;

--
-- AUTO_INCREMENT for table `shippers`
--
ALTER TABLE `shippers`
  MODIFY `id` bigint(20) UNSIGNED NOT NULL AUTO_INCREMENT, AUTO_INCREMENT=301;

--
-- AUTO_INCREMENT for table `suppliers`
--
ALTER TABLE `suppliers`
  MODIFY `id` bigint(20) UNSIGNED NOT NULL AUTO_INCREMENT, AUTO_INCREMENT=11;

--
-- AUTO_INCREMENT for table `supplier_payments`
--
ALTER TABLE `supplier_payments`
  MODIFY `id` bigint(20) UNSIGNED NOT NULL AUTO_INCREMENT, AUTO_INCREMENT=101;

--
-- AUTO_INCREMENT for table `users`
--
ALTER TABLE `users`
  MODIFY `id` bigint(20) UNSIGNED NOT NULL AUTO_INCREMENT, AUTO_INCREMENT=11;

--
-- AUTO_INCREMENT for table `user_login_history`
--
ALTER TABLE `user_login_history`
  MODIFY `id` bigint(20) UNSIGNED NOT NULL AUTO_INCREMENT;

--
-- Constraints for dumped tables
--

--
-- Constraints for table `carts`
--
ALTER TABLE `carts`
  ADD CONSTRAINT `carts_customer_id_foreign` FOREIGN KEY (`customer_id`) REFERENCES `customers` (`id`),
  ADD CONSTRAINT `carts_payment_id_foreign` FOREIGN KEY (`payment_id`) REFERENCES `payments` (`id`),
  ADD CONSTRAINT `carts_product_id_foreign` FOREIGN KEY (`product_id`) REFERENCES `products` (`id`),
  ADD CONSTRAINT `carts_user_id_foreign` FOREIGN KEY (`user_id`) REFERENCES `users` (`id`) ON DELETE CASCADE;

--
-- Constraints for table `customers`
--
ALTER TABLE `customers`
  ADD CONSTRAINT `customers_user_id_foreign` FOREIGN KEY (`user_id`) REFERENCES `users` (`id`) ON DELETE CASCADE;

--
-- Constraints for table `order_details`
--
ALTER TABLE `order_details`
  ADD CONSTRAINT `order_details_customer_id_foreign` FOREIGN KEY (`customer_id`) REFERENCES `customers` (`id`) ON DELETE CASCADE,
  ADD CONSTRAINT `order_details_payment_id_foreign` FOREIGN KEY (`payment_id`) REFERENCES `payments` (`id`) ON DELETE CASCADE,
  ADD CONSTRAINT `order_details_product_id_foreign` FOREIGN KEY (`product_id`) REFERENCES `products` (`id`) ON DELETE CASCADE,
  ADD CONSTRAINT `order_details_user_id_foreign` FOREIGN KEY (`user_id`) REFERENCES `users` (`id`) ON DELETE CASCADE;

--
-- Constraints for table `payments`
--
ALTER TABLE `payments`
  ADD CONSTRAINT `payments_user_id_foreign` FOREIGN KEY (`user_id`) REFERENCES `users` (`id`) ON DELETE CASCADE;

--
-- Constraints for table `products`
--
ALTER TABLE `products`
  ADD CONSTRAINT `products_category_foreign` FOREIGN KEY (`category`) REFERENCES `prod_categories` (`category`) ON DELETE CASCADE,
  ADD CONSTRAINT `products_user_id_foreign` FOREIGN KEY (`user_id`) REFERENCES `users` (`id`) ON DELETE CASCADE;

--
-- Constraints for table `prod_categories`
--
ALTER TABLE `prod_categories`
  ADD CONSTRAINT `prod_categories_user_id_foreign` FOREIGN KEY (`user_id`) REFERENCES `users` (`id`) ON DELETE CASCADE;

--
-- Constraints for table `shippers`
--
ALTER TABLE `shippers`
  ADD CONSTRAINT `shippers_user_id_foreign` FOREIGN KEY (`user_id`) REFERENCES `users` (`id`) ON DELETE CASCADE;

--
-- Constraints for table `suppliers`
--
ALTER TABLE `suppliers`
  ADD CONSTRAINT `suppliers_user_id_foreign` FOREIGN KEY (`user_id`) REFERENCES `users` (`id`) ON DELETE CASCADE;

--
-- Constraints for table `supplier_payments`
--
ALTER TABLE `supplier_payments`
  ADD CONSTRAINT `supplier_payments_supplier_id_foreign` FOREIGN KEY (`supplier_id`) REFERENCES `suppliers` (`id`) ON DELETE CASCADE,
  ADD CONSTRAINT `supplier_payments_user_id_foreign` FOREIGN KEY (`user_id`) REFERENCES `users` (`id`) ON DELETE CASCADE;
COMMIT;

/*!40101 SET CHARACTER_SET_CLIENT=@OLD_CHARACTER_SET_CLIENT */;
/*!40101 SET CHARACTER_SET_RESULTS=@OLD_CHARACTER_SET_RESULTS */;
/*!40101 SET COLLATION_CONNECTION=@OLD_COLLATION_CONNECTION */;
