"id","date_of_act","year_month","ymd"
1,2022-02-19,"202202","20220219"
2,2022-02-20,"202202","20220220"
3,2022-02-21,"202202","20220221"
4,2022-02-22,"202202","20220222"
5,2022-02-23,"202202","20220223"
6,2022-02-24,"202202","20220224"
7,2022-02-25,"202202","20220225"
8,2022-02-26,"202202","20220226"
9,2022-02-27,"202202","20220227"
10,2022-02-28,"202202","20220228"
11,2022-03-01,"202203","20220301"
12,2022-03-02,"202203","20220302"
13,2022-03-03,"202203","20220303"
14,2022-03-04,"202203","20220304"
15,2022-03-05,"202203","20220305"
16,2022-03-06,"202203","20220306"
17,2022-03-07,"202203","20220307"
18,2022-03-08,"202203","20220308"
19,2022-03-09,"202203","20220309"
20,2022-03-10,"202203","20220310"
21,2022-03-11,"202203","20220311"
22,2022-03-12,"202203","20220312"
23,2022-03-13,"202203","20220313"
24,2022-03-14,"202203","20220314"
25,2022-03-15,"202203","20220315"
26,2022-03-16,"202203","20220316"
27,2022-03-17,"202203","20220317"
28,2022-03-18,"202203","20220318"
29,2022-03-19,"202203","20220319"
30,2022-03-20,"202203","20220320"
31,2022-03-21,"202203","20220321"
32,2022-03-22,"202203","20220322"
33,2022-03-23,"202203","20220323"
34,2022-03-24,"202203","20220324"
35,2022-03-25,"202203","20220325"
36,2022-03-26,"202203","20220326"
37,2022-03-27,"202203","20220327"
38,2022-03-28,"202203","20220328"
39,2022-03-29,"202203","20220329"
40,2022-03-30,"202203","20220330"
41,2022-03-31,"202203","20220331"
42,2022-04-01,"202204","20220401"
43,2022-04-02,"202204","20220402"
44,2022-04-03,"202204","20220403"
45,2022-04-04,"202204","20220404"
46,2022-04-05,"202204","20220405"
47,2022-04-06,"202204","20220406"
48,2022-04-07,"202204","20220407"
49,2022-04-08,"202204","20220408"
50,2022-04-09,"202204","20220409"
51,2022-04-10,"202204","20220410"
52,2022-04-11,"202204","20220411"
53,2022-04-12,"202204","20220412"
54,2022-04-13,"202204","20220413"
55,2022-04-14,"202204","20220414"
56,2022-04-15,"202204","20220415"
57,2022-04-16,"202204","20220416"
58,2022-04-17,"202204","20220417"
59,2022-04-18,"202204","20220418"
60,2022-04-19,"202204","20220419"
61,2022-04-20,"202204","20220420"
62,2022-04-21,"202204","20220421"
63,2022-04-22,"202204","20220422"
64,2022-04-23,"202204","20220423"
65,2022-04-24,"202204","20220424"
66,2022-04-25,"202204","20220425"
67,2022-04-26,"202204","20220426"
68,2022-04-27,"202204","20220427"
69,2022-04-28,"202204","20220428"
70,2022-04-29,"202204","20220429"
71,2022-04-30,"202204","20220430"
72,2022-05-01,"202205","20220501"
73,2022-05-02,"202205","20220502"
74,2022-05-03,"202205","20220503"
75,2022-05-04,"202205","20220504"
76,2022-05-05,"202205","20220505"
77,2022-05-06,"202205","20220506"
78,2022-05-07,"202205","20220507"
79,2022-05-08,"202205","20220508"
80,2022-05-09,"202205","20220509"
81,2022-05-10,"202205","20220510"
82,2022-05-11,"202205","20220511"
83,2022-05-12,"202205","20220512"
84,2022-05-13,"202205","20220513"
85,2022-05-14,"202205","20220514"
86,2022-05-15,"202205","20220515"
87,2022-05-16,"202205","20220516"
88,2022-05-17,"202205","20220517"
89,2022-05-18,"202205","20220518"
90,2022-05-19,"202205","20220519"
91,2022-05-20,"202205","20220520"
92,2022-05-21,"202205","20220521"
93,2022-05-22,"202205","20220522"
94,2022-05-23,"202205","20220523"
95,2022-05-24,"202205","20220524"
96,2022-05-25,"202205","20220525"
97,2022-05-26,"202205","20220526"
98,2022-05-27,"202205","20220527"
99,2022-05-28,"202205","20220528"
100,2022-05-29,"202205","20220529"
101,2022-05-30,"202205","20220530"
102,2022-05-31,"202205","20220531"
103,2022-06-01,"202206","20220601"
104,2022-06-02,"202206","20220602"
105,2022-06-03,"202206","20220603"
106,2022-06-04,"202206","20220604"
107,2022-06-05,"202206","20220605"
108,2022-06-06,"202206","20220606"
109,2022-06-07,"202206","20220607"
110,2022-06-08,"202206","20220608"
111,2022-06-09,"202206","20220609"
112,2022-06-10,"202206","20220610"
113,2022-06-11,"202206","20220611"
114,2022-06-12,"202206","20220612"
115,2022-06-13,"202206","20220613"
116,2022-06-14,"202206","20220614"
117,2022-06-15,"202206","20220615"
118,2022-06-16,"202206","20220616"
119,2022-06-17,"202206","20220617"
120,2022-06-18,"202206","20220618"
121,2022-06-19,"202206","20220619"
122,2022-06-20,"202206","20220620"
123,2022-06-21,"202206","20220621"
124,2022-06-22,"202206","20220622"
125,2022-06-23,"202206","20220623"
126,2022-06-24,"202206","20220624"
127,2022-06-25,"202206","20220625"
128,2022-06-26,"202206","20220626"
129,2022-06-27,"202206","20220627"
130,2022-06-28,"202206","20220628"
131,2022-06-29,"202206","20220629"
132,2022-06-30,"202206","20220630"
133,2022-07-01,"202207","20220701"
134,2022-07-02,"202207","20220702"
135,2022-07-03,"202207","20220703"
136,2022-07-04,"202207","20220704"
137,2022-07-05,"202207","20220705"
138,2022-07-06,"202207","20220706"
139,2022-07-07,"202207","20220707"
140,2022-07-08,"202207","20220708"
141,2022-07-09,"202207","20220709"
142,2022-07-10,"202207","20220710"
143,2022-07-11,"202207","20220711"
144,2022-07-12,"202207","20220712"
145,2022-07-13,"202207","20220713"
146,2022-07-14,"202207","20220714"
147,2022-07-15,"202207","20220715"
148,2022-07-16,"202207","20220716"
149,2022-07-17,"202207","20220717"
150,2022-07-18,"202207","20220718"
151,2022-07-19,"202207","20220719"
152,2022-07-20,"202207","20220720"
153,2022-07-21,"202207","20220721"
154,2022-07-22,"202207","20220722"
155,2022-07-23,"202207","20220723"
156,2022-07-24,"202207","20220724"
157,2022-07-25,"202207","20220725"
158,2022-07-26,"202207","20220726"
159,2022-07-27,"202207","20220727"
160,2022-07-28,"202207","20220728"
161,2022-07-29,"202207","20220729"
162,2022-07-30,"202207","20220730"
163,2022-07-31,"202207","20220731"
164,2022-08-01,"202208","20220801"
165,2022-08-02,"202208","20220802"
166,2022-08-03,"202208","20220803"
167,2022-08-04,"202208","20220804"
168,2022-08-05,"202208","20220805"
169,2022-08-06,"202208","20220806"
170,2022-08-07,"202208","20220807"
171,2022-08-08,"202208","20220808"
172,2022-08-09,"202208","20220809"
173,2022-08-10,"202208","20220810"
174,2022-08-11,"202208","20220811"
175,2022-08-12,"202208","20220812"
176,2022-08-13,"202208","20220813"
177,2022-08-14,"202208","20220814"
178,2022-08-15,"202208","20220815"
179,2022-08-16,"202208","20220816"
180,2022-08-17,"202208","20220817"
181,2022-08-18,"202208","20220818"
182,2022-08-19,"202208","20220819"
183,2022-08-20,"202208","20220820"
184,2022-08-21,"202208","20220821"
185,2022-08-22,"202208","20220822"
186,2022-08-23,"202208","20220823"
187,2022-08-24,"202208","20220824"
188,2022-08-25,"202208","20220825"
189,2022-08-26,"202208","20220826"
190,2022-08-27,"202208","20220827"
191,2022-08-28,"202208","20220828"
192,2022-08-29,"202208","20220829"
193,2022-08-30,"202208","20220830"
194,2022-08-31,"202208","20220831"
195,2022-09-01,"202209","20220901"
196,2022-09-02,"202209","20220902"
197,2022-09-03,"202209","20220903"
198,2022-09-04,"202209","20220904"
199,2022-09-05,"202209","20220905"
200,2022-09-06,"202209","20220906"
201,2022-09-07,"202209","20220907"
202,2022-09-08,"202209","20220908"
203,2022-09-09,"202209","20220909"
204,2022-09-10,"202209","20220910"
205,2022-09-11,"202209","20220911"
206,2022-09-12,"202209","20220912"
207,2022-09-13,"202209","20220913"
208,2022-09-14,"202209","20220914"
209,2022-09-15,"202209","20220915"
210,2022-09-16,"202209","20220916"
211,2022-09-17,"202209","20220917"
212,2022-09-18,"202209","20220918"
213,2022-09-19,"202209","20220919"
214,2022-09-20,"202209","20220920"
215,2022-09-21,"202209","20220921"
216,2022-09-22,"202209","20220922"
217,2022-09-23,"202209","20220923"
218,2022-09-24,"202209","20220924"
219,2022-09-25,"202209","20220925"
220,2022-09-26,"202209","20220926"
221,2022-09-27,"202209","20220927"
222,2022-09-28,"202209","20220928"
223,2022-09-29,"202209","20220929"
224,2022-09-30,"202209","20220930"
225,2022-10-01,"202210","20221001"
226,2022-10-02,"202210","20221002"
227,2022-10-03,"202210","20221003"
228,2022-10-04,"202210","20221004"
229,2022-10-05,"202210","20221005"
230,2022-10-06,"202210","20221006"
231,2022-10-07,"202210","20221007"
232,2022-10-08,"202210","20221008"
233,2022-10-09,"202210","20221009"
234,2022-10-10,"202210","20221010"
235,2022-10-11,"202210","20221011"
236,2022-10-12,"202210","20221012"
237,2022-10-13,"202210","20221013"
238,2022-10-14,"202210","20221014"
239,2022-10-15,"202210","20221015"
240,2022-10-16,"202210","20221016"
241,2022-10-17,"202210","20221017"
242,2022-10-18,"202210","20221018"
243,2022-10-19,"202210","20221019"
244,2022-10-20,"202210","20221020"
245,2022-10-21,"202210","20221021"
246,2022-10-22,"202210","20221022"
247,2022-10-23,"202210","20221023"
248,2022-10-24,"202210","20221024"
249,2022-10-25,"202210","20221025"
250,2022-10-26,"202210","20221026"
251,2022-10-27,"202210","20221027"
252,2022-10-28,"202210","20221028"
253,2022-10-29,"202210","20221029"
254,2022-10-30,"202210","20221030"
255,2022-10-31,"202210","20221031"
256,2022-11-01,"202211","20221101"
257,2022-11-02,"202211","20221102"
258,2022-11-03,"202211","20221103"
259,2022-11-04,"202211","20221104"
260,2022-11-05,"202211","20221105"
261,2022-11-06,"202211","20221106"
262,2022-11-07,"202211","20221107"
263,2022-11-08,"202211","20221108"
264,2022-11-09,"202211","20221109"
265,2022-11-10,"202211","20221110"
266,2022-11-11,"202211","20221111"
267,2022-11-12,"202211","20221112"
268,2022-11-13,"202211","20221113"
269,2022-11-14,"202211","20221114"
270,2022-11-15,"202211","20221115"
271,2022-11-16,"202211","20221116"
272,2022-11-17,"202211","20221117"
273,2022-11-18,"202211","20221118"
274,2022-11-19,"202211","20221119"
275,2022-11-20,"202211","20221120"
276,2022-11-21,"202211","20221121"
277,2022-11-22,"202211","20221122"
278,2022-11-23,"202211","20221123"
279,2022-11-24,"202211","20221124"
280,2022-11-25,"202211","20221125"
281,2022-11-26,"202211","20221126"
282,2022-11-27,"202211","20221127"
283,2022-11-28,"202211","20221128"
284,2022-11-29,"202211","20221129"
285,2022-11-30,"202211","20221130"
286,2022-12-01,"202212","20221201"
287,2022-12-02,"202212","20221202"
288,2022-12-03,"202212","20221203"
289,2022-12-04,"202212","20221204"
290,2022-12-05,"202212","20221205"
291,2022-12-06,"202212","20221206"
292,2022-12-07,"202212","20221207"
293,2022-12-08,"202212","20221208"
294,2022-12-09,"202212","20221209"
295,2022-12-10,"202212","20221210"
296,2022-12-11,"202212","20221211"
297,2022-12-12,"202212","20221212"
298,2022-12-13,"202212","20221213"
299,2022-12-14,"202212","20221214"
300,2022-12-15,"202212","20221215"
301,2022-12-16,"202212","20221216"
302,2022-12-17,"202212","20221217"
303,2022-12-18,"202212","20221218"
304,2022-12-19,"202212","20221219"
305,2022-12-20,"202212","20221220"
306,2022-12-21,"202212","20221221"
307,2022-12-22,"202212","20221222"
308,2022-12-23,"202212","20221223"
309,2022-12-24,"202212","20221224"
310,2022-12-25,"202212","20221225"
311,2022-12-26,"202212","20221226"
312,2022-12-27,"202212","20221227"
313,2022-12-28,"202212","20221228"
314,2022-12-29,"202212","20221229"
315,2022-12-30,"202212","20221230"
316,2022-12-31,"202212","20221231"
317,2023-01-01,"202301","20230101"
318,2023-01-02,"202301","20230102"
319,2023-01-03,"202301","20230103"
320,2023-01-04,"202301","20230104"
321,2023-01-05,"202301","20230105"
322,2023-01-06,"202301","20230106"
323,2023-01-07,"202301","20230107"
324,2023-01-08,"202301","20230108"
325,2023-01-09,"202301","20230109"
326,2023-01-10,"202301","20230110"
327,2023-01-11,"202301","20230111"
328,2023-01-12,"202301","20230112"
329,2023-01-13,"202301","20230113"
330,2023-01-14,"202301","20230114"
331,2023-01-15,"202301","20230115"
332,2023-01-16,"202301","20230116"
333,2023-01-17,"202301","20230117"
334,2023-01-18,"202301","20230118"
335,2023-01-19,"202301","20230119"
336,2023-01-20,"202301","20230120"
337,2023-01-21,"202301","20230121"
338,2023-01-22,"202301","20230122"
339,2023-01-23,"202301","20230123"
340,2023-01-24,"202301","20230124"
341,2023-01-25,"202301","20230125"
342,2023-01-26,"202301","20230126"
343,2023-01-27,"202301","20230127"
344,2023-01-28,"202301","20230128"
345,2023-01-29,"202301","20230129"
346,2023-01-30,"202301","20230130"
347,2023-01-31,"202301","20230131"
348,2023-02-01,"202302","20230201"
349,2023-02-02,"202302","20230202"
350,2023-02-03,"202302","20230203"
351,2023-02-04,"202302","20230204"
352,2023-02-05,"202302","20230205"
353,2023-02-06,"202302","20230206"
354,2023-02-07,"202302","20230207"
355,2023-02-08,"202302","20230208"
356,2023-02-09,"202302","20230209"
357,2023-02-10,"202302","20230210"
358,2023-02-11,"202302","20230211"
359,2023-02-12,"202302","20230212"
360,2023-02-13,"202302","20230213"
361,2023-02-14,"202302","20230214"
362,2023-02-15,"202302","20230215"
363,2023-02-16,"202302","20230216"
364,2023-02-17,"202302","20230217"
365,2023-02-18,"202302","20230218"
366,2023-02-19,"202302","20230219"
367,2023-02-20,"202302","20230220"
368,2023-02-21,"202302","20230221"
369,2023-02-22,"202302","20230222"
370,2023-02-23,"202302","20230223"
371,2023-02-24,"202302","20230224"
372,2023-02-25,"202302","20230225"
373,2023-02-26,"202302","20230226"
374,2023-02-27,"202302","20230227"
375,2023-02-28,"202302","20230228"
376,2023-03-01,"202303","20230301"
377,2023-03-02,"202303","20230302"
378,2023-03-03,"202303","20230303"
379,2023-03-04,"202303","20230304"
380,2023-03-05,"202303","20230305"
381,2023-03-06,"202303","20230306"
382,2023-03-07,"202303","20230307"
383,2023-03-08,"202303","20230308"
384,2023-03-09,"202303","20230309"
385,2023-03-10,"202303","20230310"
386,2023-03-11,"202303","20230311"
387,2023-03-12,"202303","20230312"
388,2023-03-13,"202303","20230313"
389,2023-03-14,"202303","20230314"
390,2023-03-15,"202303","20230315"
391,2023-03-16,"202303","20230316"
392,2023-03-17,"202303","20230317"
393,2023-03-18,"202303","20230318"
394,2023-03-19,"202303","20230319"
395,2023-03-20,"202303","20230320"
396,2023-03-21,"202303","20230321"
397,2023-03-22,"202303","20230322"
398,2023-03-23,"202303","20230323"
399,2023-03-24,"202303","20230324"
400,2023-03-25,"202303","20230325"
401,2023-03-26,"202303","20230326"
402,2023-03-27,"202303","20230327"
403,2023-03-28,"202303","20230328"
404,2023-03-29,"202303","20230329"
405,2023-03-30,"202303","20230330"
406,2023-03-31,"202303","20230331"
407,2023-04-01,"202304","20230401"
408,2023-04-02,"202304","20230402"
409,2023-04-03,"202304","20230403"
410,2023-04-04,"202304","20230404"
411,2023-04-05,"202304","20230405"
412,2023-04-06,"202304","20230406"
413,2023-04-07,"202304","20230407"
414,2023-04-08,"202304","20230408"
415,2023-04-09,"202304","20230409"
416,2023-04-10,"202304","20230410"
417,2023-04-11,"202304","20230411"
418,2023-04-12,"202304","20230412"
419,2023-04-13,"202304","20230413"
420,2023-04-14,"202304","20230414"
421,2023-04-15,"202304","20230415"
422,2023-04-16,"202304","20230416"
423,2023-04-17,"202304","20230417"
424,2023-04-18,"202304","20230418"
425,2023-04-19,"202304","20230419"
426,2023-04-20,"202304","20230420"
427,2023-04-21,"202304","20230421"
428,2023-04-22,"202304","20230422"
429,2023-04-23,"202304","20230423"
430,2023-04-24,"202304","20230424"
431,2023-04-25,"202304","20230425"
432,2023-04-26,"202304","20230426"
433,2023-04-27,"202304","20230427"
434,2023-04-28,"202304","20230428"
435,2023-04-29,"202304","20230429"
436,2023-04-30,"202304","20230430"
437,2023-05-01,"202305","20230501"
438,2023-05-02,"202305","20230502"
439,2023-05-03,"202305","20230503"
440,2023-05-04,"202305","20230504"
441,2023-05-05,"202305","20230505"
442,2023-05-06,"202305","20230506"
443,2023-05-07,"202305","20230507"
444,2023-05-08,"202305","20230508"
445,2023-05-09,"202305","20230509"
446,2023-05-10,"202305","20230510"
447,2023-05-11,"202305","20230511"
448,2023-05-12,"202305","20230512"
449,2023-05-13,"202305","20230513"
450,2023-05-14,"202305","20230514"
451,2023-05-15,"202305","20230515"
452,2023-05-16,"202305","20230516"
453,2023-05-17,"202305","20230517"
454,2023-05-18,"202305","20230518"
455,2023-05-19,"202305","20230519"
456,2023-05-20,"202305","20230520"
457,2023-05-21,"202305","20230521"
458,2023-05-22,"202305","20230522"
459,2023-05-23,"202305","20230523"
460,2023-05-24,"202305","20230524"
461,2023-05-25,"202305","20230525"
462,2023-05-26,"202305","20230526"
463,2023-05-27,"202305","20230527"
464,2023-05-28,"202305","20230528"
465,2023-05-29,"202305","20230529"
466,2023-05-30,"202305","20230530"
467,2023-05-31,"202305","20230531"
468,2023-06-01,"202306","20230601"
469,2023-06-02,"202306","20230602"
470,2023-06-03,"202306","20230603"
471,2023-06-04,"202306","20230604"
472,2023-06-05,"202306","20230605"
473,2023-06-06,"202306","20230606"
474,2023-06-07,"202306","20230607"
475,2023-06-08,"202306","20230608"
476,2023-06-09,"202306","20230609"
477,2023-06-10,"202306","20230610"
478,2023-06-11,"202306","20230611"
479,2023-06-12,"202306","20230612"
480,2023-06-13,"202306","20230613"
481,2023-06-14,"202306","20230614"
482,2023-06-15,"202306","20230615"
483,2023-06-16,"202306","20230616"
484,2023-06-17,"202306","20230617"
485,2023-06-18,"202306","20230618"
486,2023-06-19,"202306","20230619"
487,2023-06-20,"202306","20230620"
488,2023-06-21,"202306","20230621"
489,2023-06-22,"202306","20230622"
490,2023-06-23,"202306","20230623"
491,2023-06-24,"202306","20230624"
492,2023-06-25,"202306","20230625"
493,2023-06-26,"202306","20230626"
494,2023-06-27,"202306","20230627"
495,2023-06-28,"202306","20230628"
496,2023-06-29,"202306","20230629"
497,2023-06-30,"202306","20230630"
498,2023-07-01,"202307","20230701"
499,2023-07-02,"202307","20230702"
500,2023-07-03,"202307","20230703"
501,2023-07-04,"202307","20230704"
502,2023-07-05,"202307","20230705"
503,2023-07-06,"202307","20230706"
504,2023-07-07,"202307","20230707"
505,2023-07-08,"202307","20230708"
506,2023-07-09,"202307","20230709"
507,2023-07-10,"202307","20230710"
508,2023-07-11,"202307","20230711"
509,2023-07-12,"202307","20230712"
510,2023-07-13,"202307","20230713"
511,2023-07-14,"202307","20230714"
512,2023-07-15,"202307","20230715"
513,2023-07-16,"202307","20230716"
514,2023-07-17,"202307","20230717"
515,2023-07-18,"202307","20230718"
516,2023-07-19,"202307","20230719"
517,2023-07-20,"202307","20230720"
518,2023-07-21,"202307","20230721"
519,2023-07-22,"202307","20230722"
520,2023-07-23,"202307","20230723"
521,2023-07-24,"202307","20230724"
522,2023-07-25,"202307","20230725"
523,2023-07-26,"202307","20230726"
524,2023-07-27,"202307","20230727"
525,2023-07-28,"202307","20230728"
526,2023-07-29,"202307","20230729"
527,2023-07-30,"202307","20230730"
528,2023-07-31,"202307","20230731"
529,2023-08-01,"202308","20230801"
530,2023-08-02,"202308","20230802"
531,2023-08-03,"202308","20230803"
532,2023-08-04,"202308","20230804"
533,2023-08-05,"202308","20230805"
534,2023-08-06,"202308","20230806"
535,2023-08-07,"202308","20230807"
536,2023-08-08,"202308","20230808"
537,2023-08-09,"202308","20230809"
538,2023-08-10,"202308","20230810"
539,2023-08-11,"202308","20230811"
540,2023-08-12,"202308","20230812"
541,2023-08-13,"202308","20230813"
542,2023-08-14,"202308","20230814"
543,2023-08-15,"202308","20230815"
544,2023-08-16,"202308","20230816"
545,2023-08-17,"202308","20230817"
546,2023-08-18,"202308","20230818"
547,2023-08-19,"202308","20230819"
548,2023-08-20,"202308","20230820"
549,2023-08-21,"202308","20230821"
550,2023-08-22,"202308","20230822"
551,2023-08-23,"202308","20230823"
552,2023-08-24,"202308","20230824"
553,2023-08-25,"202308","20230825"
554,2023-08-26,"202308","20230826"
555,2023-08-27,"202308","20230827"
556,2023-08-28,"202308","20230828"
557,2023-08-29,"202308","20230829"
558,2023-08-30,"202308","20230830"
559,2023-08-31,"202308","20230831"
560,2023-09-01,"202309","20230901"
561,2023-09-02,"202309","20230902"
562,2023-09-03,"202309","20230903"
563,2023-09-04,"202309","20230904"
564,2023-09-05,"202309","20230905"
565,2023-09-06,"202309","20230906"
566,2023-09-07,"202309","20230907"
567,2023-09-08,"202309","20230908"
568,2023-09-09,"202309","20230909"
569,2023-09-10,"202309","20230910"
570,2023-09-11,"202309","20230911"
571,2023-09-12,"202309","20230912"
572,2023-09-13,"202309","20230913"
573,2023-09-14,"202309","20230914"
574,2023-09-15,"202309","20230915"
575,2023-09-16,"202309","20230916"
576,2023-09-17,"202309","20230917"
577,2023-09-18,"202309","20230918"
578,2023-09-19,"202309","20230919"
579,2023-09-20,"202309","20230920"
580,2023-09-21,"202309","20230921"
581,2023-09-22,"202309","20230922"
582,2023-09-23,"202309","20230923"
583,2023-09-24,"202309","20230924"
584,2023-09-25,"202309","20230925"
585,2023-09-26,"202309","20230926"
586,2023-09-27,"202309","20230927"
587,2023-09-28,"202309","20230928"
588,2023-09-29,"202309","20230929"
589,2023-09-30,"202309","20230930"
590,2023-10-01,"202310","20231001"
591,2023-10-02,"202310","20231002"
592,2023-10-03,"202310","20231003"
593,2023-10-04,"202310","20231004"
594,2023-10-05,"202310","20231005"
595,2023-10-06,"202310","20231006"
596,2023-10-07,"202310","20231007"
597,2023-10-08,"202310","20231008"
598,2023-10-09,"202310","20231009"
599,2023-10-10,"202310","20231010"
600,2023-10-11,"202310","20231011"
601,2023-10-12,"202310","20231012"
602,2023-10-13,"202310","20231013"
603,2023-10-14,"202310","20231014"
604,2023-10-15,"202310","20231015"
605,2023-10-16,"202310","20231016"
606,2023-10-17,"202310","20231017"
607,2023-10-18,"202310","20231018"
608,2023-10-19,"202310","20231019"
609,2023-10-20,"202310","20231020"
610,2023-10-21,"202310","20231021"
611,2023-10-22,"202310","20231022"
612,2023-10-23,"202310","20231023"
613,2023-10-24,"202310","20231024"
614,2023-10-25,"202310","20231025"
615,2023-10-26,"202310","20231026"
616,2023-10-27,"202310","20231027"
617,2023-10-28,"202310","20231028"
618,2023-10-29,"202310","20231029"
619,2023-10-30,"202310","20231030"
620,2023-10-31,"202310","20231031"
621,2023-11-01,"202311","20231101"
622,2023-11-02,"202311","20231102"
623,2023-11-03,"202311","20231103"
624,2023-11-04,"202311","20231104"
625,2023-11-05,"202311","20231105"
626,2023-11-06,"202311","20231106"
627,2023-11-07,"202311","20231107"
628,2023-11-08,"202311","20231108"
629,2023-11-09,"202311","20231109"
630,2023-11-10,"202311","20231110"
631,2023-11-11,"202311","20231111"
632,2023-11-12,"202311","20231112"
633,2023-11-13,"202311","20231113"
634,2023-11-14,"202311","20231114"
635,2023-11-15,"202311","20231115"
636,2023-11-16,"202311","20231116"
637,2023-11-17,"202311","20231117"
638,2023-11-18,"202311","20231118"
639,2023-11-19,"202311","20231119"
640,2023-11-20,"202311","20231120"
641,2023-11-21,"202311","20231121"
642,2023-11-22,"202311","20231122"
643,2023-11-23,"202311","20231123"
644,2023-11-24,"202311","20231124"
645,2023-11-25,"202311","20231125"
646,2023-11-26,"202311","20231126"
647,2023-11-27,"202311","20231127"
648,2023-11-28,"202311","20231128"
649,2023-11-29,"202311","20231129"
650,2023-11-30,"202311","20231130"
651,2023-12-01,"202312","20231201"
652,2023-12-02,"202312","20231202"
653,2023-12-03,"202312","20231203"
654,2023-12-04,"202312","20231204"
655,2023-12-05,"202312","20231205"
656,2023-12-06,"202312","20231206"
657,2023-12-07,"202312","20231207"
658,2023-12-08,"202312","20231208"
659,2023-12-09,"202312","20231209"
660,2023-12-10,"202312","20231210"
661,2023-12-11,"202312","20231211"
662,2023-12-12,"202312","20231212"
663,2023-12-13,"202312","20231213"
664,2023-12-14,"202312","20231214"
665,2023-12-15,"202312","20231215"
666,2023-12-16,"202312","20231216"
667,2023-12-17,"202312","20231217"
668,2023-12-18,"202312","20231218"
669,2023-12-19,"202312","20231219"
670,2023-12-20,"202312","20231220"
671,2023-12-21,"202312","20231221"
672,2023-12-22,"202312","20231222"
673,2023-12-23,"202312","20231223"
674,2023-12-24,"202312","20231224"
675,2023-12-25,"202312","20231225"
676,2023-12-26,"202312","20231226"
677,2023-12-27,"202312","20231227"
678,2023-12-28,"202312","20231228"
679,2023-12-29,"202312","20231229"
680,2023-12-30,"202312","20231230"
681,2023-12-31,"202312","20231231"
682,2024-01-01,"202401","20240101"
683,2024-01-02,"202401","20240102"
684,2024-01-03,"202401","20240103"
685,2024-01-04,"202401","20240104"
686,2024-01-05,"202401","20240105"
687,2024-01-06,"202401","20240106"
688,2024-01-07,"202401","20240107"
689,2024-01-08,"202401","20240108"
690,2024-01-09,"202401","20240109"
691,2024-01-10,"202401","20240110"
692,2024-01-11,"202401","20240111"
693,2024-01-12,"202401","20240112"
694,2024-01-13,"202401","20240113"
695,2024-01-14,"202401","20240114"
696,2024-01-15,"202401","20240115"
697,2024-01-16,"202401","20240116"
698,2024-01-17,"202401","20240117"
699,2024-01-18,"202401","20240118"
700,2024-01-19,"202401","20240119"
701,2024-01-20,"202401","20240120"
702,2024-01-21,"202401","20240121"
703,2024-01-22,"202401","20240122"
704,2024-01-23,"202401","20240123"
705,2024-01-24,"202401","20240124"
706,2024-01-25,"202401","20240125"
707,2024-01-26,"202401","20240126"
708,2024-01-27,"202401","20240127"
709,2024-01-28,"202401","20240128"
710,2024-01-29,"202401","20240129"
711,2024-01-30,"202401","20240130"
712,2024-01-31,"202401","20240131"
713,2024-02-01,"202402","20240201"
714,2024-02-02,"202402","20240202"
715,2024-02-03,"202402","20240203"
716,2024-02-04,"202402","20240204"
717,2024-02-05,"202402","20240205"
718,2024-02-06,"202402","20240206"
719,2024-02-07,"202402","20240207"
720,2024-02-08,"202402","20240208"
721,2024-02-09,"202402","20240209"
722,2024-02-10,"202402","20240210"
723,2024-02-11,"202402","20240211"
724,2024-02-12,"202402","20240212"
725,2024-02-13,"202402","20240213"
726,2024-02-14,"202402","20240214"
727,2024-02-15,"202402","20240215"
728,2024-02-16,"202402","20240216"
729,2024-02-17,"202402","20240217"
730,2024-02-18,"202402","20240218"
731,2024-02-19,"202402","20240219"
732,2024-02-20,"202402","20240220"
733,2024-02-21,"202402","20240221"
734,2024-02-22,"202402","20240222"
735,2024-02-23,"202402","20240223"
736,2024-02-24,"202402","20240224"
737,2024-02-25,"202402","20240225"
738,2024-02-26,"202402","20240226"
739,2024-02-27,"202402","20240227"
740,2024-02-28,"202402","20240228"
741,2024-02-29,"202402","20240229"
742,2024-03-01,"202403","20240301"
743,2024-03-02,"202403","20240302"
744,2024-03-03,"202403","20240303"
745,2024-03-04,"202403","20240304"
746,2024-03-05,"202403","20240305"
747,2024-03-06,"202403","20240306"
748,2024-03-07,"202403","20240307"
749,2024-03-08,"202403","20240308"
750,2024-03-09,"202403","20240309"
751,2024-03-10,"202403","20240310"
752,2024-03-11,"202403","20240311"
753,2024-03-12,"202403","20240312"
754,2024-03-13,"202403","20240313"
755,2024-03-14,"202403","20240314"
756,2024-03-15,"202403","20240315"
757,2024-03-16,"202403","20240316"
758,2024-03-17,"202403","20240317"
759,2024-03-18,"202403","20240318"
760,2024-03-19,"202403","20240319"
761,2024-03-20,"202403","20240320"
762,2024-03-21,"202403","20240321"
763,2024-03-22,"202403","20240322"
764,2024-03-23,"202403","20240323"
765,2024-03-24,"202403","20240324"
766,2024-03-25,"202403","20240325"
767,2024-03-26,"202403","20240326"
768,2024-03-27,"202403","20240327"
769,2024-03-28,"202403","20240328"
770,2024-03-29,"202403","20240329"
771,2024-03-30,"202403","20240330"
772,2024-03-31,"202403","20240331"
773,2024-04-01,"202404","20240401"
774,2024-04-02,"202404","20240402"
775,2024-04-03,"202404","20240403"
776,2024-04-04,"202404","20240404"
777,2024-04-05,"202404","20240405"
778,2024-04-06,"202404","20240406"
779,2024-04-07,"202404","20240407"
780,2024-04-08,"202404","20240408"
781,2024-04-09,"202404","20240409"
782,2024-04-10,"202404","20240410"
783,2024-04-11,"202404","20240411"
784,2024-04-12,"202404","20240412"
785,2024-04-13,"202404","20240413"
786,2024-04-14,"202404","20240414"
787,2024-04-15,"202404","20240415"
788,2024-04-16,"202404","20240416"
789,2024-04-17,"202404","20240417"
790,2024-04-18,"202404","20240418"
791,2024-04-19,"202404","20240419"
792,2024-04-20,"202404","20240420"
793,2024-04-21,"202404","20240421"
794,2024-04-22,"202404","20240422"
795,2024-04-23,"202404","20240423"
796,2024-04-24,"202404","20240424"
797,2024-04-25,"202404","20240425"
798,2024-04-26,"202404","20240426"
799,2024-04-27,"202404","20240427"
800,2024-04-28,"202404","20240428"
801,2024-04-29,"202404","20240429"
802,2024-04-30,"202404","20240430"
803,2024-05-01,"202405","20240501"
804,2024-05-02,"202405","20240502"
805,2024-05-03,"202405","20240503"
806,2024-05-04,"202405","20240504"
807,2024-05-05,"202405","20240505"
808,2024-05-06,"202405","20240506"
809,2024-05-07,"202405","20240507"
810,2024-05-08,"202405","20240508"
811,2024-05-09,"202405","20240509"
812,2024-05-10,"202405","20240510"
813,2024-05-11,"202405","20240511"
814,2024-05-12,"202405","20240512"
815,2024-05-13,"202405","20240513"
816,2024-05-14,"202405","20240514"
817,2024-05-15,"202405","20240515"
818,2024-05-16,"202405","20240516"
819,2024-05-17,"202405","20240517"
820,2024-05-18,"202405","20240518"
821,2024-05-19,"202405","20240519"
822,2024-05-20,"202405","20240520"
823,2024-05-21,"202405","20240521"
824,2024-05-22,"202405","20240522"
825,2024-05-23,"202405","20240523"
826,2024-05-24,"202405","20240524"
827,2024-05-25,"202405","20240525"
828,2024-05-26,"202405","20240526"
829,2024-05-27,"202405","20240527"
830,2024-05-28,"202405","20240528"
831,2024-05-29,"202405","20240529"
832,2024-05-30,"202405","20240530"
833,2024-05-31,"202405","20240531"
834,2024-06-01,"202406","20240601"
835,2024-06-02,"202406","20240602"
836,2024-06-03,"202406","20240603"
837,2024-06-04,"202406","20240604"
838,2024-06-05,"202406","20240605"
839,2024-06-06,"202406","20240606"
840,2024-06-07,"202406","20240607"
841,2024-06-08,"202406","20240608"
842,2024-06-09,"202406","20240609"
843,2024-06-10,"202406","20240610"
844,2024-06-11,"202406","20240611"
845,2024-06-12,"202406","20240612"
846,2024-06-13,"202406","20240613"
847,2024-06-14,"202406","20240614"
848,2024-06-15,"202406","20240615"
849,2024-06-16,"202406","20240616"
850,2024-06-17,"202406","20240617"
851,2024-06-18,"202406","20240618"
852,2024-06-19,"202406","20240619"
853,2024-06-20,"202406","20240620"
854,2024-06-21,"202406","20240621"
855,2024-06-22,"202406","20240622"
856,2024-06-23,"202406","20240623"
857,2024-06-24,"202406","20240624"
858,2024-06-25,"202406","20240625"
859,2024-06-26,"202406","20240626"
860,2024-06-27,"202406","20240627"
861,2024-06-28,"202406","20240628"
862,2024-06-29,"202406","20240629"
863,2024-06-30,"202406","20240630"
864,2024-07-01,"202407","20240701"
865,2024-07-02,"202407","20240702"
866,2024-07-03,"202407","20240703"
867,2024-07-04,"202407","20240704"
868,2024-07-05,"202407","20240705"
869,2024-07-06,"202407","20240706"
870,2024-07-07,"202407","20240707"
871,2024-07-08,"202407","20240708"
872,2024-07-09,"202407","20240709"
873,2024-07-10,"202407","20240710"
874,2024-07-11,"202407","20240711"
875,2024-07-12,"202407","20240712"
876,2024-07-13,"202407","20240713"
877,2024-07-14,"202407","20240714"
878,2024-07-15,"202407","20240715"
879,2024-07-16,"202407","20240716"
880,2024-07-17,"202407","20240717"
881,2024-07-18,"202407","20240718"
882,2024-07-19,"202407","20240719"
883,2024-07-20,"202407","20240720"
884,2024-07-21,"202407","20240721"
885,2024-07-22,"202407","20240722"
886,2024-07-23,"202407","20240723"
887,2024-07-24,"202407","20240724"
888,2024-07-25,"202407","20240725"
889,2024-07-26,"202407","20240726"
890,2024-07-27,"202407","20240727"
891,2024-07-28,"202407","20240728"
892,2024-07-29,"202407","20240729"
893,2024-07-30,"202407","20240730"
894,2024-07-31,"202407","20240731"
895,2024-08-01,"202408","20240801"
896,2024-08-02,"202408","20240802"
897,2024-08-03,"202408","20240803"
898,2024-08-04,"202408","20240804"
899,2024-08-05,"202408","20240805"
900,2024-08-06,"202408","20240806"
901,2024-08-07,"202408","20240807"
902,2024-08-08,"202408","20240808"
903,2024-08-09,"202408","20240809"
904,2024-08-10,"202408","20240810"
905,2024-08-11,"202408","20240811"
906,2024-08-12,"202408","20240812"
907,2024-08-13,"202408","20240813"
908,2024-08-14,"202408","20240814"
909,2024-08-15,"202408","20240815"
910,2024-08-16,"202408","20240816"
911,2024-08-17,"202408","20240817"
912,2024-08-18,"202408","20240818"
913,2024-08-19,"202408","20240819"
914,2024-08-20,"202408","20240820"
915,2024-08-21,"202408","20240821"
916,2024-08-22,"202408","20240822"
917,2024-08-23,"202408","20240823"
918,2024-08-24,"202408","20240824"
919,2024-08-25,"202408","20240825"
920,2024-08-26,"202408","20240826"
921,2024-08-27,"202408","20240827"
922,2024-08-28,"202408","20240828"
923,2024-08-29,"202408","20240829"
924,2024-08-30,"202408","20240830"
925,2024-08-31,"202408","20240831"
926,2024-09-01,"202409","20240901"
927,2024-09-02,"202409","20240902"
928,2024-09-03,"202409","20240903"
929,2024-09-04,"202409","20240904"
930,2024-09-05,"202409","20240905"
931,2024-09-06,"202409","20240906"
932,2024-09-07,"202409","20240907"
933,2024-09-08,"202409","20240908"
934,2024-09-09,"202409","20240909"
935,2024-09-10,"202409","20240910"
936,2024-09-11,"202409","20240911"
937,2024-09-12,"202409","20240912"
938,2024-09-13,"202409","20240913"
939,2024-09-14,"202409","20240914"
940,2024-09-15,"202409","20240915"
941,2024-09-16,"202409","20240916"
942,2024-09-17,"202409","20240917"
943,2024-09-18,"202409","20240918"
944,2024-09-19,"202409","20240919"
945,2024-09-20,"202409","20240920"
946,2024-09-21,"202409","20240921"
947,2024-09-22,"202409","20240922"
948,2024-09-23,"202409","20240923"
949,2024-09-24,"202409","20240924"
950,2024-09-25,"202409","20240925"
951,2024-09-26,"202409","20240926"
952,2024-09-27,"202409","20240927"
953,2024-09-28,"202409","20240928"
954,2024-09-29,"202409","20240929"
955,2024-09-30,"202409","20240930"
956,2024-10-01,"202410","20241001"
957,2024-10-02,"202410","20241002"
958,2024-10-03,"202410","20241003"
959,2024-10-04,"202410","20241004"
960,2024-10-05,"202410","20241005"
961,2024-10-06,"202410","20241006"
962,2024-10-07,"202410","20241007"
963,2024-10-08,"202410","20241008"
964,2024-10-09,"202410","20241009"
965,2024-10-10,"202410","20241010"
966,2024-10-11,"202410","20241011"
967,2024-10-12,"202410","20241012"
968,2024-10-13,"202410","20241013"
969,2024-10-14,"202410","20241014"
970,2024-10-15,"202410","20241015"
971,2024-10-16,"202410","20241016"
972,2024-10-17,"202410","20241017"
973,2024-10-18,"202410","20241018"
974,2024-10-19,"202410","20241019"
975,2024-10-20,"202410","20241020"
976,2024-10-21,"202410","20241021"
977,2024-10-22,"202410","20241022"
978,2024-10-23,"202410","20241023"
979,2024-10-24,"202410","20241024"
980,2024-10-25,"202410","20241025"
981,2024-10-26,"202410","20241026"
982,2024-10-27,"202410","20241027"
983,2024-10-28,"202410","20241028"
984,2024-10-29,"202410","20241029"
985,2024-10-30,"202410","20241030"
986,2024-10-31,"202410","20241031"
987,2024-11-01,"202411","20241101"
988,2024-11-02,"202411","20241102"
989,2024-11-03,"202411","20241103"
990,2024-11-04,"202411","20241104"
991,2024-11-05,"202411","20241105"
992,2024-11-06,"202411","20241106"
993,2024-11-07,"202411","20241107"
994,2024-11-08,"202411","20241108"
995,2024-11-09,"202411","20241109"
996,2024-11-10,"202411","20241110"
997,2024-11-11,"202411","20241111"
998,2024-11-12,"202411","20241112"
999,2024-11-13,"202411","20241113"
1000,2024-11-14,"202411","20241114"
1001,2024-11-15,"202411","20241115"
1002,2024-11-16,"202411","20241116"
1003,2024-11-17,"202411","20241117"
1004,2024-11-18,"202411","20241118"
1005,2024-11-19,"202411","20241119"
1006,2024-11-20,"202411","20241120"
1007,2024-11-21,"202411","20241121"
1008,2024-11-22,"202411","20241122"
1009,2024-11-23,"202411","20241123"
1010,2024-11-24,"202411","20241124"
1011,2024-11-25,"202411","20241125"
1012,2024-11-26,"202411","20241126"
1013,2024-11-27,"202411","20241127"
1014,2024-11-28,"202411","20241128"
1015,2024-11-29,"202411","20241129"
1016,2024-11-30,"202411","20241130"
1017,2024-12-01,"202412","20241201"
1018,2024-12-02,"202412","20241202"
1019,2024-12-03,"202412","20241203"
1020,2024-12-04,"202412","20241204"
1021,2024-12-05,"202412","20241205"
1022,2024-12-06,"202412","20241206"
1023,2024-12-07,"202412","20241207"
1024,2024-12-08,"202412","20241208"
1025,2024-12-09,"202412","20241209"
1026,2024-12-10,"202412","20241210"
1027,2024-12-11,"202412","20241211"
1028,2024-12-12,"202412","20241212"
1029,2024-12-13,"202412","20241213"
1030,2024-12-14,"202412","20241214"
1031,2024-12-15,"202412","20241215"
1032,2024-12-16,"202412","20241216"
1033,2024-12-17,"202412","20241217"
1034,2024-12-18,"202412","20241218"
1035,2024-12-19,"202412","20241219"
1036,2024-12-20,"202412","20241220"
1037,2024-12-21,"202412","20241221"
1038,2024-12-22,"202412","20241222"
1039,2024-12-23,"202412","20241223"
1040,2024-12-24,"202412","20241224"
1041,2024-12-25,"202412","20241225"
1042,2024-12-26,"202412","20241226"
1043,2024-12-27,"202412","20241227"
1044,2024-12-28,"202412","20241228"
1045,2024-12-29,"202412","20241229"
1046,2024-12-30,"202412","20241230"
1047,2024-12-31,"202412","20241231"
1048,2025-01-01,"202501","20250101"
1049,2025-01-02,"202501","20250102"
1050,2025-01-03,"202501","20250103"
1051,2025-01-04,"202501","20250104"
1052,2025-01-05,"202501","20250105"
1053,2025-01-06,"202501","20250106"
1054,2025-01-07,"202501","20250107"
1055,2025-01-08,"202501","20250108"
1056,2025-01-09,"202501","20250109"
1057,2025-01-10,"202501","20250110"
1058,2025-01-11,"202501","20250111"
1059,2025-01-12,"202501","20250112"
1060,2025-01-13,"202501","20250113"
1061,2025-01-14,"202501","20250114"
1062,2025-01-15,"202501","20250115"
1063,2025-01-16,"202501","20250116"
1064,2025-01-17,"202501","20250117"
1065,2025-01-18,"202501","20250118"
1066,2025-01-19,"202501","20250119"
1067,2025-01-20,"202501","20250120"
1068,2025-01-21,"202501","20250121"
1069,2025-01-22,"202501","20250122"
1070,2025-01-23,"202501","20250123"
1071,2025-01-24,"202501","20250124"
1072,2025-01-25,"202501","20250125"
1073,2025-01-26,"202501","20250126"
1074,2025-01-27,"202501","20250127"
1075,2025-01-28,"202501","20250128"
1076,2025-01-29,"202501","20250129"
1077,2025-01-30,"202501","20250130"
1078,2025-01-31,"202501","20250131"
1079,2025-02-01,"202502","20250201"
1080,2025-02-02,"202502","20250202"
1081,2025-02-03,"202502","20250203"
1082,2025-02-04,"202502","20250204"
1083,2025-02-05,"202502","20250205"
1084,2025-02-06,"202502","20250206"
1085,2025-02-07,"202502","20250207"
1086,2025-02-08,"202502","20250208"
1087,2025-02-09,"202502","20250209"
1088,2025-02-10,"202502","20250210"
1089,2025-02-11,"202502","20250211"
1090,2025-02-12,"202502","20250212"
1091,2025-02-13,"202502","20250213"
1092,2025-02-14,"202502","20250214"
1093,2025-02-15,"202502","20250215"
1094,2025-02-16,"202502","20250216"
1095,2025-02-17,"202502","20250217"
1096,2025-02-18,"202502","20250218"
1097,2025-02-19,"202502","20250219"
1098,2025-02-20,"202502","20250220"
1099,2025-02-21,"202502","20250221"
1100,2025-02-22,"202502","20250222"
1101,2025-02-23,"202502","20250223"
1102,2025-02-24,"202502","20250224"
1103,2025-02-25,"202502","20250225"
1104,2025-02-26,"202502","20250226"
1105,2025-02-27,"202502","20250227"
1106,2025-02-28,"202502","20250228"
1107,2025-03-01,"202503","20250301"
1108,2025-03-02,"202503","20250302"
1109,2025-03-03,"202503","20250303"
1110,2025-03-04,"202503","20250304"
1111,2025-03-05,"202503","20250305"
1112,2025-03-06,"202503","20250306"
1113,2025-03-07,"202503","20250307"
1114,2025-03-08,"202503","20250308"
1115,2025-03-09,"202503","20250309"
1116,2025-03-10,"202503","20250310"
1117,2025-03-11,"202503","20250311"
1118,2025-03-12,"202503","20250312"
1119,2025-03-13,"202503","20250313"
1120,2025-03-14,"202503","20250314"
1121,2025-03-15,"202503","20250315"
1122,2025-03-16,"202503","20250316"
1123,2025-03-17,"202503","20250317"
1124,2025-03-18,"202503","20250318"
1125,2025-03-19,"202503","20250319"
1126,2025-03-20,"202503","20250320"
1127,2025-03-21,"202503","20250321"
1128,2025-03-22,"202503","20250322"
1129,2025-03-23,"202503","20250323"
1130,2025-03-24,"202503","20250324"
1131,2025-03-25,"202503","20250325"
1132,2025-03-26,"202503","20250326"
1133,2025-03-27,"202503","20250327"
1134,2025-03-28,"202503","20250328"
1135,2025-03-29,"202503","20250329"
1136,2025-03-30,"202503","20250330"
1137,2025-03-31,"202503","20250331"
1138,2025-04-01,"202504","20250401"
1139,2025-04-02,"202504","20250402"
1140,2025-04-03,"202504","20250403"
1141,2025-04-04,"202504","20250404"
1142,2025-04-05,"202504","20250405"
1143,2025-04-06,"202504","20250406"
1144,2025-04-07,"202504","20250407"
1145,2025-04-08,"202504","20250408"
1146,2025-04-09,"202504","20250409"
1147,2025-04-10,"202504","20250410"
1148,2025-04-11,"202504","20250411"
1149,2025-04-12,"202504","20250412"
1150,2025-04-13,"202504","20250413"
1151,2025-04-14,"202504","20250414"
1152,2025-04-15,"202504","20250415"
1153,2025-04-16,"202504","20250416"
1154,2025-04-17,"202504","20250417"
1155,2025-04-18,"202504","20250418"
1156,2025-04-19,"202504","20250419"
1157,2025-04-20,"202504","20250420"
1158,2025-04-21,"202504","20250421"
1159,2025-04-22,"202504","20250422"
1160,2025-04-23,"202504","20250423"
1161,2025-04-24,"202504","20250424"
1162,2025-04-25,"202504","20250425"
1163,2025-04-26,"202504","20250426"
1164,2025-04-27,"202504","20250427"
1165,2025-04-28,"202504","20250428"
1166,2025-04-29,"202504","20250429"
1167,2025-04-30,"202504","20250430"
1168,2025-05-01,"202505","20250501"
1169,2025-05-02,"202505","20250502"
1170,2025-05-03,"202505","20250503"
1171,2025-05-04,"202505","20250504"
1172,2025-05-05,"202505","20250505"
1173,2025-05-06,"202505","20250506"
1174,2025-05-07,"202505","20250507"
1175,2025-05-08,"202505","20250508"
1176,2025-05-09,"202505","20250509"
1177,2025-05-10,"202505","20250510"
1178,2025-05-11,"202505","20250511"
1179,2025-05-12,"202505","20250512"
1180,2025-05-13,"202505","20250513"
1181,2025-05-14,"202505","20250514"
1182,2025-05-15,"202505","20250515"
1183,2025-05-16,"202505","20250516"
1184,2025-05-17,"202505","20250517"
1185,2025-05-18,"202505","20250518"
1186,2025-05-19,"202505","20250519"
1187,2025-05-20,"202505","20250520"
1188,2025-05-21,"202505","20250521"
1189,2025-05-22,"202505","20250522"
1190,2025-05-23,"202505","20250523"
1191,2025-05-24,"202505","20250524"
1192,2025-05-25,"202505","20250525"
1193,2025-05-26,"202505","20250526"
1194,2025-05-27,"202505","20250527"
1195,2025-05-28,"202505","20250528"
1196,2025-05-29,"202505","20250529"
1197,2025-05-30,"202505","20250530"
1198,2025-05-31,"202505","20250531"
1199,2025-06-01,"202506","20250601"
1200,2025-06-02,"202506","20250602"
1201,2025-06-03,"202506","20250603"
1202,2025-06-04,"202506","20250604"
1203,2025-06-05,"202506","20250605"
1204,2025-06-06,"202506","20250606"
1205,2025-06-07,"202506","20250607"
1206,2025-06-08,"202506","20250608"
1207,2025-06-09,"202506","20250609"
1208,2025-06-10,"202506","20250610"
1209,2025-06-11,"202506","20250611"
1210,2025-06-12,"202506","20250612"
1211,2025-06-13,"202506","20250613"
1212,2025-06-14,"202506","20250614"
1213,2025-06-15,"202506","20250615"
1214,2025-06-16,"202506","20250616"
1215,2025-06-17,"202506","20250617"
1216,2025-06-18,"202506","20250618"
1217,2025-06-19,"202506","20250619"
1218,2025-06-20,"202506","20250620"
1219,2025-06-21,"202506","20250621"
1220,2025-06-22,"202506","20250622"
1221,2025-06-23,"202506","20250623"
1222,2025-06-24,"202506","20250624"
1223,2025-06-25,"202506","20250625"
1224,2025-06-26,"202506","20250626"
1225,2025-06-27,"202506","20250627"
1226,2025-06-28,"202506","20250628"
1227,2025-06-29,"202506","20250629"
1228,2025-06-30,"202506","20250630"
1229,2025-07-01,"202507","20250701"
1230,2025-07-02,"202507","20250702"
1231,2025-07-03,"202507","20250703"
1232,2025-07-04,"202507","20250704"
1233,2025-07-05,"202507","20250705"
1234,2025-07-06,"202507","20250706"
1235,2025-07-07,"202507","20250707"
1236,2025-07-08,"202507","20250708"
1237,2025-07-09,"202507","20250709"
1238,2025-07-10,"202507","20250710"
1239,2025-07-11,"202507","20250711"
1240,2025-07-12,"202507","20250712"
1241,2025-07-13,"202507","20250713"
1242,2025-07-14,"202507","20250714"
1243,2025-07-15,"202507","20250715"
1244,2025-07-16,"202507","20250716"
1245,2025-07-17,"202507","20250717"
1246,2025-07-18,"202507","20250718"
1247,2025-07-19,"202507","20250719"
1248,2025-07-20,"202507","20250720"
1249,2025-07-21,"202507","20250721"
1250,2025-07-22,"202507","20250722"
1251,2025-07-23,"202507","20250723"
1252,2025-07-24,"202507","20250724"
1253,2025-07-25,"202507","20250725"
1254,2025-07-26,"202507","20250726"
1255,2025-07-27,"202507","20250727"
1256,2025-07-28,"202507","20250728"
1257,2025-07-29,"202507","20250729"
1258,2025-07-30,"202507","20250730"
1259,2025-07-31,"202507","20250731"
1260,2025-08-01,"202508","20250801"
1261,2025-08-02,"202508","20250802"
1262,2025-08-03,"202508","20250803"
1263,2025-08-04,"202508","20250804"
1264,2025-08-05,"202508","20250805"
1265,2025-08-06,"202508","20250806"
1266,2025-08-07,"202508","20250807"
1267,2025-08-08,"202508","20250808"
1268,2025-08-09,"202508","20250809"
1269,2025-08-10,"202508","20250810"
1270,2025-08-11,"202508","20250811"
1271,2025-08-12,"202508","20250812"
1272,2025-08-13,"202508","20250813"
1273,2025-08-14,"202508","20250814"
1274,2025-08-15,"202508","20250815"
1275,2025-08-16,"202508","20250816"
1276,2025-08-17,"202508","20250817"
1277,2025-08-18,"202508","20250818"
1278,2025-08-19,"202508","20250819"
1279,2025-08-20,"202508","20250820"
1280,2025-08-21,"202508","20250821"
1281,2025-08-22,"202508","20250822"
1282,2025-08-23,"202508","20250823"
1283,2025-08-24,"202508","20250824"
1284,2025-08-25,"202508","20250825"
1285,2025-08-26,"202508","20250826"
1286,2025-08-27,"202508","20250827"
1287,2025-08-28,"202508","20250828"
1288,2025-08-29,"202508","20250829"
1289,2025-08-30,"202508","20250830"
1290,2025-08-31,"202508","20250831"
1291,2025-09-01,"202509","20250901"
1292,2025-09-02,"202509","20250902"
1293,2025-09-03,"202509","20250903"
1294,2025-09-04,"202509","20250904"
1295,2025-09-05,"202509","20250905"
1296,2025-09-06,"202509","20250906"
1297,2025-09-07,"202509","20250907"
1298,2025-09-08,"202509","20250908"
1299,2025-09-09,"202509","20250909"
1300,2025-09-10,"202509","20250910"
1301,2025-09-11,"202509","20250911"
1302,2025-09-12,"202509","20250912"
1303,2025-09-13,"202509","20250913"
1304,2025-09-14,"202509","20250914"
1305,2025-09-15,"202509","20250915"
1306,2025-09-16,"202509","20250916"
1307,2025-09-17,"202509","20250917"
1308,2025-09-18,"202509","20250918"
1309,2025-09-19,"202509","20250919"
1310,2025-09-20,"202509","20250920"
1311,2025-09-21,"202509","20250921"
1312,2025-09-22,"202509","20250922"
1313,2025-09-23,"202509","20250923"
1314,2025-09-24,"202509","20250924"
1315,2025-09-25,"202509","20250925"
1316,2025-09-26,"202509","20250926"
1317,2025-09-27,"202509","20250927"
1318,2025-09-28,"202509","20250928"
1319,2025-09-29,"202509","20250929"
1320,2025-09-30,"202509","20250930"
1321,2025-10-01,"202510","20251001"
1322,2025-10-02,"202510","20251002"
1323,2025-10-03,"202510","20251003"
1324,2025-10-04,"202510","20251004"
1325,2025-10-05,"202510","20251005"
1326,2025-10-06,"202510","20251006"
1327,2025-10-07,"202510","20251007"
1328,2025-10-08,"202510","20251008"
1329,2025-10-09,"202510","20251009"
1330,2025-10-10,"202510","20251010"
1331,2025-10-11,"202510","20251011"
1332,2025-10-12,"202510","20251012"
1333,2025-10-13,"202510","20251013"
1334,2025-10-14,"202510","20251014"
1335,2025-10-15,"202510","20251015"
1336,2025-10-16,"202510","20251016"
1337,2025-10-17,"202510","20251017"
1338,2025-10-18,"202510","20251018"
1339,2025-10-19,"202510","20251019"
1340,2025-10-20,"202510","20251020"
1341,2025-10-21,"202510","20251021"
1342,2025-10-22,"202510","20251022"
1343,2025-10-23,"202510","20251023"
1344,2025-10-24,"202510","20251024"
1345,2025-10-25,"202510","20251025"
1346,2025-10-26,"202510","20251026"
1347,2025-10-27,"202510","20251027"
1348,2025-10-28,"202510","20251028"
1349,2025-10-29,"202510","20251029"
1350,2025-10-30,"202510","20251030"
1351,2025-10-31,"202510","20251031"
1352,2025-11-01,"202511","20251101"
1353,2025-11-02,"202511","20251102"
1354,2025-11-03,"202511","20251103"
1355,2025-11-04,"202511","20251104"
1356,2025-11-05,"202511","20251105"
1357,2025-11-06,"202511","20251106"
1358,2025-11-07,"202511","20251107"
1359,2025-11-08,"202511","20251108"
1360,2025-11-09,"202511","20251109"
1361,2025-11-10,"202511","20251110"
1362,2025-11-11,"202511","20251111"
1363,2025-11-12,"202511","20251112"
1364,2025-11-13,"202511","20251113"
1365,2025-11-14,"202511","20251114"
1366,2025-11-15,"202511","20251115"
1367,2025-11-16,"202511","20251116"
1368,2025-11-17,"202511","20251117"
1369,2025-11-18,"202511","20251118"
1370,2025-11-19,"202511","20251119"
1371,2025-11-20,"202511","20251120"
1372,2025-11-21,"202511","20251121"
1373,2025-11-22,"202511","20251122"
1374,2025-11-23,"202511","20251123"
1375,2025-11-24,"202511","20251124"
1376,2025-11-25,"202511","20251125"
1377,2025-11-26,"202511","20251126"
1378,2025-11-27,"202511","20251127"
1379,2025-11-28,"202511","20251128"
1380,2025-11-29,"202511","20251129"
1381,2025-11-30,"202511","20251130"
1382,2025-12-01,"202512","20251201"
1383,2025-12-02,"202512","20251202"
1384,2025-12-03,"202512","20251203"
1385,2025-12-04,"202512","20251204"
1386,2025-12-05,"202512","20251205"
1387,2025-12-06,"202512","20251206"
1388,2025-12-07,"202512","20251207"
1389,2025-12-08,"202512","20251208"
1390,2025-12-09,"202512","20251209"
1391,2025-12-10,"202512","20251210"
1392,2025-12-11,"202512","20251211"
1393,2025-12-12,"202512","20251212"
1394,2025-12-13,"202512","20251213"
1395,2025-12-14,"202512","20251214"
1396,2025-12-15,"202512","20251215"
1397,2025-12-16,"202512","20251216"
1398,2025-12-17,"202512","20251217"
1399,2025-12-18,"202512","20251218"
1400,2025-12-19,"202512","20251219"
1401,2025-12-20,"202512","20251220"
1402,2025-12-21,"202512","20251221"
1403,2025-12-22,"202512","20251222"
1404,2025-12-23,"202512","20251223"
1405,2025-12-24,"202512","20251224"
1406,2025-12-25,"202512","20251225"
1407,2025-12-26,"202512","20251226"
1408,2025-12-27,"202512","20251227"
1409,2025-12-28,"202512","20251228"
1410,2025-12-29,"202512","20251229"
1411,2025-12-30,"202512","20251230"
1412,2025-12-31,"202512","20251231"
1413,2026-01-01,"202601","20260101"
1414,2026-01-02,"202601","20260102"
1415,2026-01-03,"202601","20260103"
1416,2026-01-04,"202601","20260104"
1417,2026-01-05,"202601","20260105"
1418,2026-01-06,"202601","20260106"
1419,2026-01-07,"202601","20260107"
1420,2026-01-08,"202601","20260108"
1421,2026-01-09,"202601","20260109"
1422,2026-01-10,"202601","20260110"
1423,2026-01-11,"202601","20260111"
1424,2026-01-12,"202601","20260112"
1425,2026-01-13,"202601","20260113"
1426,2026-01-14,"202601","20260114"
1427,2026-01-15,"202601","20260115"
1428,2026-01-16,"202601","20260116"
1429,2026-01-17,"202601","20260117"
1430,2026-01-18,"202601","20260118"
1431,2026-01-19,"202601","20260119"
1432,2026-01-20,"202601","20260120"
1433,2026-01-21,"202601","20260121"
1434,2026-01-22,"202601","20260122"
1435,2026-01-23,"202601","20260123"
1436,2026-01-24,"202601","20260124"
1437,2026-01-25,"202601","20260125"
1438,2026-01-26,"202601","20260126"
1439,2026-01-27,"202601","20260127"
1440,2026-01-28,"202601","20260128"
1441,2026-01-29,"202601","20260129"
1442,2026-01-30,"202601","20260130"
1443,2026-01-31,"202601","20260131"
1444,2026-02-01,"202602","20260201"
1445,2026-02-02,"202602","20260202"
1446,2026-02-03,"202602","20260203"
1447,2026-02-04,"202602","20260204"
1448,2026-02-05,"202602","20260205"
1449,2026-02-06,"202602","20260206"
1450,2026-02-07,"202602","20260207"
1451,2026-02-08,"202602","20260208"
1452,2026-02-09,"202602","20260209"
1453,2026-02-10,"202602","20260210"
1454,2026-02-11,"202602","20260211"
1455,2026-02-12,"202602","20260212"
1456,2026-02-13,"202602","20260213"
1457,2026-02-14,"202602","20260214"
1458,2026-02-15,"202602","20260215"
1459,2026-02-16,"202602","20260216"
1460,2026-02-17,"202602","20260217"
1461,2026-02-18,"202602","20260218"
1462,2026-02-19,"202602","20260219"
1463,2026-02-20,"202602","20260220"
1464,2026-02-21,"202602","20260221"
1465,2026-02-22,"202602","20260222"
1466,2026-02-23,"202602","20260223"
1467,2026-02-24,"202602","20260224"
1468,2026-02-25,"202602","20260225"
1469,2026-02-26,"202602","20260226"
1470,2026-02-27,"202602","20260227"
1471,2026-02-28,"202602","20260228"
1472,2026-03-01,"202603","20260301"
1473,2026-03-02,"202603","20260302"
1474,2026-03-03,"202603","20260303"
1475,2026-03-04,"202603","20260304"
1476,2026-03-05,"202603","20260305"
1477,2026-03-06,"202603","20260306"
1478,2026-03-07,"202603","20260307"
1479,2026-03-08,"202603","20260308"
1480,2026-03-09,"202603","20260309"
1481,2026-03-10,"202603","20260310"
1482,2026-03-11,"202603","20260311"
1483,2026-03-12,"202603","20260312"
1484,2026-03-13,"202603","20260313"
1485,2026-03-14,"202603","20260314"
1486,2026-03-15,"202603","20260315"
1487,2026-03-16,"202603","20260316"
1488,2026-03-17,"202603","20260317"
1489,2026-03-18,"202603","20260318"
1490,2026-03-19,"202603","20260319"
1491,2026-03-20,"202603","20260320"
1492,2026-03-21,"202603","20260321"
1493,2026-03-22,"202603","20260322"
1494,2026-03-23,"202603","20260323"
1495,2026-03-24,"202603","20260324"
1496,2026-03-25,"202603","20260325"
1497,2026-03-26,"202603","20260326"
1498,2026-03-27,"202603","20260327"
1499,2026-03-28,"202603","20260328"
1500,2026-03-29,"202603","20260329"
1501,2026-03-30,"202603","20260330"
1502,2026-03-31,"202603","20260331"
1503,2026-04-01,"202604","20260401"
1504,2026-04-02,"202604","20260402"
1505,2026-04-03,"202604","20260403"
1506,2026-04-04,"202604","20260404"
1507,2026-04-05,"202604","20260405"
1508,2026-04-06,"202604","20260406"
1509,2026-04-07,"202604","20260407"
1510,2026-04-08,"202604","20260408"
1511,2026-04-09,"202604","20260409"
1512,2026-04-10,"202604","20260410"
1513,2026-04-11,"202604","20260411"
1514,2026-04-12,"202604","20260412"
1515,2026-04-13,"202604","20260413"
1516,2026-04-14,"202604","20260414"
1517,2026-04-15,"202604","20260415"
1518,2026-04-16,"202604","20260416"
1519,2026-04-17,"202604","20260417"
1520,2026-04-18,"202604","20260418"
1521,2026-04-19,"202604","20260419"
1522,2026-04-20,"202604","20260420"
1523,2026-04-21,"202604","20260421"
1524,2026-04-22,"202604","20260422"
1525,2026-04-23,"202604","20260423"
1526,2026-04-24,"202604","20260424"
1527,2026-04-25,"202604","20260425"
1528,2026-04-26,"202604","20260426"
1529,2026-04-27,"202604","20260427"
1530,2026-04-28,"202604","20260428"
1531,2026-04-29,"202604","20260429"
1532,2026-04-30,"202604","20260430"
1533,2026-05-01,"202605","20260501"
1534,2026-05-02,"202605","20260502"
1535,2026-05-03,"202605","20260503"
1536,2026-05-04,"202605","20260504"
1537,2026-05-05,"202605","20260505"
1538,2026-05-06,"202605","20260506"
1539,2026-05-07,"202605","20260507"
1540,2026-05-08,"202605","20260508"
1541,2026-05-09,"202605","20260509"
1542,2026-05-10,"202605","20260510"
1543,2026-05-11,"202605","20260511"
1544,2026-05-12,"202605","20260512"
1545,2026-05-13,"202605","20260513"
1546,2026-05-14,"202605","20260514"
1547,2026-05-15,"202605","20260515"
1548,2026-05-16,"202605","20260516"
1549,2026-05-17,"202605","20260517"
1550,2026-05-18,"202605","20260518"
1551,2026-05-19,"202605","20260519"
1552,2026-05-20,"202605","20260520"
1553,2026-05-21,"202605","20260521"
1554,2026-05-22,"202605","20260522"
1555,2026-05-23,"202605","20260523"
1556,2026-05-24,"202605","20260524"
1557,2026-05-25,"202605","20260525"
1558,2026-05-26,"202605","20260526"
1559,2026-05-27,"202605","20260527"
1560,2026-05-28,"202605","20260528"
1561,2026-05-29,"202605","20260529"
1562,2026-05-30,"202605","20260530"
1563,2026-05-31,"202605","20260531"
1564,2026-06-01,"202606","20260601"
1565,2026-06-02,"202606","20260602"
1566,2026-06-03,"202606","20260603"
1567,2026-06-04,"202606","20260604"
1568,2026-06-05,"202606","20260605"
1569,2026-06-06,"202606","20260606"
1570,2026-06-07,"202606","20260607"
1571,2026-06-08,"202606","20260608"
1572,2026-06-09,"202606","20260609"
1573,2026-06-10,"202606","20260610"
1574,2026-06-11,"202606","20260611"
1575,2026-06-12,"202606","20260612"
1576,2026-06-13,"202606","20260613"
1577,2026-06-14,"202606","20260614"
1578,2026-06-15,"202606","20260615"
1579,2026-06-16,"202606","20260616"
1580,2026-06-17,"202606","20260617"
1581,2026-06-18,"202606","20260618"
1582,2026-06-19,"202606","20260619"
1583,2026-06-20,"202606","20260620"
1584,2026-06-21,"202606","20260621"
1585,2026-06-22,"202606","20260622"
1586,2026-06-23,"202606","20260623"
1587,2026-06-24,"202606","20260624"
1588,2026-06-25,"202606","20260625"
1589,2026-06-26,"202606","20260626"
1590,2026-06-27,"202606","20260627"
1591,2026-06-28,"202606","20260628"
1592,2026-06-29,"202606","20260629"
1593,2026-06-30,"202606","20260630"
1594,2026-07-01,"202607","20260701"
1595,2026-07-02,"202607","20260702"
1596,2026-07-03,"202607","20260703"
1597,2026-07-04,"202607","20260704"
1598,2026-07-05,"202607","20260705"
1599,2026-07-06,"202607","20260706"
1600,2026-07-07,"202607","20260707"
1601,2026-07-08,"202607","20260708"
1602,2026-07-09,"202607","20260709"
1603,2026-07-10,"202607","20260710"
1604,2026-07-11,"202607","20260711"
1605,2026-07-12,"202607","20260712"
1606,2026-07-13,"202607","20260713"
1607,2026-07-14,"202607","20260714"
1608,2026-07-15,"202607","20260715"
1609,2026-07-16,"202607","20260716"
1610,2026-07-17,"202607","20260717"
1611,2026-07-18,"202607","20260718"
1612,2026-07-19,"202607","20260719"
1613,2026-07-20,"202607","20260720"
1614,2026-07-21,"202607","20260721"
1615,2026-07-22,"202607","20260722"
1616,2026-07-23,"202607","20260723"
1617,2026-07-24,"202607","20260724"
1618,2026-07-25,"202607","20260725"
1619,2026-07-26,"202607","20260726"
1620,2026-07-27,"202607","20260727"
1621,2026-07-28,"202607","20260728"
1622,2026-07-29,"202607","20260729"
1623,2026-07-30,"202607","20260730"
1624,2026-07-31,"202607","20260731"
1625,2026-08-01,"202608","20260801"
1626,2026-08-02,"202608","20260802"
1627,2026-08-03,"202608","20260803"
1628,2026-08-04,"202608","20260804"
1629,2026-08-05,"202608","20260805"
1630,2026-08-06,"202608","20260806"
1631,2026-08-07,"202608","20260807"
1632,2026-08-08,"202608","20260808"
1633,2026-08-09,"202608","20260809"
1634,2026-08-10,"202608","20260810"
1635,2026-08-11,"202608","20260811"
1636,2026-08-12,"202608","20260812"
1637,2026-08-13,"202608","20260813"
1638,2026-08-14,"202608","20260814"
1639,2026-08-15,"202608","20260815"
1640,2026-08-16,"202608","20260816"
1641,2026-08-17,"202608","20260817"
1642,2026-08-18,"202608","20260818"
1643,2026-08-19,"202608","20260819"
1644,2026-08-20,"202608","20260820"
1645,2026-08-21,"202608","20260821"
1646,2026-08-22,"202608","20260822"
1647,2026-08-23,"202608","20260823"
1648,2026-08-24,"202608","20260824"
1649,2026-08-25,"202608","20260825"
1650,2026-08-26,"202608","20260826"
1651,2026-08-27,"202608","20260827"
1652,2026-08-28,"202608","20260828"
1653,2026-08-29,"202608","20260829"
1654,2026-08-30,"202608","20260830"
1655,2026-08-31,"202608","20260831"
1656,2026-09-01,"202609","20260901"
1657,2026-09-02,"202609","20260902"
1658,2026-09-03,"202609","20260903"
1659,2026-09-04,"202609","20260904"
1660,2026-09-05,"202609","20260905"
1661,2026-09-06,"202609","20260906"
1662,2026-09-07,"202609","20260907"
1663,2026-09-08,"202609","20260908"
1664,2026-09-09,"202609","20260909"
1665,2026-09-10,"202609","20260910"
1666,2026-09-11,"202609","20260911"
1667,2026-09-12,"202609","20260912"
1668,2026-09-13,"202609","20260913"
1669,2026-09-14,"202609","20260914"
1670,2026-09-15,"202609","20260915"
1671,2026-09-16,"202609","20260916"
1672,2026-09-17,"202609","20260917"
1673,2026-09-18,"202609","20260918"
1674,2026-09-19,"202609","20260919"
1675,2026-09-20,"202609","20260920"
1676,2026-09-21,"202609","20260921"
1677,2026-09-22,"202609","20260922"
1678,2026-09-23,"202609","20260923"
1679,2026-09-24,"202609","20260924"
1680,2026-09-25,"202609","20260925"
1681,2026-09-26,"202609","20260926"
1682,2026-09-27,"202609","20260927"
1683,2026-09-28,"202609","20260928"
1684,2026-09-29,"202609","20260929"
1685,2026-09-30,"202609","20260930"
1686,2026-10-01,"202610","20261001"
1687,2026-10-02,"202610","20261002"
1688,2026-10-03,"202610","20261003"
1689,2026-10-04,"202610","20261004"
1690,2026-10-05,"202610","20261005"
1691,2026-10-06,"202610","20261006"
1692,2026-10-07,"202610","20261007"
1693,2026-10-08,"202610","20261008"
1694,2026-10-09,"202610","20261009"
1695,2026-10-10,"202610","20261010"
1696,2026-10-11,"202610","20261011"
1697,2026-10-12,"202610","20261012"
1698,2026-10-13,"202610","20261013"
1699,2026-10-14,"202610","20261014"
1700,2026-10-15,"202610","20261015"
1701,2026-10-16,"202610","20261016"
1702,2026-10-17,"202610","20261017"
1703,2026-10-18,"202610","20261018"
1704,2026-10-19,"202610","20261019"
1705,2026-10-20,"202610","20261020"
1706,2026-10-21,"202610","20261021"
1707,2026-10-22,"202610","20261022"
1708,2026-10-23,"202610","20261023"
1709,2026-10-24,"202610","20261024"
1710,2026-10-25,"202610","20261025"
1711,2026-10-26,"202610","20261026"
1712,2026-10-27,"202610","20261027"
1713,2026-10-28,"202610","20261028"
1714,2026-10-29,"202610","20261029"
1715,2026-10-30,"202610","20261030"
1716,2026-10-31,"202610","20261031"
1717,2026-11-01,"202611","20261101"
1718,2026-11-02,"202611","20261102"
1719,2026-11-03,"202611","20261103"
1720,2026-11-04,"202611","20261104"
1721,2026-11-05,"202611","20261105"
1722,2026-11-06,"202611","20261106"
1723,2026-11-07,"202611","20261107"
1724,2026-11-08,"202611","20261108"
1725,2026-11-09,"202611","20261109"
1726,2026-11-10,"202611","20261110"
1727,2026-11-11,"202611","20261111"
1728,2026-11-12,"202611","20261112"
1729,2026-11-13,"202611","20261113"
1730,2026-11-14,"202611","20261114"
1731,2026-11-15,"202611","20261115"
1732,2026-11-16,"202611","20261116"
1733,2026-11-17,"202611","20261117"
1734,2026-11-18,"202611","20261118"
1735,2026-11-19,"202611","20261119"
1736,2026-11-20,"202611","20261120"
1737,2026-11-21,"202611","20261121"
1738,2026-11-22,"202611","20261122"
1739,2026-11-23,"202611","20261123"
1740,2026-11-24,"202611","20261124"
1741,2026-11-25,"202611","20261125"
1742,2026-11-26,"202611","20261126"
1743,2026-11-27,"202611","20261127"
1744,2026-11-28,"202611","20261128"
1745,2026-11-29,"202611","20261129"
1746,2026-11-30,"202611","20261130"
1747,2026-12-01,"202612","20261201"
1748,2026-12-02,"202612","20261202"
1749,2026-12-03,"202612","20261203"
1750,2026-12-04,"202612","20261204"
1751,2026-12-05,"202612","20261205"
1752,2026-12-06,"202612","20261206"
1753,2026-12-07,"202612","20261207"
1754,2026-12-08,"202612","20261208"
1755,2026-12-09,"202612","20261209"
1756,2026-12-10,"202612","20261210"
1757,2026-12-11,"202612","20261211"
1758,2026-12-12,"202612","20261212"
1759,2026-12-13,"202612","20261213"
1760,2026-12-14,"202612","20261214"
1761,2026-12-15,"202612","20261215"
1762,2026-12-16,"202612","20261216"
1763,2026-12-17,"202612","20261217"
1764,2026-12-18,"202612","20261218"
1765,2026-12-19,"202612","20261219"
1766,2026-12-20,"202612","20261220"
1767,2026-12-21,"202612","20261221"
1768,2026-12-22,"202612","20261222"
1769,2026-12-23,"202612","20261223"
1770,2026-12-24,"202612","20261224"
1771,2026-12-25,"202612","20261225"
1772,2026-12-26,"202612","20261226"
1773,2026-12-27,"202612","20261227"
1774,2026-12-28,"202612","20261228"
1775,2026-12-29,"202612","20261229"
1776,2026-12-30,"202612","20261230"
1777,2026-12-31,"202612","20261231"
1778,2027-01-01,"202701","20270101"
1779,2027-01-02,"202701","20270102"
1780,2027-01-03,"202701","20270103"
1781,2027-01-04,"202701","20270104"
1782,2027-01-05,"202701","20270105"
1783,2027-01-06,"202701","20270106"
1784,2027-01-07,"202701","20270107"
1785,2027-01-08,"202701","20270108"
1786,2027-01-09,"202701","20270109"
1787,2027-01-10,"202701","20270110"
1788,2027-01-11,"202701","20270111"
1789,2027-01-12,"202701","20270112"
1790,2027-01-13,"202701","20270113"
1791,2027-01-14,"202701","20270114"
1792,2027-01-15,"202701","20270115"
1793,2027-01-16,"202701","20270116"
1794,2027-01-17,"202701","20270117"
1795,2027-01-18,"202701","20270118"
1796,2027-01-19,"202701","20270119"
1797,2027-01-20,"202701","20270120"
1798,2027-01-21,"202701","20270121"
1799,2027-01-22,"202701","20270122"
1800,2027-01-23,"202701","20270123"
1801,2027-01-24,"202701","20270124"
1802,2027-01-25,"202701","20270125"
1803,2027-01-26,"202701","20270126"
1804,2027-01-27,"202701","20270127"
1805,2027-01-28,"202701","20270128"
1806,2027-01-29,"202701","20270129"
1807,2027-01-30,"202701","20270130"
1808,2027-01-31,"202701","20270131"
1809,2027-02-01,"202702","20270201"
1810,2027-02-02,"202702","20270202"
1811,2027-02-03,"202702","20270203"
1812,2027-02-04,"202702","20270204"
1813,2027-02-05,"202702","20270205"
1814,2027-02-06,"202702","20270206"
1815,2027-02-07,"202702","20270207"
1816,2027-02-08,"202702","20270208"
1817,2027-02-09,"202702","20270209"
1818,2027-02-10,"202702","20270210"
1819,2027-02-11,"202702","20270211"
1820,2027-02-12,"202702","20270212"
1821,2027-02-13,"202702","20270213"
1822,2027-02-14,"202702","20270214"
1823,2027-02-15,"202702","20270215"
1824,2027-02-16,"202702","20270216"
1825,2027-02-17,"202702","20270217"
1826,2027-02-18,"202702","20270218"
1827,2027-02-19,"202702","20270219"
1828,2027-02-20,"202702","20270220"
1829,2027-02-21,"202702","20270221"
1830,2027-02-22,"202702","20270222"
1831,2027-02-23,"202702","20270223"
1832,2027-02-24,"202702","20270224"
1833,2027-02-25,"202702","20270225"
1834,2027-02-26,"202702","20270226"
1835,2027-02-27,"202702","20270227"
1836,2027-02-28,"202702","20270228"
1837,2027-03-01,"202703","20270301"
1838,2027-03-02,"202703","20270302"
1839,2027-03-03,"202703","20270303"
1840,2027-03-04,"202703","20270304"
1841,2027-03-05,"202703","20270305"
1842,2027-03-06,"202703","20270306"
1843,2027-03-07,"202703","20270307"
1844,2027-03-08,"202703","20270308"
1845,2027-03-09,"202703","20270309"
1846,2027-03-10,"202703","20270310"
1847,2027-03-11,"202703","20270311"
1848,2027-03-12,"202703","20270312"
1849,2027-03-13,"202703","20270313"
1850,2027-03-14,"202703","20270314"
1851,2027-03-15,"202703","20270315"
1852,2027-03-16,"202703","20270316"
1853,2027-03-17,"202703","20270317"
1854,2027-03-18,"202703","20270318"
1855,2027-03-19,"202703","20270319"
1856,2027-03-20,"202703","20270320"
1857,2027-03-21,"202703","20270321"
1858,2027-03-22,"202703","20270322"
1859,2027-03-23,"202703","20270323"
1860,2027-03-24,"202703","20270324"
1861,2027-03-25,"202703","20270325"
1862,2027-03-26,"202703","20270326"
1863,2027-03-27,"202703","20270327"
1864,2027-03-28,"202703","20270328"
1865,2027-03-29,"202703","20270329"
1866,2027-03-30,"202703","20270330"
1867,2027-03-31,"202703","20270331"
1868,2027-04-01,"202704","20270401"
1869,2027-04-02,"202704","20270402"
1870,2027-04-03,"202704","20270403"
1871,2027-04-04,"202704","20270404"
1872,2027-04-05,"202704","20270405"
1873,2027-04-06,"202704","20270406"
1874,2027-04-07,"202704","20270407"
1875,2027-04-08,"202704","20270408"
1876,2027-04-09,"202704","20270409"
1877,2027-04-10,"202704","20270410"
1878,2027-04-11,"202704","20270411"
1879,2027-04-12,"202704","20270412"
1880,2027-04-13,"202704","20270413"
1881,2027-04-14,"202704","20270414"
1882,2027-04-15,"202704","20270415"
1883,2027-04-16,"202704","20270416"
1884,2027-04-17,"202704","20270417"
1885,2027-04-18,"202704","20270418"
1886,2027-04-19,"202704","20270419"
1887,2027-04-20,"202704","20270420"
1888,2027-04-21,"202704","20270421"
1889,2027-04-22,"202704","20270422"
1890,2027-04-23,"202704","20270423"
1891,2027-04-24,"202704","20270424"
1892,2027-04-25,"202704","20270425"
1893,2027-04-26,"202704","20270426"
1894,2027-04-27,"202704","20270427"
1895,2027-04-28,"202704","20270428"
1896,2027-04-29,"202704","20270429"
1897,2027-04-30,"202704","20270430"
1898,2027-05-01,"202705","20270501"
1899,2027-05-02,"202705","20270502"
1900,2027-05-03,"202705","20270503"
1901,2027-05-04,"202705","20270504"
1902,2027-05-05,"202705","20270505"
1903,2027-05-06,"202705","20270506"
1904,2027-05-07,"202705","20270507"
1905,2027-05-08,"202705","20270508"
1906,2027-05-09,"202705","20270509"
1907,2027-05-10,"202705","20270510"
1908,2027-05-11,"202705","20270511"
1909,2027-05-12,"202705","20270512"
1910,2027-05-13,"202705","20270513"
1911,2027-05-14,"202705","20270514"
1912,2027-05-15,"202705","20270515"
1913,2027-05-16,"202705","20270516"
1914,2027-05-17,"202705","20270517"
1915,2027-05-18,"202705","20270518"
1916,2027-05-19,"202705","20270519"
1917,2027-05-20,"202705","20270520"
1918,2027-05-21,"202705","20270521"
1919,2027-05-22,"202705","20270522"
1920,2027-05-23,"202705","20270523"
1921,2027-05-24,"202705","20270524"
1922,2027-05-25,"202705","20270525"
1923,2027-05-26,"202705","20270526"
1924,2027-05-27,"202705","20270527"
1925,2027-05-28,"202705","20270528"
1926,2027-05-29,"202705","20270529"
1927,2027-05-30,"202705","20270530"
1928,2027-05-31,"202705","20270531"
1929,2027-06-01,"202706","20270601"
1930,2027-06-02,"202706","20270602"
1931,2027-06-03,"202706","20270603"
1932,2027-06-04,"202706","20270604"
1933,2027-06-05,"202706","20270605"
1934,2027-06-06,"202706","20270606"
1935,2027-06-07,"202706","20270607"
1936,2027-06-08,"202706","20270608"
1937,2027-06-09,"202706","20270609"
1938,2027-06-10,"202706","20270610"
1939,2027-06-11,"202706","20270611"
1940,2027-06-12,"202706","20270612"
1941,2027-06-13,"202706","20270613"
1942,2027-06-14,"202706","20270614"
1943,2027-06-15,"202706","20270615"
1944,2027-06-16,"202706","20270616"
1945,2027-06-17,"202706","20270617"
1946,2027-06-18,"202706","20270618"
1947,2027-06-19,"202706","20270619"
1948,2027-06-20,"202706","20270620"
1949,2027-06-21,"202706","20270621"
1950,2027-06-22,"202706","20270622"
1951,2027-06-23,"202706","20270623"
1952,2027-06-24,"202706","20270624"
1953,2027-06-25,"202706","20270625"
1954,2027-06-26,"202706","20270626"
1955,2027-06-27,"202706","20270627"
1956,2027-06-28,"202706","20270628"
1957,2027-06-29,"202706","20270629"
1958,2027-06-30,"202706","20270630"
1959,2027-07-01,"202707","20270701"
1960,2027-07-02,"202707","20270702"
1961,2027-07-03,"202707","20270703"
1962,2027-07-04,"202707","20270704"
1963,2027-07-05,"202707","20270705"
1964,2027-07-06,"202707","20270706"
1965,2027-07-07,"202707","20270707"
1966,2027-07-08,"202707","20270708"
1967,2027-07-09,"202707","20270709"
1968,2027-07-10,"202707","20270710"
1969,2027-07-11,"202707","20270711"
1970,2027-07-12,"202707","20270712"
1971,2027-07-13,"202707","20270713"
1972,2027-07-14,"202707","20270714"
1973,2027-07-15,"202707","20270715"
1974,2027-07-16,"202707","20270716"
1975,2027-07-17,"202707","20270717"
1976,2027-07-18,"202707","20270718"
1977,2027-07-19,"202707","20270719"
1978,2027-07-20,"202707","20270720"
1979,2027-07-21,"202707","20270721"
1980,2027-07-22,"202707","20270722"
1981,2027-07-23,"202707","20270723"
1982,2027-07-24,"202707","20270724"
1983,2027-07-25,"202707","20270725"
1984,2027-07-26,"202707","20270726"
1985,2027-07-27,"202707","20270727"
1986,2027-07-28,"202707","20270728"
1987,2027-07-29,"202707","20270729"
1988,2027-07-30,"202707","20270730"
1989,2027-07-31,"202707","20270731"
1990,2027-08-01,"202708","20270801"
1991,2027-08-02,"202708","20270802"
1992,2027-08-03,"202708","20270803"
1993,2027-08-04,"202708","20270804"
1994,2027-08-05,"202708","20270805"
1995,2027-08-06,"202708","20270806"
1996,2027-08-07,"202708","20270807"
1997,2027-08-08,"202708","20270808"
1998,2027-08-09,"202708","20270809"
1999,2027-08-10,"202708","20270810"
2000,2027-08-11,"202708","20270811"
